#,label,environment,wifi_band,number_of_users,user_1_location,user_2_location,user_3_location,user_4_location,user_5_location,user_6_location,user_1_activity,user_2_activity,user_3_activity,user_4_activity,user_5_activity,user_6_activity
11042,act_204_53,meeting_room,5.0,0,,,,,,,,,,,,
5903,act_60_62,meeting_room,5.0,1,,,,,,b,,,,,,sit_down
7364,act_75_38,empty_room,2.4,1,,,b,,,,,,jump,,,
9433,act_96_28,empty_room,5.0,1,,,,,,d,,,,,,nothing
10517,act_107_23,empty_room,5.0,5,,d,e,a,b,c,,lie_down,pick_up,sit_down,stand_up,wave
5279,act_54_32,meeting_room,2.4,5,d,,a,b,c,e,wave,,pick_up,sit_down,stand_up,lie_down
10743,act_201_51,classroom,2.4,0,,,,,,,,,,,,
4274,act_44_17,meeting_room,2.4,2,,,d,e,,,,,nothing,walk,,
5462,act_56_17,meeting_room,5.0,1,,c,,,,,,stand_up,,,,
2517,act_26_42,classroom,5.0,2,,,b,c,,,,,sit_down,stand_up,,
5107,act_52_58,meeting_room,2.4,5,b,c,d,e,a,,jump,jump,wave,wave,lie_down,
3871,act_40_10,meeting_room,2.4,1,,,,e,,,,,,jump,,
11245,act_206_58,empty_room,5.0,0,,,,,,,,,,,,
11163,act_205_75,empty_room,2.4,0,,,,,,,,,,,,
11217,act_206_30,empty_room,5.0,0,,,,,,,,,,,,
534,act_6_39,classroom,2.4,1,,,,,,e,,,,,,rotation
322,act_4_25,classroom,2.4,1,,,,a,,,,,,nothing,,
4871,act_50_20,meeting_room,2.4,4,,d,,a,b,c,,rotation,,wave,lie_down,walk
10284,act_104_87,empty_room,5.0,4,,a,,c,d,e,,lie_down,,lie_down,pick_up,lie_down
11126,act_205_38,empty_room,2.4,0,,,,,,,,,,,,
8139,act_83_21,empty_room,2.4,3,,d,,a,,c,,jump,,lie_down,,rotation
108,act_2_9,classroom,2.4,1,,b,,,,,,nothing,,,,
10491,act_106_96,empty_room,5.0,5,a,b,c,d,e,,lie_down,lie_down,lie_down,lie_down,lie_down,
9773,act_99_71,empty_room,5.0,2,,,,,b,c,,,,,stand_up,sit_down
6903,act_70_72,meeting_room,5.0,5,c,d,e,a,b,,stand_up,stand_up,stand_up,nothing,nothing,
2587,act_27_13,classroom,5.0,2,,,,,a,b,,,,,sit_down,jump
968,act_10_77,classroom,2.4,3,d,e,a,,,,wave,wave,wave,,,
6819,act_69_87,meeting_room,5.0,4,e,,b,,d,a,lie_down,,lie_down,,pick_up,lie_down
4635,act_47_81,meeting_room,2.4,3,,e,,b,,d,,stand_up,,nothing,,stand_up
4618,act_47_64,meeting_room,2.4,3,,d,,a,,c,,nothing,,walk,,nothing
3027,act_31_57,classroom,5.0,4,b,c,d,e,,,rotation,rotation,jump,jump,,
1517,act_16_32,classroom,2.4,5,d,e,a,b,c,,wave,lie_down,pick_up,sit_down,stand_up,
857,act_9_65,classroom,2.4,2,,,,,b,c,,,,,rotation,walk
2933,act_30_62,classroom,5.0,3,b,,,,a,c,sit_down,,,,nothing,sit_down
8814,act_90_3,empty_room,2.4,5,a,,c,d,e,b,rotation,,wave,lie_down,pick_up,jump
4975,act_51_25,meeting_room,2.4,4,c,,e,,b,d,pick_up,,stand_up,,walk,sit_down
1603,act_17_19,classroom,2.4,5,,d,e,a,b,c,,walk,rotation,jump,wave,nothing
7638,act_78_15,empty_room,2.4,1,,,,,,b,,,,,,lie_down
6408,act_65_72,meeting_room,5.0,3,,d,,a,,c,,stand_up,,nothing,,stand_up
7796,act_79_74,empty_room,2.4,2,d,e,,,,,walk,walk,,,,
7887,act_80_66,empty_room,2.4,2,,,e,a,,,,,rotation,jump,,
3435,act_35_69,classroom,5.0,5,,d,e,a,b,c,,lie_down,lie_down,pick_up,pick_up,lie_down
3861,act_39_99,meeting_room,2.4,1,,,c,,,,,,stand_up,,,
9817,act_100_16,empty_room,5.0,3,b,c,d,,,,pick_up,sit_down,stand_up,,,
9142,act_93_34,empty_room,5.0,1,,,a,,,,,,stand_up,,,
8603,act_87_89,empty_room,2.4,4,e,,b,,d,a,sit_down,,sit_down,,stand_up,sit_down
1684,act_18_1,classroom,2.4,5,a,,c,d,e,b,nothing,,rotation,jump,wave,walk
10086,act_102_87,empty_room,5.0,3,e,,,,d,a,lie_down,,,,pick_up,lie_down
3134,act_32_65,classroom,5.0,4,,d,,a,b,c,,walk,,rotation,rotation,walk
6078,act_62_39,meeting_room,5.0,2,,,b,c,,,,,wave,lie_down,,
2233,act_23_55,classroom,5.0,1,,,,,a,,,,,,rotation,
2408,act_25_32,classroom,5.0,2,d,e,,,,,wave,lie_down,,,,
8934,act_91_24,empty_room,5.0,1,c,,,,,,lie_down,,,,,
8879,act_90_68,empty_room,2.4,5,c,,e,a,b,d,wave,,wave,lie_down,lie_down,wave
10159,act_103_61,empty_room,5.0,4,b,c,d,e,,,pick_up,pick_up,sit_down,sit_down,,
2037,act_21_57,classroom,5.0,1,,,d,,,,,,jump,,,
5813,act_59_71,meeting_room,5.0,1,,,,,b,,,,,,stand_up,
6271,act_64_34,meeting_room,5.0,3,d,e,a,,,,pick_up,sit_down,stand_up,,,
1951,act_20_70,classroom,5.0,1,,d,,,,,,pick_up,,,,
9750,act_99_48,empty_room,5.0,2,,,,,e,a,,,,,wave,rotation
5174,act_53_26,meeting_room,2.4,5,,d,e,a,b,c,,stand_up,nothing,walk,rotation,sit_down
4675,act_48_22,meeting_room,2.4,3,c,,,,b,d,jump,,,,sit_down,wave
5791,act_59_49,meeting_room,5.0,1,,,,,e,,,,,,lie_down,
6395,act_65_59,meeting_room,5.0,3,,c,,e,,b,,wave,,lie_down,,wave
347,act_4_50,classroom,2.4,1,,,,d,,,,,,lie_down,,
4476,act_46_21,meeting_room,2.4,3,c,d,e,,,,rotation,jump,wave,,,
6863,act_70_32,meeting_room,5.0,5,d,e,a,b,c,,wave,lie_down,pick_up,sit_down,stand_up,
10591,act_107_97,empty_room,5.0,5,,b,c,d,e,a,,pick_up,pick_up,pick_up,pick_up,pick_up
6467,act_66_32,meeting_room,5.0,3,d,,,,c,e,wave,,,,stand_up,lie_down
7357,act_75_31,empty_room,2.4,1,,,a,,,,,,lie_down,,,
7979,act_81_59,empty_room,2.4,2,,,,,a,b,,,,,pick_up,wave
2313,act_24_36,classroom,5.0,1,,,,,,d,,,,,,stand_up
6445,act_66_10,meeting_room,5.0,3,b,,,,a,c,nothing,,,,wave,walk
4554,act_46_99,meeting_room,2.4,3,a,b,c,,,,stand_up,stand_up,stand_up,,,
102,act_2_3,classroom,2.4,1,,b,,,,,,jump,,,,
8976,act_91_66,empty_room,5.0,1,c,,,,,,rotation,,,,,
4002,act_41_42,meeting_room,2.4,1,,,,,d,,,,,,nothing,
7365,act_75_39,empty_room,2.4,1,,,b,,,,,,wave,,,
10453,act_106_58,empty_room,5.0,5,b,c,d,e,a,,jump,jump,wave,wave,lie_down,
9652,act_98_49,empty_room,5.0,2,,,c,d,,,,,wave,wave,,
5951,act_61_11,meeting_room,5.0,2,b,c,,,,,walk,rotation,,,,
2948,act_30_77,classroom,5.0,3,d,,,,c,e,wave,,,,lie_down,wave
6828,act_69_96,meeting_room,5.0,4,a,,c,,e,b,lie_down,,lie_down,,lie_down,lie_down
4983,act_51_33,meeting_room,2.4,4,d,,a,,c,e,lie_down,,sit_down,,nothing,pick_up
3886,act_40_25,meeting_room,2.4,1,,,,a,,,,,,nothing,,
2679,act_28_6,classroom,5.0,3,a,b,c,,,,lie_down,pick_up,sit_down,,,
6910,act_70_79,meeting_room,5.0,5,d,e,a,b,c,,pick_up,pick_up,pick_up,sit_down,sit_down,
7208,act_73_80,empty_room,2.4,1,d,,,,,,sit_down,,,,,
9540,act_97_36,empty_room,5.0,2,d,e,,,,,stand_up,nothing,,,,
5732,act_58_89,meeting_room,5.0,1,,,,c,,,,,,sit_down,,
3132,act_32_63,classroom,5.0,4,,c,,e,a,b,,stand_up,,nothing,walk,stand_up
9680,act_98_77,empty_room,5.0,2,,,a,b,,,,,wave,lie_down,,
1689,act_18_6,classroom,2.4,5,a,,c,d,e,b,lie_down,,sit_down,stand_up,nothing,pick_up
9719,act_99_17,empty_room,5.0,2,,,,,a,b,,,,,rotation,sit_down
1897,act_20_16,classroom,5.0,1,,c,,,,,,sit_down,,,,
2586,act_27_12,classroom,5.0,2,,,,,a,b,,,,,pick_up,rotation
4891,act_50_40,meeting_room,2.4,4,,a,,c,d,e,,wave,,pick_up,sit_down,jump
1579,act_16_94,classroom,2.4,5,a,b,c,d,e,,jump,jump,jump,jump,jump,
2692,act_28_19,classroom,5.0,3,c,d,e,,,,nothing,walk,rotation,,,
10238,act_104_41,empty_room,5.0,4,,a,,c,d,e,,lie_down,,sit_down,stand_up,wave
1672,act_17_88,classroom,2.4,5,,a,b,c,d,e,,pick_up,pick_up,pick_up,sit_down,pick_up
1122,act_12_33,classroom,2.4,3,d,,,,c,e,lie_down,,,,nothing,pick_up
1502,act_16_17,classroom,2.4,5,b,c,d,e,a,,sit_down,stand_up,nothing,walk,rotation,
10335,act_105_39,empty_room,5.0,4,e,,b,,d,a,rotation,,wave,,pick_up,jump
2974,act_31_4,classroom,5.0,4,a,b,c,d,,,jump,wave,lie_down,pick_up,,
6373,act_65_37,meeting_room,5.0,3,,a,,c,,e,,walk,,jump,,nothing
2981,act_31_11,classroom,5.0,4,b,c,d,e,,,walk,rotation,jump,wave,,
3686,act_38_23,meeting_room,2.4,1,,d,,,,,,lie_down,,,,
4318,act_44_61,meeting_room,2.4,2,,,d,e,,,,,sit_down,sit_down,,
3265,act_33_97,classroom,5.0,4,a,,c,,e,b,pick_up,,pick_up,,pick_up,pick_up
10176,act_103_78,empty_room,5.0,4,d,e,a,b,,,lie_down,lie_down,lie_down,pick_up,,
10566,act_107_72,empty_room,5.0,5,,d,e,a,b,c,,stand_up,stand_up,nothing,nothing,stand_up
5595,act_57_51,meeting_room,5.0,1,,,c,,,,,,pick_up,,,
7701,act_78_78,empty_room,2.4,1,,,,,,d,,,,,,lie_down
5712,act_58_69,meeting_room,5.0,1,,,,a,,,,,,pick_up,,
4575,act_47_21,meeting_room,2.4,3,,d,,a,,c,,jump,,lie_down,,rotation
11082,act_204_93,meeting_room,5.0,0,,,,,,,,,,,,
3680,act_38_17,meeting_room,2.4,1,,c,,,,,,stand_up,,,,
8845,act_90_34,empty_room,2.4,5,d,,a,b,c,e,pick_up,,stand_up,nothing,walk,sit_down
1062,act_11_72,classroom,2.4,3,,d,,a,,c,,stand_up,,nothing,,stand_up
3523,act_36_58,classroom,5.0,5,b,,d,e,a,c,jump,,wave,wave,lie_down,jump
5584,act_57_40,meeting_room,5.0,1,,,b,,,,,,lie_down,,,
6339,act_65_3,meeting_room,5.0,3,,b,,d,,a,,jump,,lie_down,,rotation
9939,act_101_39,empty_room,5.0,3,,a,,c,,e,,jump,,lie_down,,rotation
1510,act_16_25,classroom,2.4,5,c,d,e,a,b,,pick_up,sit_down,stand_up,nothing,walk,
961,act_10_70,classroom,2.4,3,c,d,e,,,,pick_up,pick_up,pick_up,,,
9337,act_95_31,empty_room,5.0,1,,,,,c,,,,,,sit_down,
2246,act_23_68,classroom,5.0,1,,,,,b,,,,,,lie_down,
759,act_8_66,classroom,2.4,2,,,e,a,,,,,rotation,jump,,
7921,act_81_1,empty_room,2.4,2,,,,,e,a,,,,,wave,nothing
8680,act_88_67,empty_room,2.4,5,c,d,e,a,b,,jump,jump,jump,wave,wave,
11143,act_205_55,empty_room,2.4,0,,,,,,,,,,,,
3054,act_31_84,classroom,5.0,4,e,a,b,c,,,rotation,rotation,rotation,rotation,,
6856,act_70_25,meeting_room,5.0,5,c,d,e,a,b,,pick_up,sit_down,stand_up,nothing,walk,
2212,act_23_34,classroom,5.0,1,,,,,c,,,,,,walk,
9579,act_97_75,empty_room,5.0,2,d,e,,,,,rotation,rotation,,,,
7581,act_77_57,empty_room,2.4,1,,,,,a,,,,,,wave,
4640,act_47_86,meeting_room,2.4,3,,a,,c,,e,,wave,,wave,,wave
10476,act_106_81,empty_room,5.0,5,d,e,a,b,c,,stand_up,stand_up,stand_up,nothing,nothing,
9782,act_99_80,empty_room,5.0,2,,,,,c,d,,,,,stand_up,sit_down
4033,act_41_73,meeting_room,2.4,1,,,,,c,,,,,,walk,
380,act_4_83,classroom,2.4,1,,,,c,,,,,,walk,,
1214,act_13_26,classroom,2.4,4,c,d,e,a,,,sit_down,stand_up,nothing,walk,,
9294,act_94_87,empty_room,5.0,1,,,,c,,,,,,lie_down,,
10687,act_108_94,empty_room,5.0,5,a,,c,d,e,b,jump,,jump,jump,jump,jump
5837,act_59_95,meeting_room,5.0,1,,,,,e,,,,,,wave,
10845,act_202_54,classroom,5.0,0,,,,,,,,,,,,
8105,act_82_86,empty_room,2.4,3,e,a,b,,,,wave,wave,wave,,,
219,act_3_21,classroom,2.4,1,,,e,,,,,,wave,,,
5170,act_53_22,meeting_room,2.4,5,,d,e,a,b,c,,wave,lie_down,pick_up,sit_down,jump
7045,act_72_16,meeting_room,5.0,5,b,,d,e,a,c,pick_up,,stand_up,nothing,walk,sit_down
1158,act_12_69,classroom,2.4,3,c,,,,b,d,lie_down,,,,pick_up,lie_down
1567,act_16_82,classroom,2.4,5,e,a,b,c,d,,nothing,nothing,nothing,nothing,walk,
2184,act_23_6,classroom,5.0,1,,,,,e,,,,,,nothing,
7406,act_75_80,empty_room,2.4,1,,,a,,,,,,sit_down,,,
399,act_5_3,classroom,2.4,1,,,,,e,,,,,,pick_up,
7320,act_74_93,empty_room,2.4,1,,b,,,,,,rotation,,,,
4096,act_42_37,meeting_room,2.4,1,,,,,,e,,,,,,nothing
3496,act_36_31,classroom,5.0,5,d,,a,b,c,e,jump,,lie_down,pick_up,sit_down,wave
3539,act_36_74,classroom,5.0,5,d,,a,b,c,e,walk,,walk,rotation,rotation,walk
305,act_4_8,classroom,2.4,1,,,,d,,,,,,walk,,
10577,act_107_83,empty_room,5.0,5,,a,b,c,d,e,,walk,walk,walk,rotation,walk
933,act_10_42,classroom,2.4,3,e,a,b,,,,lie_down,pick_up,sit_down,,,
7632,act_78_9,empty_room,2.4,1,,,,,,a,,,,,,stand_up
9307,act_95_1,empty_room,5.0,1,,,,,e,,,,,,wave,
6780,act_69_48,meeting_room,5.0,4,a,,c,,e,b,rotation,,jump,,wave,rotation
5664,act_58_21,meeting_room,5.0,1,,,,a,,,,,,lie_down,,
6439,act_66_4,meeting_room,5.0,3,a,,,,e,b,jump,,,,sit_down,wave
3017,act_31_47,classroom,5.0,4,a,b,c,d,,,walk,walk,rotation,rotation,,
1731,act_18_48,classroom,2.4,5,a,,c,d,e,b,rotation,,jump,jump,wave,rotation
625,act_7_31,classroom,2.4,2,d,e,,,,,jump,wave,,,,
8948,act_91_38,empty_room,5.0,1,e,,,,,,walk,,,,,
11130,act_205_42,empty_room,2.4,0,,,,,,,,,,,,
7982,act_81_62,empty_room,2.4,2,,,,,a,b,,,,,nothing,sit_down
10350,act_105_54,empty_room,5.0,4,a,,c,,e,b,stand_up,,nothing,,walk,stand_up
1618,act_17_34,classroom,2.4,5,,e,a,b,c,d,,sit_down,stand_up,nothing,walk,pick_up
4272,act_44_15,meeting_room,2.4,2,,,d,e,,,,,sit_down,stand_up,,
6077,act_62_38,meeting_room,5.0,2,,,b,c,,,,,jump,wave,,
3425,act_35_59,classroom,5.0,5,,c,d,e,a,b,,wave,lie_down,lie_down,pick_up,wave
4113,act_42_54,meeting_room,2.4,1,,,,,,a,,,,,,stand_up
5822,act_59_80,meeting_room,5.0,1,,,,,c,,,,,,stand_up,
3887,act_40_26,meeting_room,2.4,1,,,,a,,,,,,walk,,
5341,act_54_94,meeting_room,2.4,5,a,,c,d,e,b,jump,,jump,jump,jump,jump
7101,act_72_72,meeting_room,5.0,5,c,,e,a,b,d,stand_up,,stand_up,nothing,nothing,stand_up
669,act_7_75,classroom,2.4,2,d,e,,,,,rotation,rotation,,,,
9963,act_101_63,empty_room,5.0,3,,c,,e,,b,,stand_up,,nothing,,stand_up
9515,act_97_11,empty_room,5.0,2,b,c,,,,,walk,rotation,,,,
8002,act_81_82,empty_room,2.4,2,,,,,d,e,,,,,walk,nothing
5961,act_61_21,meeting_room,5.0,2,c,d,,,,,rotation,jump,,,,
3972,act_41_12,meeting_room,2.4,1,,,,,a,,,,,,pick_up,
8138,act_83_20,empty_room,2.4,3,,d,,a,,c,,rotation,,wave,,walk
4598,act_47_44,meeting_room,2.4,3,,a,,c,,e,,stand_up,,walk,,sit_down
9954,act_101_54,empty_room,5.0,3,,b,,d,,a,,stand_up,,nothing,,stand_up
7794,act_79_72,empty_room,2.4,2,c,d,,,,,stand_up,stand_up,,,,
11156,act_205_68,empty_room,2.4,0,,,,,,,,,,,,
11243,act_206_56,empty_room,5.0,0,,,,,,,,,,,,
2985,act_31_15,classroom,5.0,4,b,c,d,e,,,lie_down,pick_up,sit_down,stand_up,,
6511,act_66_76,meeting_room,5.0,3,d,,,,c,e,jump,,,,wave,jump
7290,act_74_63,empty_room,2.4,1,,c,,,,,,stand_up,,,,
9633,act_98_30,empty_room,5.0,2,,,a,b,,,,,wave,lie_down,,
1286,act_13_98,classroom,2.4,4,a,b,c,d,,,sit_down,sit_down,sit_down,sit_down,,
10803,act_202_12,classroom,5.0,0,,,,,,,,,,,,
1480,act_15_94,classroom,2.4,4,a,,c,,e,b,jump,,jump,,jump,jump
9481,act_96_76,empty_room,5.0,1,,,,,,d,,,,,,jump
3126,act_32_57,classroom,5.0,4,,c,,e,a,b,,rotation,,jump,wave,rotation
1458,act_15_72,classroom,2.4,4,c,,e,,b,d,stand_up,,stand_up,,nothing,stand_up
7147,act_73_19,empty_room,2.4,1,c,,,,,,nothing,,,,,
3747,act_38_84,meeting_room,2.4,1,,a,,,,,,rotation,,,,
11286,act_206_99,empty_room,5.0,0,,,,,,,,,,,,
5604,act_57_60,meeting_room,5.0,1,,,d,,,,,,pick_up,,,
34,act_1_34,classroom,2.4,1,d,,,,,,pick_up,,,,,
8747,act_89_35,empty_room,2.4,5,,e,a,b,c,d,,stand_up,nothing,walk,rotation,sit_down
10774,act_201_82,classroom,2.4,0,,,,,,,,,,,,
4227,act_43_69,meeting_room,2.4,2,c,d,,,,,lie_down,lie_down,,,,
5187,act_53_39,meeting_room,2.4,5,,a,b,c,d,e,,jump,wave,lie_down,pick_up,rotation
120,act_2_21,classroom,2.4,1,,d,,,,,,jump,,,,
10988,act_203_98,meeting_room,2.4,0,,,,,,,,,,,,
462,act_5_66,classroom,2.4,1,,,,,b,,,,,,jump,
6679,act_68_46,meeting_room,5.0,4,,b,,d,e,a,,nothing,,walk,rotation,nothing
3353,act_34_86,classroom,5.0,5,e,a,b,c,d,,wave,wave,wave,wave,lie_down,
1651,act_17_67,classroom,2.4,5,,d,e,a,b,c,,jump,jump,wave,wave,jump
6801,act_69_69,meeting_room,5.0,4,c,,e,,b,d,lie_down,,lie_down,,pick_up,lie_down
8913,act_91_3,empty_room,5.0,1,a,,,,,,rotation,,,,,
7268,act_74_41,empty_room,2.4,1,,a,,,,,,lie_down,,,,
1524,act_16_39,classroom,2.4,5,e,a,b,c,d,,rotation,jump,wave,lie_down,pick_up,
8792,act_89_80,empty_room,2.4,5,,e,a,b,c,d,,sit_down,sit_down,stand_up,stand_up,sit_down
10564,act_107_70,empty_room,5.0,5,,d,e,a,b,c,,pick_up,pick_up,sit_down,sit_down,pick_up
8722,act_89_10,empty_room,2.4,5,,c,d,e,a,b,,walk,rotation,jump,wave,nothing
11021,act_204_32,meeting_room,5.0,0,,,,,,,,,,,,
3890,act_40_29,meeting_room,2.4,1,,,,b,,,,,,wave,,
10665,act_108_72,empty_room,5.0,5,c,,e,a,b,d,stand_up,,stand_up,nothing,nothing,stand_up
4216,act_43_58,meeting_room,2.4,2,b,c,,,,,jump,jump,,,,
5505,act_56_60,meeting_room,5.0,1,,c,,,,,,lie_down,,,,
252,act_3_54,classroom,2.4,1,,,c,,,,,,nothing,,,
9683,act_98_80,empty_room,5.0,2,,,a,b,,,,,sit_down,stand_up,,
9144,act_93_36,empty_room,5.0,1,,,a,,,,,,walk,,,
6671,act_68_38,meeting_room,5.0,4,,a,,c,d,e,,rotation,,wave,lie_down,walk
3266,act_33_98,classroom,5.0,4,a,,c,,e,b,sit_down,,sit_down,,sit_down,sit_down
2010,act_21_30,classroom,5.0,1,,,a,,,,,,wave,,,
8669,act_88_56,empty_room,2.4,5,b,c,d,e,a,,walk,walk,rotation,rotation,jump,
4973,act_51_23,meeting_room,2.4,4,c,,e,,b,d,wave,,pick_up,,stand_up,lie_down
1759,act_18_76,classroom,2.4,5,d,,a,b,c,e,jump,,jump,wave,wave,jump
7444,act_76_19,empty_room,2.4,1,,,,a,,,,,,jump,,
1792,act_19_10,classroom,5.0,1,b,,,,,,nothing,,,,,
11250,act_206_63,empty_room,5.0,0,,,,,,,,,,,,
4056,act_41_96,meeting_room,2.4,1,,,,,e,,,,,,lie_down,
150,act_2_51,classroom,2.4,1,,b,,,,,,lie_down,,,,
563,act_6_68,classroom,2.4,1,,,,,,c,,,,,,wave
1892,act_20_11,classroom,5.0,1,,c,,,,,,rotation,,,,
8954,act_91_44,empty_room,5.0,1,e,,,,,,sit_down,,,,,
1719,act_18_36,classroom,2.4,5,d,,a,b,c,e,stand_up,,walk,rotation,jump,nothing
11027,act_204_38,meeting_room,5.0,0,,,,,,,,,,,,
2760,act_28_87,classroom,5.0,3,e,a,b,,,,lie_down,lie_down,lie_down,,,
5063,act_52_14,meeting_room,2.4,5,b,c,d,e,a,,wave,lie_down,pick_up,sit_down,stand_up,
9183,act_93_75,empty_room,5.0,1,,,a,,,,,,rotation,,,
11285,act_206_98,empty_room,5.0,0,,,,,,,,,,,,
4430,act_45_74,meeting_room,2.4,2,,,,,c,d,,,,,rotation,walk
8574,act_87_60,empty_room,2.4,4,b,,d,,a,c,lie_down,,pick_up,,sit_down,lie_down
6993,act_71_63,meeting_room,5.0,5,,c,d,e,a,b,,stand_up,nothing,nothing,walk,stand_up
1278,act_13_90,classroom,2.4,4,e,a,b,c,,,stand_up,stand_up,stand_up,stand_up,,
3404,act_35_38,classroom,5.0,5,,a,b,c,d,e,,rotation,jump,wave,lie_down,walk
8360,act_85_44,empty_room,2.4,4,e,a,b,c,,,sit_down,stand_up,nothing,walk,,
4787,act_49_35,meeting_room,2.4,4,d,e,a,b,,,sit_down,stand_up,nothing,walk,,
4265,act_44_8,meeting_room,2.4,2,,,c,d,,,,,nothing,walk,,
8725,act_89_13,empty_room,2.4,5,,c,d,e,a,b,,wave,lie_down,pick_up,sit_down,jump
9004,act_91_94,empty_room,5.0,1,a,,,,,,jump,,,,,
7451,act_76_26,empty_room,2.4,1,,,,a,,,,,,walk,,
1573,act_16_88,classroom,2.4,5,e,a,b,c,d,,pick_up,pick_up,pick_up,pick_up,sit_down,
6927,act_70_96,meeting_room,5.0,5,a,b,c,d,e,,lie_down,lie_down,lie_down,lie_down,lie_down,
4337,act_44_80,meeting_room,2.4,2,,,a,b,,,,,sit_down,stand_up,,
7223,act_73_95,empty_room,2.4,1,a,,,,,,wave,,,,,
8342,act_85_26,empty_room,2.4,4,c,d,e,a,,,sit_down,stand_up,nothing,walk,,
5366,act_55_20,meeting_room,5.0,1,c,,,,,,walk,,,,,
4537,act_46_82,meeting_room,2.4,3,e,a,b,,,,nothing,nothing,nothing,,,
1723,act_18_40,classroom,2.4,5,e,,b,c,d,a,jump,,lie_down,pick_up,sit_down,wave
8622,act_88_9,empty_room,2.4,5,a,b,c,d,e,,stand_up,nothing,walk,rotation,jump,
4041,act_41_81,meeting_room,2.4,1,,,,,c,,,,,,nothing,
6913,act_70_82,meeting_room,5.0,5,e,a,b,c,d,,nothing,nothing,nothing,nothing,walk,
4222,act_43_64,meeting_room,2.4,2,c,d,,,,,nothing,nothing,,,,
9981,act_101_81,empty_room,5.0,3,,e,,b,,d,,stand_up,,nothing,,stand_up
765,act_8_72,classroom,2.4,2,,,e,a,,,,,stand_up,nothing,,
3095,act_32_26,classroom,5.0,4,,d,,a,b,c,,stand_up,,walk,rotation,sit_down
1671,act_17_87,classroom,2.4,5,,a,b,c,d,e,,lie_down,lie_down,lie_down,pick_up,lie_down
9696,act_98_93,empty_room,5.0,2,,,c,d,,,,,rotation,rotation,,
9903,act_101_3,empty_room,5.0,3,,b,,d,,a,,jump,,lie_down,,rotation
3252,act_33_84,classroom,5.0,4,e,,b,,d,a,rotation,,rotation,,jump,rotation
6361,act_65_25,meeting_room,5.0,3,,d,,a,,c,,sit_down,,nothing,,pick_up
9254,act_94_47,empty_room,5.0,1,,,,d,,,,,,rotation,,
4163,act_43_5,meeting_room,2.4,2,a,b,,,,,wave,lie_down,,,,
3652,act_37_88,meeting_room,2.4,1,e,,,,,,pick_up,,,,,
6244,act_64_7,meeting_room,5.0,3,a,b,c,,,,pick_up,sit_down,stand_up,,,
1042,act_11_52,classroom,2.4,3,,b,,d,,a,,pick_up,,sit_down,,pick_up
4149,act_42_90,meeting_room,2.4,1,,,,,,e,,,,,,stand_up
8567,act_87_53,empty_room,2.4,4,a,,c,,e,b,sit_down,,stand_up,,nothing,sit_down
4603,act_47_49,meeting_room,2.4,3,,b,,d,,a,,jump,,wave,,jump
9299,act_94_92,empty_room,5.0,1,,,,d,,,,,,walk,,
3469,act_36_4,classroom,5.0,5,a,,c,d,e,b,jump,,lie_down,pick_up,sit_down,wave
6919,act_70_88,meeting_room,5.0,5,e,a,b,c,d,,pick_up,pick_up,pick_up,pick_up,sit_down,
1209,act_13_21,classroom,2.4,4,c,d,e,a,,,rotation,jump,wave,lie_down,,
4606,act_47_52,meeting_room,2.4,3,,b,,d,,a,,pick_up,,sit_down,,pick_up
9905,act_101_5,empty_room,5.0,3,,b,,d,,a,,lie_down,,sit_down,,wave
4644,act_47_90,meeting_room,2.4,3,,a,,c,,e,,stand_up,,stand_up,,stand_up
4885,act_50_34,meeting_room,2.4,4,,e,,b,c,d,,sit_down,,nothing,walk,pick_up
11248,act_206_61,empty_room,5.0,0,,,,,,,,,,,,
215,act_3_17,classroom,2.4,1,,,d,,,,,,nothing,,,
5693,act_58_50,meeting_room,5.0,1,,,,d,,,,,,lie_down,,
9432,act_96_27,empty_room,5.0,1,,,,,,c,,,,,,stand_up
42,act_1_42,classroom,2.4,1,e,,,,,,lie_down,,,,,
2146,act_22_67,classroom,5.0,1,,,,a,,,,,,wave,,
3814,act_39_52,meeting_room,2.4,1,,,c,,,,,,sit_down,,,
1846,act_19_64,classroom,5.0,1,c,,,,,,nothing,,,,,
10026,act_102_27,empty_room,5.0,3,c,,,,b,d,stand_up,,,,jump,nothing
3106,act_32_37,classroom,5.0,4,,a,,c,d,e,,walk,,jump,wave,nothing
4484,act_46_29,meeting_room,2.4,3,d,e,a,,,,walk,rotation,jump,,,
1624,act_17_40,classroom,2.4,5,,a,b,c,d,e,,wave,lie_down,pick_up,sit_down,jump
9469,act_96_64,empty_room,5.0,1,,,,,,c,,,,,,nothing
5991,act_61_51,meeting_room,5.0,2,a,b,,,,,lie_down,lie_down,,,,
3762,act_38_99,meeting_room,2.4,1,,b,,,,,,stand_up,,,,
3209,act_33_41,classroom,5.0,4,e,,b,,d,a,wave,,pick_up,,stand_up,lie_down
9809,act_100_8,empty_room,5.0,3,a,b,c,,,,sit_down,stand_up,nothing,,,
8412,act_85_96,empty_room,2.4,4,a,b,c,d,,,lie_down,lie_down,lie_down,lie_down,,
1282,act_13_94,classroom,2.4,4,a,b,c,d,,,jump,jump,jump,jump,,
796,act_9_4,classroom,2.4,2,,,,,e,a,,,,,sit_down,jump
3860,act_39_98,meeting_room,2.4,1,,,c,,,,,,sit_down,,,
10182,act_103_84,empty_room,5.0,4,e,a,b,c,,,rotation,rotation,rotation,rotation,,
8114,act_82_95,empty_room,2.4,3,a,b,c,,,,wave,wave,wave,,,
4333,act_44_76,meeting_room,2.4,2,,,a,b,,,,,jump,wave,,
7749,act_79_27,empty_room,2.4,2,c,d,,,,,stand_up,nothing,,,,
9378,act_95_72,empty_room,5.0,1,,,,,b,,,,,,nothing,
10905,act_203_15,meeting_room,2.4,0,,,,,,,,,,,,
11215,act_206_28,empty_room,5.0,0,,,,,,,,,,,,
3685,act_38_22,meeting_room,2.4,1,,d,,,,,,wave,,,,
8199,act_83_81,empty_room,2.4,3,,e,,b,,d,,stand_up,,nothing,,stand_up
8432,act_86_17,empty_room,2.4,4,,c,,e,a,b,,stand_up,,walk,rotation,sit_down
10859,act_202_68,classroom,5.0,0,,,,,,,,,,,,
4611,act_47_57,meeting_room,2.4,3,,c,,e,,b,,rotation,,jump,,rotation
4451,act_45_95,meeting_room,2.4,2,,,,,e,a,,,,,wave,wave
7363,act_75_37,empty_room,2.4,1,,,b,,,,,,rotation,,,
1531,act_16_46,classroom,2.4,5,a,b,c,d,e,,nothing,nothing,walk,walk,rotation,
4743,act_48_90,meeting_room,2.4,3,e,,,,d,a,stand_up,,,,nothing,stand_up
9198,act_93_90,empty_room,5.0,1,,,b,,,,,,stand_up,,,
8519,act_87_5,empty_room,2.4,4,a,,c,,e,b,wave,,pick_up,,stand_up,lie_down
10581,act_107_87,empty_room,5.0,5,,a,b,c,d,e,,lie_down,lie_down,lie_down,pick_up,lie_down
5485,act_56_40,meeting_room,5.0,1,,a,,,,,,wave,,,,
319,act_4_22,classroom,2.4,1,,,,a,,,,,,pick_up,,
4047,act_41_87,meeting_room,2.4,1,,,,,d,,,,,,pick_up,
9005,act_91_95,empty_room,5.0,1,a,,,,,,wave,,,,,
10103,act_103_5,empty_room,5.0,4,a,b,c,d,,,wave,lie_down,pick_up,sit_down,,
2957,act_30_86,classroom,5.0,3,e,,,,d,a,wave,,,,lie_down,wave
901,act_10_10,classroom,2.4,3,b,c,d,,,,nothing,walk,rotation,,,
11078,act_204_89,meeting_room,5.0,0,,,,,,,,,,,,
9937,act_101_37,empty_room,5.0,3,,a,,c,,e,,walk,,jump,,nothing
5382,act_55_36,meeting_room,5.0,1,d,,,,,,stand_up,,,,,
903,act_10_12,classroom,2.4,3,b,c,d,,,,rotation,jump,wave,,,
2628,act_27_54,classroom,5.0,2,,,,,e,a,,,,,walk,stand_up
3289,act_34_22,classroom,5.0,5,c,d,e,a,b,,jump,wave,lie_down,pick_up,sit_down,
2577,act_27_3,classroom,5.0,2,,,,,e,a,,,,,pick_up,rotation
9730,act_99_28,empty_room,5.0,2,,,,,c,d,,,,,wave,nothing
2821,act_29_49,classroom,5.0,3,,b,,d,,a,,jump,,wave,,jump
3692,act_38_29,meeting_room,2.4,1,,e,,,,,,rotation,,,,
5583,act_57_39,meeting_room,5.0,1,,,b,,,,,,wave,,,
2192,act_23_14,classroom,5.0,1,,,,,a,,,,,,stand_up,
3695,act_38_32,meeting_room,2.4,1,,e,,,,,,lie_down,,,,
3345,act_34_78,classroom,5.0,5,d,e,a,b,c,,lie_down,lie_down,lie_down,pick_up,pick_up,
1283,act_13_95,classroom,2.4,4,a,b,c,d,,,wave,wave,wave,wave,,
7786,act_79_64,empty_room,2.4,2,c,d,,,,,nothing,nothing,,,,
8417,act_86_2,empty_room,2.4,4,,b,,d,e,a,,rotation,,wave,lie_down,walk
9057,act_92_48,empty_room,5.0,1,,b,,,,,,rotation,,,,
6401,act_65_65,meeting_room,5.0,3,,d,,a,,c,,walk,,rotation,,walk
5757,act_59_15,meeting_room,5.0,1,,,,,a,,,,,,nothing,
6438,act_66_3,meeting_room,5.0,3,a,,,,e,b,rotation,,,,pick_up,jump
867,act_9_75,classroom,2.4,2,,,,,c,d,,,,,jump,rotation
9940,act_101_40,empty_room,5.0,3,,a,,c,,e,,wave,,pick_up,,jump
2931,act_30_60,classroom,5.0,3,b,,,,a,c,lie_down,,,,sit_down,lie_down
9101,act_92_92,empty_room,5.0,1,,b,,,,,,walk,,,,
2217,act_23_39,classroom,5.0,1,,,,,d,,,,,,pick_up,
71,act_1_71,classroom,2.4,1,c,,,,,,sit_down,,,,,
3903,act_40_42,meeting_room,2.4,1,,,,c,,,,,,stand_up,,
6686,act_68_53,meeting_room,5.0,4,,b,,d,e,a,,sit_down,,stand_up,nothing,sit_down
2216,act_23_38,classroom,5.0,1,,,,,d,,,,,,lie_down,
9383,act_95_77,empty_room,5.0,1,,,,,c,,,,,,lie_down,
2930,act_30_59,classroom,5.0,3,b,,,,a,c,wave,,,,pick_up,wave
5988,act_61_48,meeting_room,5.0,2,a,b,,,,,rotation,rotation,,,,
3858,act_39_96,meeting_room,2.4,1,,,c,,,,,,lie_down,,,
361,act_4_64,classroom,2.4,1,,,,a,,,,,,walk,,
6760,act_69_28,meeting_room,5.0,4,d,,a,,c,e,nothing,,rotation,,wave,walk
1767,act_18_84,classroom,2.4,5,e,,b,c,d,a,rotation,,rotation,rotation,jump,rotation
3248,act_33_80,classroom,5.0,4,d,,a,,c,e,sit_down,,sit_down,,stand_up,sit_down
5370,act_55_24,meeting_room,5.0,1,c,,,,,,lie_down,,,,,
7390,act_75_64,empty_room,2.4,1,,,e,,,,,,nothing,,,
3022,act_31_52,classroom,5.0,4,a,b,c,d,,,pick_up,pick_up,sit_down,sit_down,,
10285,act_104_88,empty_room,5.0,4,,a,,c,d,e,,pick_up,,pick_up,sit_down,pick_up
6178,act_63_40,meeting_room,5.0,2,,,,,d,e,,,,,sit_down,jump
2827,act_29_55,classroom,5.0,3,,c,,e,,b,,nothing,,walk,,nothing
6224,act_63_86,meeting_room,5.0,2,,,,,d,e,,,,,lie_down,wave
5287,act_54_40,meeting_room,2.4,5,e,,b,c,d,a,jump,,lie_down,pick_up,sit_down,wave
915,act_10_24,classroom,2.4,3,c,d,e,,,,lie_down,pick_up,sit_down,,,
2761,act_28_88,classroom,5.0,3,e,a,b,,,,pick_up,pick_up,pick_up,,,
8164,act_83_46,empty_room,2.4,3,,b,,d,,a,,nothing,,walk,,nothing
11128,act_205_40,empty_room,2.4,0,,,,,,,,,,,,
5150,act_53_2,meeting_room,2.4,5,,b,c,d,e,a,,rotation,jump,wave,lie_down,walk
3996,act_41_36,meeting_room,2.4,1,,,,,c,,,,,,jump,
5211,act_53_63,meeting_room,2.4,5,,c,d,e,a,b,,stand_up,nothing,nothing,walk,stand_up
11108,act_205_20,empty_room,2.4,0,,,,,,,,,,,,
6831,act_69_99,meeting_room,5.0,4,a,,c,,e,b,stand_up,,stand_up,,stand_up,stand_up
4257,act_43_99,meeting_room,2.4,2,a,b,,,,,stand_up,stand_up,,,,
7508,act_76_83,empty_room,2.4,1,,,,c,,,,,,walk,,
544,act_6_49,classroom,2.4,1,,,,,,a,,,,,,jump
3602,act_37_38,meeting_room,2.4,1,e,,,,,,walk,,,,,
304,act_4_7,classroom,2.4,1,,,,d,,,,,,nothing,,
4774,act_49_22,meeting_room,2.4,4,c,d,e,a,,,jump,wave,lie_down,pick_up,,
10952,act_203_62,meeting_room,2.4,0,,,,,,,,,,,,
4605,act_47_51,meeting_room,2.4,3,,b,,d,,a,,lie_down,,pick_up,,lie_down
2378,act_25_2,classroom,5.0,2,a,b,,,,,walk,rotation,,,,
6747,act_69_15,meeting_room,5.0,4,b,,d,,a,c,lie_down,,sit_down,,nothing,pick_up
1954,act_20_73,classroom,5.0,1,,e,,,,,,nothing,,,,
6650,act_68_17,meeting_room,5.0,4,,c,,e,a,b,,stand_up,,walk,rotation,sit_down
9852,act_100_51,empty_room,5.0,3,a,b,c,,,,lie_down,lie_down,pick_up,,,
8245,act_84_28,empty_room,2.4,3,d,,,,c,e,nothing,,,,wave,walk
4490,act_46_35,meeting_room,2.4,3,d,e,a,,,,sit_down,stand_up,nothing,,,
2345,act_24_68,classroom,5.0,1,,,,,,c,,,,,,wave
4449,act_45_93,meeting_room,2.4,2,,,,,e,a,,,,,rotation,rotation
8489,act_86_74,empty_room,2.4,4,,e,,b,c,d,,walk,,rotation,rotation,walk
2109,act_22_30,classroom,5.0,1,,,,b,,,,,,lie_down,,
9351,act_95_45,empty_room,5.0,1,,,,,d,,,,,,jump,
7766,act_79_44,empty_room,2.4,2,e,a,,,,,sit_down,stand_up,,,,
8498,act_86_83,empty_room,2.4,4,,a,,c,d,e,,walk,,walk,rotation,walk
10893,act_203_3,meeting_room,2.4,0,,,,,,,,,,,,
8548,act_87_34,empty_room,2.4,4,d,,a,,c,e,pick_up,,stand_up,,walk,sit_down
2808,act_29_36,classroom,5.0,3,,e,,b,,d,,nothing,,rotation,,stand_up
9928,act_101_28,empty_room,5.0,3,,e,,b,,d,,walk,,jump,,nothing
3530,act_36_65,classroom,5.0,5,c,,e,a,b,d,walk,,walk,rotation,rotation,walk
5340,act_54_93,meeting_room,2.4,5,a,,c,d,e,b,rotation,,rotation,rotation,rotation,rotation
5741,act_58_98,meeting_room,5.0,1,,,,d,,,,,,sit_down,,
6138,act_62_99,meeting_room,5.0,2,,,c,d,,,,,stand_up,stand_up,,
9412,act_96_7,empty_room,5.0,1,,,,,,a,,,,,,pick_up
8912,act_91_2,empty_room,5.0,1,a,,,,,,walk,,,,,
9679,act_98_76,empty_room,5.0,2,,,a,b,,,,,jump,wave,,
6607,act_67_73,meeting_room,5.0,4,d,e,a,b,,,nothing,nothing,nothing,walk,,
1148,act_12_59,classroom,2.4,3,b,,,,a,c,wave,,,,pick_up,wave
8389,act_85_73,empty_room,2.4,4,d,e,a,b,,,nothing,nothing,nothing,walk,,
10846,act_202_55,classroom,5.0,0,,,,,,,,,,,,
5305,act_54_58,meeting_room,2.4,5,b,,d,e,a,c,jump,,wave,wave,lie_down,jump
5763,act_59_21,meeting_room,5.0,1,,,,,b,,,,,,pick_up,
2373,act_24_96,classroom,5.0,1,,,,,,a,,,,,,lie_down
2240,act_23_62,classroom,5.0,1,,,,,a,,,,,,nothing,
10921,act_203_31,meeting_room,2.4,0,,,,,,,,,,,,
1057,act_11_67,classroom,2.4,3,,d,,a,,c,,jump,,wave,,jump
2902,act_30_31,classroom,5.0,3,d,,,,c,e,jump,,,,sit_down,wave
762,act_8_69,classroom,2.4,2,,,e,a,,,,,lie_down,pick_up,,
10261,act_104_64,empty_room,5.0,4,,d,,a,b,c,,nothing,,walk,walk,nothing
5754,act_59_12,meeting_room,5.0,1,,,,,a,,,,,,pick_up,
10810,act_202_19,classroom,5.0,0,,,,,,,,,,,,
4735,act_48_82,meeting_room,2.4,3,e,,,,d,a,nothing,,,,walk,nothing
10858,act_202_67,classroom,5.0,0,,,,,,,,,,,,
3689,act_38_26,meeting_room,2.4,1,,d,,,,,,stand_up,,,,
9268,act_94_61,empty_room,5.0,1,,,,e,,,,,,sit_down,,
9751,act_99_49,empty_room,5.0,2,,,,,e,a,,,,,lie_down,jump
10112,act_103_14,empty_room,5.0,4,b,c,d,e,,,wave,lie_down,pick_up,sit_down,,
652,act_7_58,classroom,2.4,2,b,c,,,,,jump,jump,,,,
7771,act_79_49,empty_room,2.4,2,a,b,,,,,jump,jump,,,,
7700,act_78_77,empty_room,2.4,1,,,,,,d,,,,,,wave
1692,act_18_9,classroom,2.4,5,a,,c,d,e,b,stand_up,,walk,rotation,jump,nothing
9212,act_94_5,empty_room,5.0,1,,,,d,,,,,,sit_down,,
10726,act_201_34,classroom,2.4,0,,,,,,,,,,,,
1741,act_18_58,classroom,2.4,5,b,,d,e,a,c,jump,,wave,wave,lie_down,jump
8723,act_89_11,empty_room,2.4,5,,c,d,e,a,b,,rotation,jump,wave,lie_down,walk
9322,act_95_16,empty_room,5.0,1,,,,,a,,,,,,walk,
9234,act_94_27,empty_room,5.0,1,,,,a,,,,,,rotation,,
2859,act_29_87,classroom,5.0,3,,a,,c,,e,,lie_down,,lie_down,,lie_down
8849,act_90_38,empty_room,2.4,5,e,,b,c,d,a,walk,,jump,wave,lie_down,rotation
5404,act_55_58,meeting_room,5.0,1,b,,,,,,jump,,,,,
2076,act_21_96,classroom,5.0,1,,,c,,,,,,lie_down,,,
2914,act_30_43,classroom,5.0,3,e,,,,d,a,pick_up,,,,walk,sit_down
9629,act_98_26,empty_room,5.0,2,,,e,a,,,,,nothing,walk,,
10469,act_106_74,empty_room,5.0,5,d,e,a,b,c,,walk,walk,walk,rotation,rotation,
5265,act_54_18,meeting_room,2.4,5,b,,d,e,a,c,stand_up,,walk,rotation,jump,nothing
10977,act_203_87,meeting_room,2.4,0,,,,,,,,,,,,
1693,act_18_10,classroom,2.4,5,b,,d,e,a,c,nothing,,rotation,jump,wave,walk
3985,act_41_25,meeting_room,2.4,1,,,,,b,,,,,,walk,
3528,act_36_63,classroom,5.0,5,b,,d,e,a,c,stand_up,,nothing,nothing,walk,stand_up
5969,act_61_29,meeting_room,5.0,2,d,e,,,,,walk,rotation,,,,
4976,act_51_26,meeting_room,2.4,4,c,,e,,b,d,sit_down,,nothing,,rotation,stand_up
674,act_7_80,classroom,2.4,2,d,e,,,,,sit_down,sit_down,,,,
593,act_6_98,classroom,2.4,1,,,,,,a,,,,,,sit_down
484,act_5_88,classroom,2.4,1,,,,,d,,,,,,sit_down,
11161,act_205_73,empty_room,2.4,0,,,,,,,,,,,,
11254,act_206_67,empty_room,5.0,0,,,,,,,,,,,,
4773,act_49_21,meeting_room,2.4,4,c,d,e,a,,,rotation,jump,wave,lie_down,,
909,act_10_18,classroom,2.4,3,b,c,d,,,,stand_up,nothing,walk,,,
3458,act_35_92,classroom,5.0,5,,b,c,d,e,a,,walk,walk,walk,walk,walk
1924,act_20_43,classroom,5.0,1,,a,,,,,,sit_down,,,,
6389,act_65_53,meeting_room,5.0,3,,b,,d,,a,,sit_down,,stand_up,,sit_down
9582,act_97_78,empty_room,5.0,2,d,e,,,,,lie_down,lie_down,,,,
5911,act_60_70,meeting_room,5.0,1,,,,,,c,,,,,,pick_up
884,act_9_92,classroom,2.4,2,,,,,e,a,,,,,walk,walk
8458,act_86_43,empty_room,2.4,4,,a,,c,d,e,,sit_down,,nothing,walk,pick_up
3778,act_39_16,meeting_room,2.4,1,,,d,,,,,,stand_up,,,
5724,act_58_81,meeting_room,5.0,1,,,,b,,,,,,nothing,,
7779,act_79_57,empty_room,2.4,2,b,c,,,,,rotation,rotation,,,,
3335,act_34_68,classroom,5.0,5,c,d,e,a,b,,wave,wave,wave,lie_down,lie_down,
7883,act_80_62,empty_room,2.4,2,,,d,e,,,,,stand_up,stand_up,,
3026,act_31_56,classroom,5.0,4,b,c,d,e,,,walk,walk,rotation,rotation,,
9072,act_92_63,empty_room,5.0,1,,c,,,,,,stand_up,,,,
3583,act_37_19,meeting_room,2.4,1,c,,,,,,nothing,,,,,
748,act_8_55,classroom,2.4,2,,,d,e,,,,,walk,walk,,
2035,act_21_55,classroom,5.0,1,,,d,,,,,,walk,,,
8720,act_89_8,empty_room,2.4,5,,b,c,d,e,a,,stand_up,nothing,walk,rotation,sit_down
6855,act_70_24,meeting_room,5.0,5,c,d,e,a,b,,lie_down,pick_up,sit_down,stand_up,nothing,
6276,act_64_39,meeting_room,5.0,3,e,a,b,,,,rotation,jump,wave,,,
458,act_5_62,classroom,2.4,1,,,,,a,,,,,,nothing,
7195,act_73_67,empty_room,2.4,1,c,,,,,,jump,,,,,
3419,act_35_53,classroom,5.0,5,,b,c,d,e,a,,sit_down,stand_up,stand_up,nothing,sit_down
3035,act_31_65,classroom,5.0,4,c,d,e,a,,,walk,walk,walk,rotation,,
7355,act_75_29,empty_room,2.4,1,,,a,,,,,,jump,,,
10561,act_107_67,empty_room,5.0,5,,d,e,a,b,c,,jump,jump,wave,wave,jump
1374,act_14_87,classroom,2.4,4,,a,,c,d,e,,lie_down,,lie_down,pick_up,lie_down
10277,act_104_80,empty_room,5.0,4,,e,,b,c,d,,sit_down,,stand_up,stand_up,sit_down
5598,act_57_54,meeting_room,5.0,1,,,c,,,,,,nothing,,,
6204,act_63_66,meeting_room,5.0,2,,,,,b,c,,,,,jump,rotation
7243,act_74_16,empty_room,2.4,1,,c,,,,,,sit_down,,,,
11037,act_204_48,meeting_room,5.0,0,,,,,,,,,,,,
5698,act_58_55,meeting_room,5.0,1,,,,e,,,,,,walk,,
3298,act_34_31,classroom,5.0,5,d,e,a,b,c,,jump,wave,lie_down,pick_up,sit_down,
6622,act_67_88,meeting_room,5.0,4,e,a,b,c,,,pick_up,pick_up,pick_up,pick_up,,
10131,act_103_33,empty_room,5.0,4,d,e,a,b,,,lie_down,pick_up,sit_down,stand_up,,
5415,act_55_69,meeting_room,5.0,1,c,,,,,,lie_down,,,,,
3525,act_36_60,classroom,5.0,5,b,,d,e,a,c,lie_down,,pick_up,pick_up,sit_down,lie_down
9798,act_99_96,empty_room,5.0,2,,,,,e,a,,,,,lie_down,lie_down
6721,act_68_88,meeting_room,5.0,4,,a,,c,d,e,,pick_up,,pick_up,sit_down,pick_up
9811,act_100_10,empty_room,5.0,3,b,c,d,,,,nothing,walk,rotation,,,
6051,act_62_12,meeting_room,5.0,2,,,d,e,,,,,wave,lie_down,,
8047,act_82_28,empty_room,2.4,3,d,e,a,,,,nothing,walk,rotation,,,
10082,act_102_83,empty_room,5.0,3,e,,,,d,a,walk,,,,rotation,walk
36,act_1_36,classroom,2.4,1,d,,,,,,stand_up,,,,,
9732,act_99_30,empty_room,5.0,2,,,,,c,d,,,,,pick_up,rotation
51,act_1_51,classroom,2.4,1,a,,,,,,lie_down,,,,,
1397,act_15_11,classroom,2.4,4,b,,d,,a,c,walk,,jump,,lie_down,rotation
2341,act_24_64,classroom,5.0,1,,,,,,c,,,,,,nothing
4221,act_43_63,meeting_room,2.4,2,b,c,,,,,stand_up,stand_up,,,,
7579,act_77_55,empty_room,2.4,1,,,,,a,,,,,,rotation,
9632,act_98_29,empty_room,5.0,2,,,a,b,,,,,jump,wave,,
11050,act_204_61,meeting_room,5.0,0,,,,,,,,,,,,
429,act_5_33,classroom,2.4,1,,,,,c,,,,,,nothing,
9016,act_92_7,empty_room,5.0,1,,b,,,,,,sit_down,,,,
3018,act_31_48,classroom,5.0,4,a,b,c,d,,,rotation,rotation,jump,jump,,
96,act_1_96,classroom,2.4,1,a,,,,,,lie_down,,,,,
5502,act_56_57,meeting_room,5.0,1,,c,,,,,,rotation,,,,
6463,act_66_28,meeting_room,5.0,3,d,,,,c,e,nothing,,,,wave,walk
5762,act_59_20,meeting_room,5.0,1,,,,,b,,,,,,lie_down,
2535,act_26_60,classroom,5.0,2,,,d,e,,,,,pick_up,pick_up,,
1143,act_12_54,classroom,2.4,3,a,,,,e,b,stand_up,,,,walk,stand_up
5334,act_54_87,meeting_room,2.4,5,e,,b,c,d,a,lie_down,,lie_down,lie_down,pick_up,lie_down
9031,act_92_22,empty_room,5.0,1,,d,,,,,,wave,,,,
1407,act_15_21,classroom,2.4,4,c,,e,,b,d,rotation,,wave,,pick_up,jump
609,act_7_15,classroom,2.4,2,b,c,,,,,lie_down,pick_up,,,,
409,act_5_13,classroom,2.4,1,,,,,a,,,,,,sit_down,
2877,act_30_6,classroom,5.0,3,a,,,,e,b,lie_down,,,,nothing,pick_up
7394,act_75_68,empty_room,2.4,1,,,e,,,,,,wave,,,
8474,act_86_59,empty_room,2.4,4,,c,,e,a,b,,wave,,lie_down,pick_up,wave
3044,act_31_74,classroom,5.0,4,d,e,a,b,,,walk,walk,walk,rotation,,
6860,act_70_29,meeting_room,5.0,5,d,e,a,b,c,,walk,rotation,jump,wave,lie_down,
10815,act_202_24,classroom,5.0,0,,,,,,,,,,,,
5054,act_52_5,meeting_room,2.4,5,a,b,c,d,e,,wave,lie_down,pick_up,sit_down,stand_up,
11048,act_204_59,meeting_room,5.0,0,,,,,,,,,,,,
4036,act_41_76,meeting_room,2.4,1,,,,,c,,,,,,wave,
851,act_9_59,classroom,2.4,2,,,,,a,b,,,,,pick_up,wave
9388,act_95_82,empty_room,5.0,1,,,,,d,,,,,,walk,
2320,act_24_43,classroom,5.0,1,,,,,,e,,,,,,pick_up
5767,act_59_25,meeting_room,5.0,1,,,,,b,,,,,,walk,
3102,act_32_33,classroom,5.0,4,,e,,b,c,d,,pick_up,,stand_up,nothing,lie_down
8524,act_87_10,empty_room,2.4,4,b,,d,,a,c,nothing,,rotation,,wave,walk
2040,act_21_60,classroom,5.0,1,,,d,,,,,,pick_up,,,
4258,act_44_1,meeting_room,2.4,2,,,c,d,,,,,rotation,jump,,
2772,act_28_99,classroom,5.0,3,a,b,c,,,,stand_up,stand_up,stand_up,,,
11197,act_206_10,empty_room,5.0,0,,,,,,,,,,,,
400,act_5_4,classroom,2.4,1,,,,,e,,,,,,sit_down,
8551,act_87_37,empty_room,2.4,4,e,,b,,d,a,nothing,,rotation,,wave,walk
5278,act_54_31,meeting_room,2.4,5,d,,a,b,c,e,jump,,lie_down,pick_up,sit_down,wave
9516,act_97_12,empty_room,5.0,2,b,c,,,,,rotation,jump,,,,
9301,act_94_94,empty_room,5.0,1,,,,d,,,,,,jump,,
9966,act_101_66,empty_room,5.0,3,,d,,a,,c,,rotation,,jump,,rotation
8652,act_88_39,empty_room,2.4,5,e,a,b,c,d,,rotation,jump,wave,lie_down,pick_up,
11212,act_206_25,empty_room,5.0,0,,,,,,,,,,,,
5599,act_57_55,meeting_room,5.0,1,,,d,,,,,,walk,,,
7931,act_81_11,empty_room,2.4,2,,,,,a,b,,,,,lie_down,walk
8949,act_91_39,empty_room,5.0,1,e,,,,,,rotation,,,,,
10475,act_106_80,empty_room,5.0,5,d,e,a,b,c,,sit_down,sit_down,sit_down,stand_up,stand_up,
1852,act_19_70,classroom,5.0,1,c,,,,,,pick_up,,,,,
1972,act_20_91,classroom,5.0,1,,b,,,,,,nothing,,,,
9831,act_100_30,empty_room,5.0,3,d,e,a,,,,rotation,jump,wave,,,
7272,act_74_45,empty_room,2.4,1,,a,,,,,,nothing,,,,
4348,act_44_91,meeting_room,2.4,2,,,c,d,,,,,nothing,nothing,,
3992,act_41_32,meeting_room,2.4,1,,,,,c,,,,,,stand_up,
6936,act_71_6,meeting_room,5.0,5,,b,c,d,e,a,,pick_up,sit_down,stand_up,nothing,lie_down
6062,act_62_23,meeting_room,5.0,2,,,e,a,,,,,pick_up,sit_down,,
6519,act_66_84,meeting_room,5.0,3,e,,,,d,a,rotation,,,,jump,rotation
2532,act_26_57,classroom,5.0,2,,,d,e,,,,,jump,jump,,
11281,act_206_94,empty_room,5.0,0,,,,,,,,,,,,
10359,act_105_63,empty_room,5.0,4,b,,d,,a,c,stand_up,,nothing,,walk,stand_up
8611,act_87_97,empty_room,2.4,4,a,,c,,e,b,pick_up,,pick_up,,pick_up,pick_up
3785,act_39_23,meeting_room,2.4,1,,,e,,,,,,pick_up,,,
1348,act_14_61,classroom,2.4,4,,c,,e,a,b,,pick_up,,sit_down,stand_up,pick_up
9163,act_93_55,empty_room,5.0,1,,,d,,,,,,walk,,,
1499,act_16_14,classroom,2.4,5,b,c,d,e,a,,wave,lie_down,pick_up,sit_down,stand_up,
428,act_5_32,classroom,2.4,1,,,,,c,,,,,,stand_up,
1644,act_17_60,classroom,2.4,5,,c,d,e,a,b,,lie_down,pick_up,pick_up,sit_down,lie_down
6291,act_64_54,meeting_room,5.0,3,a,b,c,,,,stand_up,stand_up,nothing,,,
1512,act_16_27,classroom,2.4,5,c,d,e,a,b,,stand_up,nothing,walk,rotation,jump,
9894,act_100_93,empty_room,5.0,3,a,b,c,,,,rotation,rotation,rotation,,,
1054,act_11_64,classroom,2.4,3,,d,,a,,c,,nothing,,walk,,nothing
6608,act_67_74,meeting_room,5.0,4,d,e,a,b,,,walk,walk,walk,rotation,,
3405,act_35_39,classroom,5.0,5,,a,b,c,d,e,,jump,wave,lie_down,pick_up,rotation
1580,act_16_95,classroom,2.4,5,a,b,c,d,e,,wave,wave,wave,wave,wave,
709,act_8_16,classroom,2.4,2,,,d,e,,,,,stand_up,nothing,,
3911,act_40_50,meeting_room,2.4,1,,,,d,,,,,,lie_down,,
2589,act_27_15,classroom,5.0,2,,,,,a,b,,,,,nothing,lie_down
7494,act_76_69,empty_room,2.4,1,,,,a,,,,,,pick_up,,
8831,act_90_20,empty_room,2.4,5,c,,e,a,b,d,walk,,jump,wave,lie_down,rotation
5704,act_58_61,meeting_room,5.0,1,,,,e,,,,,,sit_down,,
9830,act_100_29,empty_room,5.0,3,d,e,a,,,,walk,rotation,jump,,,
5962,act_61_22,meeting_room,5.0,2,c,d,,,,,jump,wave,,,,
2250,act_23_72,classroom,5.0,1,,,,,b,,,,,,nothing,
7582,act_77_58,empty_room,2.4,1,,,,,a,,,,,,lie_down,
4380,act_45_24,meeting_room,2.4,2,,,,,b,c,,,,,nothing,lie_down
5518,act_56_73,meeting_room,5.0,1,,e,,,,,,nothing,,,,
555,act_6_60,classroom,2.4,1,,,,,,b,,,,,,lie_down
11007,act_204_18,meeting_room,5.0,0,,,,,,,,,,,,
9664,act_98_61,empty_room,5.0,2,,,d,e,,,,,sit_down,sit_down,,
11181,act_205_93,empty_room,2.4,0,,,,,,,,,,,,
8881,act_90_70,empty_room,2.4,5,c,,e,a,b,d,pick_up,,pick_up,sit_down,sit_down,pick_up
4247,act_43_89,meeting_room,2.4,2,e,a,,,,,sit_down,sit_down,,,,
7567,act_77_43,empty_room,2.4,1,,,,,d,,,,,,walk,
5823,act_59_81,meeting_room,5.0,1,,,,,c,,,,,,nothing,
574,act_6_79,classroom,2.4,1,,,,,,d,,,,,,pick_up
2819,act_29_47,classroom,5.0,3,,b,,d,,a,,walk,,rotation,,walk
1,act_1_1,classroom,2.4,1,a,,,,,,nothing,,,,,
9463,act_96_58,empty_room,5.0,1,,,,,,b,,,,,,jump
2964,act_30_93,classroom,5.0,3,a,,,,e,b,rotation,,,,rotation,rotation
3746,act_38_83,meeting_room,2.4,1,,a,,,,,,walk,,,,
6712,act_68_79,meeting_room,5.0,4,,e,,b,c,d,,pick_up,,sit_down,sit_down,pick_up
2763,act_28_90,classroom,5.0,3,e,a,b,,,,stand_up,stand_up,stand_up,,,
6527,act_66_92,meeting_room,5.0,3,a,,,,e,b,walk,,,,walk,walk
7280,act_74_53,empty_room,2.4,1,,b,,,,,,sit_down,,,,
5322,act_54_75,meeting_room,2.4,5,d,,a,b,c,e,rotation,,rotation,jump,jump,rotation
10762,act_201_70,classroom,2.4,0,,,,,,,,,,,,
3255,act_33_87,classroom,5.0,4,e,,b,,d,a,lie_down,,lie_down,,pick_up,lie_down
9933,act_101_33,empty_room,5.0,3,,e,,b,,d,,pick_up,,stand_up,,lie_down
3593,act_37_29,meeting_room,2.4,1,d,,,,,,walk,,,,,
4375,act_45_19,meeting_room,2.4,2,,,,,b,c,,,,,wave,nothing
8579,act_87_65,empty_room,2.4,4,c,,e,,b,d,walk,,walk,,rotation,walk
11119,act_205_31,empty_room,2.4,0,,,,,,,,,,,,
4292,act_44_35,meeting_room,2.4,2,,,a,b,,,,,nothing,walk,,
6153,act_63_15,meeting_room,5.0,2,,,,,a,b,,,,,nothing,lie_down
10999,act_204_10,meeting_room,5.0,0,,,,,,,,,,,,
7350,act_75_24,empty_room,2.4,1,,,e,,,,,,sit_down,,,
7094,act_72_65,meeting_room,5.0,5,c,,e,a,b,d,walk,,walk,rotation,rotation,walk
8918,act_91_8,empty_room,5.0,1,a,,,,,,sit_down,,,,,
4092,act_42_33,meeting_room,2.4,1,,,,,,d,,,,,,lie_down
8836,act_90_25,empty_room,2.4,5,c,,e,a,b,d,pick_up,,stand_up,nothing,walk,sit_down
3144,act_32_75,classroom,5.0,4,,e,,b,c,d,,rotation,,jump,jump,rotation
1409,act_15_23,classroom,2.4,4,c,,e,,b,d,wave,,pick_up,,stand_up,lie_down
217,act_3_19,classroom,2.4,1,,,e,,,,,,rotation,,,
5010,act_51_60,meeting_room,2.4,4,b,,d,,a,c,lie_down,,pick_up,,sit_down,lie_down
6958,act_71_28,meeting_room,5.0,5,,e,a,b,c,d,,walk,rotation,jump,wave,nothing
6193,act_63_55,meeting_room,5.0,2,,,,,a,b,,,,,rotation,nothing
10572,act_107_78,empty_room,5.0,5,,e,a,b,c,d,,lie_down,lie_down,pick_up,pick_up,lie_down
3998,act_41_38,meeting_room,2.4,1,,,,,d,,,,,,lie_down,
4238,act_43_80,meeting_room,2.4,2,d,e,,,,,sit_down,sit_down,,,,
4505,act_46_50,meeting_room,2.4,3,a,b,c,,,,wave,wave,lie_down,,,
1011,act_11_21,classroom,2.4,3,,d,,a,,c,,jump,,lie_down,,rotation
7501,act_76_76,empty_room,2.4,1,,,,b,,,,,,wave,,
6785,act_69_53,meeting_room,5.0,4,a,,c,,e,b,sit_down,,stand_up,,nothing,sit_down
3239,act_33_71,classroom,5.0,4,c,,e,,b,d,sit_down,,sit_down,,stand_up,sit_down
7804,act_79_82,empty_room,2.4,2,e,a,,,,,nothing,nothing,,,,
5420,act_55_74,meeting_room,5.0,1,d,,,,,,walk,,,,,
7845,act_80_24,empty_room,2.4,2,,,e,a,,,,,sit_down,stand_up,,
2615,act_27_41,classroom,5.0,2,,,,,d,e,,,,,stand_up,wave
8310,act_84_93,empty_room,2.4,3,a,,,,e,b,rotation,,,,rotation,rotation
9558,act_97_54,empty_room,5.0,2,a,b,,,,,stand_up,stand_up,,,,
4251,act_43_93,meeting_room,2.4,2,a,b,,,,,rotation,rotation,,,,
5016,act_51_66,meeting_room,2.4,4,c,,e,,b,d,rotation,,rotation,,jump,rotation
9910,act_101_10,empty_room,5.0,3,,c,,e,,b,,walk,,jump,,nothing
9233,act_94_26,empty_room,5.0,1,,,,a,,,,,,walk,,
1351,act_14_64,classroom,2.4,4,,d,,a,b,c,,nothing,,walk,walk,nothing
9413,act_96_8,empty_room,5.0,1,,,,,,a,,,,,,sit_down
10833,act_202_42,classroom,5.0,0,,,,,,,,,,,,
2472,act_25_96,classroom,5.0,2,a,b,,,,,lie_down,lie_down,,,,
1635,act_17_51,classroom,2.4,5,,b,c,d,e,a,,lie_down,pick_up,pick_up,sit_down,lie_down
9497,act_96_92,empty_room,5.0,1,,,,,,a,,,,,,walk
9102,act_92_93,empty_room,5.0,1,,b,,,,,,rotation,,,,
8103,act_82_84,empty_room,2.4,3,e,a,b,,,,rotation,rotation,rotation,,,
9884,act_100_83,empty_room,5.0,3,e,a,b,,,,walk,walk,walk,,,
1840,act_19_58,classroom,5.0,1,b,,,,,,jump,,,,,
8851,act_90_40,empty_room,2.4,5,e,,b,c,d,a,jump,,lie_down,pick_up,sit_down,wave
519,act_6_24,classroom,2.4,1,,,,,,c,,,,,,lie_down
40,act_1_40,classroom,2.4,1,e,,,,,,jump,,,,,
5858,act_60_17,meeting_room,5.0,1,,,,,,b,,,,,,sit_down
1982,act_21_2,classroom,5.0,1,,,c,,,,,,jump,,,
10655,act_108_62,empty_room,5.0,5,b,,d,e,a,c,sit_down,,stand_up,stand_up,nothing,sit_down
9341,act_95_35,empty_room,5.0,1,,,,,c,,,,,,rotation,
6891,act_70_60,meeting_room,5.0,5,b,c,d,e,a,,lie_down,lie_down,pick_up,pick_up,sit_down,
1609,act_17_25,classroom,2.4,5,,d,e,a,b,c,,sit_down,stand_up,nothing,walk,pick_up
9104,act_92_95,empty_room,5.0,1,,b,,,,,,wave,,,,
2215,act_23_37,classroom,5.0,1,,,,,d,,,,,,wave,
7708,act_78_85,empty_room,2.4,1,,,,,,e,,,,,,jump
1663,act_17_79,classroom,2.4,5,,e,a,b,c,d,,pick_up,pick_up,sit_down,sit_down,pick_up
7667,act_78_44,empty_room,2.4,1,,,,,,e,,,,,,sit_down
8731,act_89_19,empty_room,2.4,5,,d,e,a,b,c,,walk,rotation,jump,wave,nothing
1400,act_15_14,classroom,2.4,4,b,,d,,a,c,wave,,pick_up,,stand_up,lie_down
9309,act_95_3,empty_room,5.0,1,,,,,e,,,,,,pick_up,
5397,act_55_51,meeting_room,5.0,1,a,,,,,,lie_down,,,,,
1394,act_15_8,classroom,2.4,4,a,,c,,e,b,sit_down,,nothing,,rotation,stand_up
1585,act_17_1,classroom,2.4,5,,b,c,d,e,a,,walk,rotation,jump,wave,nothing
11147,act_205_59,empty_room,2.4,0,,,,,,,,,,,,
10606,act_108_13,empty_room,5.0,5,b,,d,e,a,c,jump,,lie_down,pick_up,sit_down,wave
2803,act_29_31,classroom,5.0,3,,e,,b,,d,,wave,,pick_up,,jump
9426,act_96_21,empty_room,5.0,1,,,,,,c,,,,,,rotation
4872,act_50_21,meeting_room,2.4,4,,d,,a,b,c,,jump,,lie_down,pick_up,rotation
9896,act_100_95,empty_room,5.0,3,a,b,c,,,,wave,wave,wave,,,
2627,act_27_53,classroom,5.0,2,,,,,e,a,,,,,nothing,sit_down
6612,act_67_78,meeting_room,5.0,4,d,e,a,b,,,lie_down,lie_down,lie_down,pick_up,,
10912,act_203_22,meeting_room,2.4,0,,,,,,,,,,,,
7388,act_75_62,empty_room,2.4,1,,,d,,,,,,stand_up,,,
2169,act_22_90,classroom,5.0,1,,,,c,,,,,,stand_up,,
8974,act_91_64,empty_room,5.0,1,c,,,,,,nothing,,,,,
4217,act_43_59,meeting_room,2.4,2,b,c,,,,,wave,wave,,,,
8773,act_89_61,empty_room,2.4,5,,c,d,e,a,b,,pick_up,sit_down,sit_down,stand_up,pick_up
7682,act_78_59,empty_room,2.4,1,,,,,,b,,,,,,wave
4418,act_45_62,meeting_room,2.4,2,,,,,a,b,,,,,nothing,sit_down
1251,act_13_63,classroom,2.4,4,b,c,d,e,,,stand_up,stand_up,nothing,nothing,,
5665,act_58_22,meeting_room,5.0,1,,,,a,,,,,,pick_up,,
1023,act_11_33,classroom,2.4,3,,e,,b,,d,,pick_up,,stand_up,,lie_down
9557,act_97_53,empty_room,5.0,2,a,b,,,,,sit_down,sit_down,,,,
7525,act_77_1,empty_room,2.4,1,,,,,e,,,,,,wave,
1905,act_20_24,classroom,5.0,1,,d,,,,,,pick_up,,,,
3315,act_34_48,classroom,5.0,5,a,b,c,d,e,,rotation,rotation,jump,jump,wave,
7009,act_71_79,meeting_room,5.0,5,,e,a,b,c,d,,pick_up,pick_up,sit_down,sit_down,pick_up
2056,act_21_76,classroom,5.0,1,,,a,,,,,,jump,,,
11263,act_206_76,empty_room,5.0,0,,,,,,,,,,,,
174,act_2_75,classroom,2.4,1,,e,,,,,,rotation,,,,
7856,act_80_35,empty_room,2.4,2,,,a,b,,,,,nothing,walk,,
170,act_2_71,classroom,2.4,1,,d,,,,,,sit_down,,,,
6559,act_67_25,meeting_room,5.0,4,c,d,e,a,,,pick_up,sit_down,stand_up,nothing,,
8340,act_85_24,empty_room,2.4,4,c,d,e,a,,,lie_down,pick_up,sit_down,stand_up,,
9054,act_92_45,empty_room,5.0,1,,a,,,,,,nothing,,,,
745,act_8_52,classroom,2.4,2,,,c,d,,,,,sit_down,sit_down,,
6941,act_71_11,meeting_room,5.0,5,,c,d,e,a,b,,rotation,jump,wave,lie_down,walk
8205,act_83_87,empty_room,2.4,3,,a,,c,,e,,lie_down,,lie_down,,lie_down
3062,act_31_92,classroom,5.0,4,a,b,c,d,,,walk,walk,walk,walk,,
10745,act_201_53,classroom,2.4,0,,,,,,,,,,,,
1161,act_12_72,classroom,2.4,3,c,,,,b,d,stand_up,,,,nothing,stand_up
1942,act_20_61,classroom,5.0,1,,c,,,,,,pick_up,,,,
5171,act_53_23,meeting_room,2.4,5,,d,e,a,b,c,,lie_down,pick_up,sit_down,stand_up,wave
1434,act_15_48,classroom,2.4,4,a,,c,,e,b,rotation,,jump,,wave,rotation
6076,act_62_37,meeting_room,5.0,2,,,b,c,,,,,rotation,jump,,
8675,act_88_62,empty_room,2.4,5,b,c,d,e,a,,sit_down,sit_down,stand_up,stand_up,nothing,
4784,act_49_32,meeting_room,2.4,4,d,e,a,b,,,wave,lie_down,pick_up,sit_down,,
5747,act_59_5,meeting_room,5.0,1,,,,,e,,,,,,stand_up,
1953,act_20_72,classroom,5.0,1,,d,,,,,,stand_up,,,,
5144,act_52_95,meeting_room,2.4,5,a,b,c,d,e,,wave,wave,wave,wave,wave,
7149,act_73_21,empty_room,2.4,1,c,,,,,,rotation,,,,,
3594,act_37_30,meeting_room,2.4,1,d,,,,,,rotation,,,,,
2255,act_23_77,classroom,5.0,1,,,,,c,,,,,,lie_down,
11107,act_205_19,empty_room,2.4,0,,,,,,,,,,,,
6499,act_66_64,meeting_room,5.0,3,c,,,,b,d,nothing,,,,walk,nothing
3161,act_32_92,classroom,5.0,4,,b,,d,e,a,,walk,,walk,walk,walk
9843,act_100_42,empty_room,5.0,3,e,a,b,,,,lie_down,pick_up,sit_down,,,
5904,act_60_63,meeting_room,5.0,1,,,,,,b,,,,,,stand_up
1796,act_19_14,classroom,5.0,1,b,,,,,,wave,,,,,
7232,act_74_5,empty_room,2.4,1,,b,,,,,,lie_down,,,,
2459,act_25_83,classroom,5.0,2,e,a,,,,,walk,walk,,,,
4345,act_44_88,meeting_room,2.4,2,,,b,c,,,,,pick_up,pick_up,,
10618,act_108_25,empty_room,5.0,5,c,,e,a,b,d,pick_up,,stand_up,nothing,walk,sit_down
4864,act_50_13,meeting_room,2.4,4,,c,,e,a,b,,wave,,pick_up,sit_down,jump
1595,act_17_11,classroom,2.4,5,,c,d,e,a,b,,rotation,jump,wave,lie_down,walk
10725,act_201_33,classroom,2.4,0,,,,,,,,,,,,
8254,act_84_37,empty_room,2.4,3,e,,,,d,a,nothing,,,,wave,walk
3264,act_33_96,classroom,5.0,4,a,,c,,e,b,lie_down,,lie_down,,lie_down,lie_down
435,act_5_39,classroom,2.4,1,,,,,d,,,,,,pick_up,
6823,act_69_91,meeting_room,5.0,4,a,,c,,e,b,nothing,,nothing,,nothing,nothing
9519,act_97_15,empty_room,5.0,2,b,c,,,,,lie_down,pick_up,,,,
587,act_6_92,classroom,2.4,1,,,,,,a,,,,,,walk
928,act_10_37,classroom,2.4,3,e,a,b,,,,nothing,walk,rotation,,,
48,act_1_48,classroom,2.4,1,a,,,,,,rotation,,,,,
9591,act_97_87,empty_room,5.0,2,e,a,,,,,lie_down,lie_down,,,,
4398,act_45_42,meeting_room,2.4,2,,,,,d,e,,,,,nothing,lie_down
5207,act_53_59,meeting_room,2.4,5,,c,d,e,a,b,,wave,lie_down,lie_down,pick_up,wave
5771,act_59_29,meeting_room,5.0,1,,,,,c,,,,,,lie_down,
3471,act_36_6,classroom,5.0,5,a,,c,d,e,b,lie_down,,sit_down,stand_up,nothing,pick_up
2528,act_26_53,classroom,5.0,2,,,c,d,,,,,stand_up,stand_up,,
6917,act_70_86,meeting_room,5.0,5,e,a,b,c,d,,wave,wave,wave,wave,lie_down,
3596,act_37_32,meeting_room,2.4,1,d,,,,,,wave,,,,,
8642,act_88_29,empty_room,2.4,5,d,e,a,b,c,,walk,rotation,jump,wave,lie_down,
701,act_8_8,classroom,2.4,2,,,c,d,,,,,nothing,walk,,
9685,act_98_82,empty_room,5.0,2,,,b,c,,,,,nothing,nothing,,
6096,act_62_57,meeting_room,5.0,2,,,d,e,,,,,jump,jump,,
1414,act_15_28,classroom,2.4,4,d,,a,,c,e,nothing,,rotation,,wave,walk
4744,act_48_91,meeting_room,2.4,3,a,,,,e,b,nothing,,,,nothing,nothing
5258,act_54_11,meeting_room,2.4,5,b,,d,e,a,c,walk,,jump,wave,lie_down,rotation
10924,act_203_34,meeting_room,2.4,0,,,,,,,,,,,,
2681,act_28_8,classroom,5.0,3,a,b,c,,,,sit_down,stand_up,nothing,,,
7214,act_73_86,empty_room,2.4,1,e,,,,,,wave,,,,,
10282,act_104_85,empty_room,5.0,4,,a,,c,d,e,,jump,,jump,wave,jump
7383,act_75_57,empty_room,2.4,1,,,d,,,,,,jump,,,
10568,act_107_74,empty_room,5.0,5,,e,a,b,c,d,,walk,walk,rotation,rotation,walk
6419,act_65_83,meeting_room,5.0,3,,a,,c,,e,,walk,,walk,,walk
2693,act_28_20,classroom,5.0,3,c,d,e,,,,walk,rotation,jump,,,
5091,act_52_42,meeting_room,2.4,5,e,a,b,c,d,,lie_down,pick_up,sit_down,stand_up,nothing,
7955,act_81_35,empty_room,2.4,2,,,,,c,d,,,,,rotation,sit_down
4920,act_50_69,meeting_room,2.4,4,,d,,a,b,c,,lie_down,,pick_up,pick_up,lie_down
10061,act_102_62,empty_room,5.0,3,b,,,,a,c,sit_down,,,,nothing,sit_down
7298,act_74_71,empty_room,2.4,1,,d,,,,,,sit_down,,,,
5121,act_52_72,meeting_room,2.4,5,c,d,e,a,b,,stand_up,stand_up,stand_up,nothing,nothing,
5338,act_54_91,meeting_room,2.4,5,a,,c,d,e,b,nothing,,nothing,nothing,nothing,nothing
5538,act_56_93,meeting_room,5.0,1,,b,,,,,,rotation,,,,
5533,act_56_88,meeting_room,5.0,1,,a,,,,,,pick_up,,,,
104,act_2_5,classroom,2.4,1,,b,,,,,,lie_down,,,,
3004,act_31_34,classroom,5.0,4,d,e,a,b,,,pick_up,sit_down,stand_up,nothing,,
7470,act_76_45,empty_room,2.4,1,,,,c,,,,,,rotation,,
3722,act_38_59,meeting_room,2.4,1,,c,,,,,,wave,,,,
1563,act_16_78,classroom,2.4,5,d,e,a,b,c,,lie_down,lie_down,lie_down,pick_up,pick_up,
7059,act_72_30,meeting_room,5.0,5,d,,a,b,c,e,rotation,,wave,lie_down,pick_up,jump
4922,act_50_71,meeting_room,2.4,4,,d,,a,b,c,,sit_down,,stand_up,stand_up,sit_down
10953,act_203_63,meeting_room,2.4,0,,,,,,,,,,,,
9360,act_95_54,empty_room,5.0,1,,,,,e,,,,,,walk,
4878,act_50_27,meeting_room,2.4,4,,d,,a,b,c,,nothing,,rotation,jump,stand_up
8641,act_88_28,empty_room,2.4,5,d,e,a,b,c,,nothing,walk,rotation,jump,wave,
6072,act_62_33,meeting_room,5.0,2,,,a,b,,,,,sit_down,stand_up,,
3849,act_39_87,meeting_room,2.4,1,,,b,,,,,,lie_down,,,
6023,act_61_83,meeting_room,5.0,2,e,a,,,,,walk,walk,,,,
7472,act_76_47,empty_room,2.4,1,,,,d,,,,,,rotation,,
9974,act_101_74,empty_room,5.0,3,,e,,b,,d,,walk,,rotation,,walk
6992,act_71_62,meeting_room,5.0,5,,c,d,e,a,b,,sit_down,stand_up,stand_up,nothing,sit_down
7683,act_78_60,empty_room,2.4,1,,,,,,b,,,,,,lie_down
2289,act_24_12,classroom,5.0,1,,,,,,b,,,,,,rotation
292,act_3_94,classroom,2.4,1,,,c,,,,,,jump,,,
5166,act_53_18,meeting_room,2.4,5,,c,d,e,a,b,,nothing,walk,rotation,jump,stand_up
3007,act_31_37,classroom,5.0,4,e,a,b,c,,,nothing,walk,rotation,jump,,
5035,act_51_85,meeting_room,2.4,4,e,,b,,d,a,jump,,jump,,wave,jump
1787,act_19_5,classroom,5.0,1,a,,,,,,wave,,,,,
11075,act_204_86,meeting_room,5.0,0,,,,,,,,,,,,
10605,act_108_12,empty_room,5.0,5,b,,d,e,a,c,rotation,,wave,lie_down,pick_up,jump
6005,act_61_65,meeting_room,5.0,2,c,d,,,,,walk,walk,,,,
2649,act_27_75,classroom,5.0,2,,,,,c,d,,,,,jump,rotation
3211,act_33_43,classroom,5.0,4,e,,b,,d,a,pick_up,,stand_up,,walk,sit_down
1702,act_18_19,classroom,2.4,5,c,,e,a,b,d,nothing,,rotation,jump,wave,walk
2474,act_25_98,classroom,5.0,2,a,b,,,,,sit_down,sit_down,,,,
331,act_4_34,classroom,2.4,1,,,,b,,,,,,nothing,,
9238,act_94_31,empty_room,5.0,1,,,,b,,,,,,pick_up,,
1492,act_16_7,classroom,2.4,5,a,b,c,d,e,,pick_up,sit_down,stand_up,nothing,walk,
7294,act_74_67,empty_room,2.4,1,,d,,,,,,jump,,,,
3329,act_34_62,classroom,5.0,5,b,c,d,e,a,,sit_down,sit_down,stand_up,stand_up,nothing,
1784,act_19_2,classroom,5.0,1,a,,,,,,walk,,,,,
15,act_1_15,classroom,2.4,1,b,,,,,,lie_down,,,,,
4383,act_45_27,meeting_room,2.4,2,,,,,b,c,,,,,jump,stand_up
8296,act_84_79,empty_room,2.4,3,d,,,,c,e,pick_up,,,,sit_down,pick_up
8243,act_84_26,empty_room,2.4,3,c,,,,b,d,sit_down,,,,rotation,stand_up
6450,act_66_15,meeting_room,5.0,3,b,,,,a,c,lie_down,,,,nothing,pick_up
7774,act_79_52,empty_room,2.4,2,a,b,,,,,pick_up,pick_up,,,,
488,act_5_92,classroom,2.4,1,,,,,e,,,,,,walk,
7442,act_76_17,empty_room,2.4,1,,,,e,,,,,,walk,,
10373,act_105_77,empty_room,5.0,4,d,,a,,c,e,wave,,wave,,lie_down,wave
10324,act_105_28,empty_room,5.0,4,d,,a,,c,e,nothing,,rotation,,wave,walk
6002,act_61_62,meeting_room,5.0,2,b,c,,,,,sit_down,sit_down,,,,
7673,act_78_50,empty_room,2.4,1,,,,,,a,,,,,,wave
8502,act_86_87,empty_room,2.4,4,,a,,c,d,e,,lie_down,,lie_down,pick_up,lie_down
3563,act_36_98,classroom,5.0,5,a,,c,d,e,b,sit_down,,sit_down,sit_down,sit_down,sit_down
4641,act_47_87,meeting_room,2.4,3,,a,,c,,e,,lie_down,,lie_down,,lie_down
2392,act_25_16,classroom,5.0,2,b,c,,,,,pick_up,sit_down,,,,
4225,act_43_67,meeting_room,2.4,2,c,d,,,,,jump,jump,,,,
7943,act_81_23,empty_room,2.4,2,,,,,b,c,,,,,stand_up,wave
4615,act_47_61,meeting_room,2.4,3,,c,,e,,b,,pick_up,,sit_down,,pick_up
622,act_7_28,classroom,2.4,2,d,e,,,,,nothing,walk,,,,
4008,act_41_48,meeting_room,2.4,1,,,,,e,,,,,,wave,
8840,act_90_29,empty_room,2.4,5,d,,a,b,c,e,walk,,jump,wave,lie_down,rotation
7725,act_79_3,empty_room,2.4,2,a,b,,,,,rotation,jump,,,,
3899,act_40_38,meeting_room,2.4,1,,,,c,,,,,,wave,,
10529,act_107_35,empty_room,5.0,5,,e,a,b,c,d,,stand_up,nothing,walk,rotation,sit_down
7891,act_80_70,empty_room,2.4,2,,,e,a,,,,,pick_up,sit_down,,
266,act_3_68,classroom,2.4,1,,,e,,,,,,wave,,,
4992,act_51_42,meeting_room,2.4,4,e,,b,,d,a,lie_down,,sit_down,,nothing,pick_up
1179,act_12_90,classroom,2.4,3,e,,,,d,a,stand_up,,,,nothing,stand_up
1984,act_21_4,classroom,5.0,1,,,c,,,,,,lie_down,,,
9827,act_100_26,empty_room,5.0,3,c,d,e,,,,sit_down,stand_up,nothing,,,
2465,act_25_89,classroom,5.0,2,e,a,,,,,sit_down,sit_down,,,,
4803,act_49_51,meeting_room,2.4,4,a,b,c,d,,,lie_down,lie_down,pick_up,pick_up,,
8273,act_84_56,empty_room,2.4,3,b,,,,a,c,walk,,,,jump,walk
7389,act_75_63,empty_room,2.4,1,,,d,,,,,,nothing,,,
1721,act_18_38,classroom,2.4,5,e,,b,c,d,a,walk,,jump,wave,lie_down,rotation
5528,act_56_83,meeting_room,5.0,1,,a,,,,,,walk,,,,
511,act_6_16,classroom,2.4,1,,,,,,b,,,,,,pick_up
3080,act_32_11,classroom,5.0,4,,c,,e,a,b,,rotation,,wave,lie_down,walk
4413,act_45_57,meeting_room,2.4,2,,,,,a,b,,,,,wave,rotation
3548,act_36_83,classroom,5.0,5,e,,b,c,d,a,walk,,walk,walk,rotation,walk
5441,act_55_95,meeting_room,5.0,1,a,,,,,,wave,,,,,
9744,act_99_42,empty_room,5.0,2,,,,,d,e,,,,,nothing,lie_down
10772,act_201_80,classroom,2.4,0,,,,,,,,,,,,
5182,act_53_34,meeting_room,2.4,5,,e,a,b,c,d,,sit_down,stand_up,nothing,walk,pick_up
6030,act_61_90,meeting_room,5.0,2,e,a,,,,,stand_up,stand_up,,,,
5668,act_58_25,meeting_room,5.0,1,,,,a,,,,,,nothing,,
260,act_3_62,classroom,2.4,1,,,d,,,,,,stand_up,,,
4723,act_48_70,meeting_room,2.4,3,c,,,,b,d,pick_up,,,,sit_down,pick_up
5839,act_59_97,meeting_room,5.0,1,,,,,e,,,,,,pick_up,
10907,act_203_17,meeting_room,2.4,0,,,,,,,,,,,,
2920,act_30_49,classroom,5.0,3,a,,,,e,b,jump,,,,lie_down,jump
1985,act_21_5,classroom,5.0,1,,,c,,,,,,pick_up,,,
8584,act_87_70,empty_room,2.4,4,c,,e,,b,d,pick_up,,pick_up,,sit_down,pick_up
5684,act_58_41,meeting_room,5.0,1,,,,c,,,,,,sit_down,,
5067,act_52_18,meeting_room,2.4,5,b,c,d,e,a,,stand_up,nothing,walk,rotation,jump,
1955,act_20_74,classroom,5.0,1,,e,,,,,,walk,,,,
757,act_8_64,classroom,2.4,2,,,e,a,,,,,nothing,walk,,
178,act_2_79,classroom,2.4,1,,e,,,,,,pick_up,,,,
3788,act_39_26,meeting_room,2.4,1,,,e,,,,,,nothing,,,
8874,act_90_63,empty_room,2.4,5,b,,d,e,a,c,stand_up,,nothing,nothing,walk,stand_up
4193,act_43_35,meeting_room,2.4,2,d,e,,,,,sit_down,stand_up,,,,
201,act_3_3,classroom,2.4,1,,,c,,,,,,wave,,,
8684,act_88_71,empty_room,2.4,5,c,d,e,a,b,,sit_down,sit_down,sit_down,stand_up,stand_up,
7273,act_74_46,empty_room,2.4,1,,b,,,,,,nothing,,,,
3296,act_34_29,classroom,5.0,5,d,e,a,b,c,,walk,rotation,jump,wave,lie_down,
8699,act_88_86,empty_room,2.4,5,e,a,b,c,d,,wave,wave,wave,wave,lie_down,
4956,act_51_6,meeting_room,2.4,4,a,,c,,e,b,lie_down,,sit_down,,nothing,pick_up
2715,act_28_42,classroom,5.0,3,e,a,b,,,,lie_down,pick_up,sit_down,,,
7086,act_72_57,meeting_room,5.0,5,b,,d,e,a,c,rotation,,jump,jump,wave,rotation
3586,act_37_22,meeting_room,2.4,1,c,,,,,,jump,,,,,
8403,act_85_87,empty_room,2.4,4,e,a,b,c,,,lie_down,lie_down,lie_down,lie_down,,
1403,act_15_17,classroom,2.4,4,b,,d,,a,c,sit_down,,nothing,,rotation,stand_up
7034,act_72_5,meeting_room,5.0,5,a,,c,d,e,b,wave,,pick_up,sit_down,stand_up,lie_down
7248,act_74_21,empty_room,2.4,1,,d,,,,,,jump,,,,
9592,act_97_88,empty_room,5.0,2,e,a,,,,,pick_up,pick_up,,,,
4396,act_45_40,meeting_room,2.4,2,,,,,d,e,,,,,sit_down,jump
5702,act_58_59,meeting_room,5.0,1,,,,e,,,,,,lie_down,,
2621,act_27_47,classroom,5.0,2,,,,,e,a,,,,,jump,walk
3003,act_31_33,classroom,5.0,4,d,e,a,b,,,lie_down,pick_up,sit_down,stand_up,,
1119,act_12_30,classroom,2.4,3,d,,,,c,e,rotation,,,,pick_up,jump
2754,act_28_81,classroom,5.0,3,d,e,a,,,,stand_up,stand_up,stand_up,,,
8431,act_86_16,empty_room,2.4,4,,c,,e,a,b,,sit_down,,nothing,walk,pick_up
1836,act_19_54,classroom,5.0,1,a,,,,,,stand_up,,,,,
3542,act_36_77,classroom,5.0,5,d,,a,b,c,e,wave,,wave,lie_down,lie_down,wave
5268,act_54_21,meeting_room,2.4,5,c,,e,a,b,d,rotation,,wave,lie_down,pick_up,jump
6042,act_62_3,meeting_room,5.0,2,,,c,d,,,,,wave,lie_down,,
5970,act_61_30,meeting_room,5.0,2,d,e,,,,,rotation,jump,,,,
2856,act_29_84,classroom,5.0,3,,a,,c,,e,,rotation,,rotation,,rotation
8167,act_83_49,empty_room,2.4,3,,b,,d,,a,,jump,,wave,,jump
6476,act_66_41,meeting_room,5.0,3,e,,,,d,a,wave,,,,stand_up,lie_down
4711,act_48_58,meeting_room,2.4,3,b,,,,a,c,jump,,,,lie_down,jump
2677,act_28_4,classroom,5.0,3,a,b,c,,,,jump,wave,lie_down,,,
10203,act_104_6,empty_room,5.0,4,,b,,d,e,a,,pick_up,,stand_up,nothing,lie_down
8455,act_86_40,empty_room,2.4,4,,a,,c,d,e,,wave,,pick_up,sit_down,jump
3448,act_35_82,classroom,5.0,5,,a,b,c,d,e,,nothing,nothing,nothing,walk,nothing
6120,act_62_81,meeting_room,5.0,2,,,a,b,,,,,stand_up,nothing,,
3038,act_31_68,classroom,5.0,4,c,d,e,a,,,wave,wave,wave,lie_down,,
7083,act_72_54,meeting_room,5.0,5,a,,c,d,e,b,stand_up,,nothing,nothing,walk,stand_up
2418,act_25_42,classroom,5.0,2,e,a,,,,,lie_down,pick_up,,,,
7566,act_77_42,empty_room,2.4,1,,,,,d,,,,,,nothing,
6347,act_65_11,meeting_room,5.0,3,,c,,e,,b,,rotation,,wave,,walk
2479,act_26_4,classroom,5.0,2,,,c,d,,,,,lie_down,pick_up,,
6960,act_71_30,meeting_room,5.0,5,,e,a,b,c,d,,jump,wave,lie_down,pick_up,rotation
6493,act_66_58,meeting_room,5.0,3,b,,,,a,c,jump,,,,lie_down,jump
9713,act_99_11,empty_room,5.0,2,,,,,a,b,,,,,lie_down,walk
2911,act_30_40,classroom,5.0,3,e,,,,d,a,jump,,,,sit_down,wave
2689,act_28_16,classroom,5.0,3,b,c,d,,,,pick_up,sit_down,stand_up,,,
8764,act_89_52,empty_room,2.4,5,,b,c,d,e,a,,pick_up,sit_down,sit_down,stand_up,pick_up
2865,act_29_93,classroom,5.0,3,,b,,d,,a,,rotation,,rotation,,rotation
2817,act_29_45,classroom,5.0,3,,a,,c,,e,,nothing,,rotation,,stand_up
8628,act_88_15,empty_room,2.4,5,b,c,d,e,a,,lie_down,pick_up,sit_down,stand_up,nothing,
2158,act_22_79,classroom,5.0,1,,,,b,,,,,,sit_down,,
11223,act_206_36,empty_room,5.0,0,,,,,,,,,,,,
3845,act_39_83,meeting_room,2.4,1,,,b,,,,,,walk,,,
8281,act_84_64,empty_room,2.4,3,c,,,,b,d,nothing,,,,walk,nothing
840,act_9_48,classroom,2.4,2,,,,,e,a,,,,,wave,rotation
6390,act_65_54,meeting_room,5.0,3,,b,,d,,a,,stand_up,,nothing,,stand_up
3442,act_35_76,classroom,5.0,5,,e,a,b,c,d,,jump,jump,wave,wave,jump
4901,act_50_50,meeting_room,2.4,4,,b,,d,e,a,,wave,,lie_down,pick_up,wave
9489,act_96_84,empty_room,5.0,1,,,,,,e,,,,,,rotation
741,act_8_48,classroom,2.4,2,,,c,d,,,,,jump,jump,,
7277,act_74_50,empty_room,2.4,1,,b,,,,,,wave,,,,
4289,act_44_32,meeting_room,2.4,2,,,a,b,,,,,pick_up,sit_down,,
8827,act_90_16,empty_room,2.4,5,b,,d,e,a,c,pick_up,,stand_up,nothing,walk,sit_down
4129,act_42_70,meeting_room,2.4,1,,,,,,c,,,,,,pick_up
9333,act_95_27,empty_room,5.0,1,,,,,b,,,,,,jump,
8186,act_83_68,empty_room,2.4,3,,d,,a,,c,,wave,,lie_down,,wave
4422,act_45_66,meeting_room,2.4,2,,,,,b,c,,,,,jump,rotation
8856,act_90_45,empty_room,2.4,5,e,,b,c,d,a,stand_up,,walk,rotation,jump,nothing
9723,act_99_21,empty_room,5.0,2,,,,,b,c,,,,,pick_up,rotation
11233,act_206_46,empty_room,5.0,0,,,,,,,,,,,,
368,act_4_71,classroom,2.4,1,,,,a,,,,,,stand_up,,
8892,act_90_81,empty_room,2.4,5,d,,a,b,c,e,stand_up,,stand_up,nothing,nothing,stand_up
4194,act_43_36,meeting_room,2.4,2,d,e,,,,,stand_up,nothing,,,,
1428,act_15_42,classroom,2.4,4,e,,b,,d,a,lie_down,,sit_down,,nothing,pick_up
8507,act_86_92,empty_room,2.4,4,,b,,d,e,a,,walk,,walk,walk,walk
1596,act_17_12,classroom,2.4,5,,c,d,e,a,b,,jump,wave,lie_down,pick_up,rotation
425,act_5_29,classroom,2.4,1,,,,,c,,,,,,lie_down,
5681,act_58_38,meeting_room,5.0,1,,,,c,,,,,,wave,,
3618,act_37_54,meeting_room,2.4,1,a,,,,,,stand_up,,,,,
5262,act_54_15,meeting_room,2.4,5,b,,d,e,a,c,lie_down,,sit_down,stand_up,nothing,pick_up
2200,act_23_22,classroom,5.0,1,,,,,b,,,,,,sit_down,
2626,act_27_52,classroom,5.0,2,,,,,e,a,,,,,stand_up,pick_up
953,act_10_62,classroom,2.4,3,b,c,d,,,,sit_down,sit_down,stand_up,,,
6770,act_69_38,meeting_room,5.0,4,e,,b,,d,a,walk,,jump,,lie_down,rotation
3069,act_31_99,classroom,5.0,4,a,b,c,d,,,stand_up,stand_up,stand_up,stand_up,,
1422,act_15_36,classroom,2.4,4,d,,a,,c,e,stand_up,,walk,,jump,nothing
9396,act_95_90,empty_room,5.0,1,,,,,d,,,,,,nothing,
10224,act_104_27,empty_room,5.0,4,,d,,a,b,c,,nothing,,rotation,jump,stand_up
6572,act_67_38,meeting_room,5.0,4,e,a,b,c,,,walk,rotation,jump,wave,,
4958,act_51_8,meeting_room,2.4,4,a,,c,,e,b,sit_down,,nothing,,rotation,stand_up
4458,act_46_3,meeting_room,2.4,3,a,b,c,,,,rotation,jump,wave,,,
5426,act_55_80,meeting_room,5.0,1,d,,,,,,sit_down,,,,,
1627,act_17_43,classroom,2.4,5,,a,b,c,d,e,,sit_down,stand_up,nothing,walk,pick_up
695,act_8_2,classroom,2.4,2,,,c,d,,,,,jump,wave,,
6909,act_70_78,meeting_room,5.0,5,d,e,a,b,c,,lie_down,lie_down,lie_down,pick_up,pick_up,
4607,act_47_53,meeting_room,2.4,3,,b,,d,,a,,sit_down,,stand_up,,sit_down
1384,act_14_97,classroom,2.4,4,,b,,d,e,a,,pick_up,,pick_up,pick_up,pick_up
1069,act_11_79,classroom,2.4,3,,e,,b,,d,,pick_up,,sit_down,,pick_up
136,act_2_37,classroom,2.4,1,,a,,,,,,walk,,,,
3012,act_31_42,classroom,5.0,4,e,a,b,c,,,lie_down,pick_up,sit_down,stand_up,,
3783,act_39_21,meeting_room,2.4,1,,,e,,,,,,wave,,,
9945,act_101_45,empty_room,5.0,3,,a,,c,,e,,nothing,,rotation,,stand_up
2151,act_22_72,classroom,5.0,1,,,,a,,,,,,nothing,,
1890,act_20_9,classroom,5.0,1,,b,,,,,,nothing,,,,
5829,act_59_87,meeting_room,5.0,1,,,,,d,,,,,,pick_up,
8386,act_85_70,empty_room,2.4,4,c,d,e,a,,,pick_up,pick_up,pick_up,sit_down,,
10734,act_201_42,classroom,2.4,0,,,,,,,,,,,,
8896,act_90_85,empty_room,2.4,5,e,,b,c,d,a,jump,,jump,jump,wave,jump
4005,act_41_45,meeting_room,2.4,1,,,,,d,,,,,,jump,
10397,act_106_2,empty_room,5.0,5,a,b,c,d,e,,walk,rotation,jump,wave,lie_down,
2928,act_30_57,classroom,5.0,3,b,,,,a,c,rotation,,,,wave,rotation
8798,act_89_86,empty_room,2.4,5,,a,b,c,d,e,,wave,wave,wave,lie_down,wave
6437,act_66_2,meeting_room,5.0,3,a,,,,e,b,walk,,,,lie_down,rotation
9891,act_100_90,empty_room,5.0,3,e,a,b,,,,stand_up,stand_up,stand_up,,,
2620,act_27_46,classroom,5.0,2,,,,,e,a,,,,,rotation,nothing
1794,act_19_12,classroom,5.0,1,b,,,,,,rotation,,,,,
4072,act_42_13,meeting_room,2.4,1,,,,,,b,,,,,,jump
10675,act_108_82,empty_room,5.0,5,e,,b,c,d,a,nothing,,nothing,nothing,walk,nothing
97,act_1_97,classroom,2.4,1,a,,,,,,pick_up,,,,,
427,act_5_31,classroom,2.4,1,,,,,c,,,,,,sit_down,
2961,act_30_90,classroom,5.0,3,e,,,,d,a,stand_up,,,,nothing,stand_up
5160,act_53_12,meeting_room,2.4,5,,c,d,e,a,b,,jump,wave,lie_down,pick_up,rotation
8006,act_81_86,empty_room,2.4,2,,,,,d,e,,,,,lie_down,wave
2953,act_30_82,classroom,5.0,3,e,,,,d,a,nothing,,,,walk,nothing
2143,act_22_64,classroom,5.0,1,,,,a,,,,,,walk,,
5339,act_54_92,meeting_room,2.4,5,a,,c,d,e,b,walk,,walk,walk,walk,walk
5688,act_58_45,meeting_room,5.0,1,,,,c,,,,,,rotation,,
7746,act_79_24,empty_room,2.4,2,c,d,,,,,lie_down,pick_up,,,,
1043,act_11_53,classroom,2.4,3,,b,,d,,a,,sit_down,,stand_up,,sit_down
7610,act_77_86,empty_room,2.4,1,,,,,d,,,,,,lie_down,
7926,act_81_6,empty_room,2.4,2,,,,,e,a,,,,,nothing,lie_down
2955,act_30_84,classroom,5.0,3,e,,,,d,a,rotation,,,,jump,rotation
5400,act_55_54,meeting_room,5.0,1,a,,,,,,stand_up,,,,,
8911,act_91_1,empty_room,5.0,1,a,,,,,,nothing,,,,,
8846,act_90_35,empty_room,2.4,5,d,,a,b,c,e,sit_down,,nothing,walk,rotation,stand_up
583,act_6_88,classroom,2.4,1,,,,,,e,,,,,,pick_up
9639,act_98_36,empty_room,5.0,2,,,a,b,,,,,walk,rotation,,
2987,act_31_17,classroom,5.0,4,b,c,d,e,,,sit_down,stand_up,nothing,walk,,
4,act_1_4,classroom,2.4,1,a,,,,,,jump,,,,,
6946,act_71_16,meeting_room,5.0,5,,c,d,e,a,b,,sit_down,stand_up,nothing,walk,pick_up
2185,act_23_7,classroom,5.0,1,,,,,e,,,,,,walk,
7602,act_77_78,empty_room,2.4,1,,,,,c,,,,,,pick_up,
9242,act_94_35,empty_room,5.0,1,,,,b,,,,,,walk,,
8890,act_90_79,empty_room,2.4,5,d,,a,b,c,e,pick_up,,pick_up,sit_down,sit_down,pick_up
2686,act_28_13,classroom,5.0,3,b,c,d,,,,jump,wave,lie_down,,,
10045,act_102_46,empty_room,5.0,3,a,,,,e,b,nothing,,,,rotation,nothing
7709,act_78_86,empty_room,2.4,1,,,,,,e,,,,,,wave
5494,act_56_49,meeting_room,5.0,1,,b,,,,,,jump,,,,
4503,act_46_48,meeting_room,2.4,3,a,b,c,,,,rotation,rotation,jump,,,
440,act_5_44,classroom,2.4,1,,,,,d,,,,,,rotation,
10482,act_106_87,empty_room,5.0,5,e,a,b,c,d,,lie_down,lie_down,lie_down,lie_down,pick_up,
3932,act_40_71,meeting_room,2.4,1,,,,a,,,,,,stand_up,,
2070,act_21_90,classroom,5.0,1,,,b,,,,,,stand_up,,,
5550,act_57_6,meeting_room,5.0,1,,,c,,,,,,sit_down,,,
9938,act_101_38,empty_room,5.0,3,,a,,c,,e,,rotation,,wave,,walk
7367,act_75_41,empty_room,2.4,1,,,b,,,,,,pick_up,,,
89,act_1_89,classroom,2.4,1,e,,,,,,sit_down,,,,,
2326,act_24_49,classroom,5.0,1,,,,,,a,,,,,,jump
11239,act_206_52,empty_room,5.0,0,,,,,,,,,,,,
2407,act_25_31,classroom,5.0,2,d,e,,,,,jump,wave,,,,
5667,act_58_24,meeting_room,5.0,1,,,,a,,,,,,stand_up,,
7119,act_72_90,meeting_room,5.0,5,e,,b,c,d,a,stand_up,,stand_up,stand_up,nothing,stand_up
275,act_3_77,classroom,2.4,1,,,a,,,,,,wave,,,
5804,act_59_62,meeting_room,5.0,1,,,,,a,,,,,,nothing,
8987,act_91_77,empty_room,5.0,1,d,,,,,,wave,,,,,
9423,act_96_18,empty_room,5.0,1,,,,,,b,,,,,,stand_up
6974,act_71_44,meeting_room,5.0,5,,a,b,c,d,e,,stand_up,nothing,walk,rotation,sit_down
3032,act_31_62,classroom,5.0,4,b,c,d,e,,,sit_down,sit_down,stand_up,stand_up,,
5215,act_53_67,meeting_room,2.4,5,,d,e,a,b,c,,jump,jump,wave,wave,jump
1435,act_15_49,classroom,2.4,4,a,,c,,e,b,jump,,wave,,lie_down,jump
6798,act_69_66,meeting_room,5.0,4,c,,e,,b,d,rotation,,rotation,,jump,rotation
416,act_5_20,classroom,2.4,1,,,,,b,,,,,,lie_down,
9561,act_97_57,empty_room,5.0,2,b,c,,,,,rotation,rotation,,,,
7038,act_72_9,meeting_room,5.0,5,a,,c,d,e,b,stand_up,,walk,rotation,jump,nothing
10119,act_103_21,empty_room,5.0,4,c,d,e,a,,,rotation,jump,wave,lie_down,,
10215,act_104_18,empty_room,5.0,4,,c,,e,a,b,,nothing,,rotation,jump,stand_up
5895,act_60_54,meeting_room,5.0,1,,,,,,a,,,,,,stand_up
10428,act_106_33,empty_room,5.0,5,d,e,a,b,c,,lie_down,pick_up,sit_down,stand_up,nothing,
711,act_8_18,classroom,2.4,2,,,d,e,,,,,walk,rotation,,
6086,act_62_47,meeting_room,5.0,2,,,c,d,,,,,rotation,rotation,,
408,act_5_12,classroom,2.4,1,,,,,a,,,,,,pick_up,
2393,act_25_17,classroom,5.0,2,b,c,,,,,sit_down,stand_up,,,,
8971,act_91_61,empty_room,5.0,1,b,,,,,,pick_up,,,,,
4619,act_47_65,meeting_room,2.4,3,,d,,a,,c,,walk,,rotation,,walk
2885,act_30_14,classroom,5.0,3,b,,,,a,c,wave,,,,stand_up,lie_down
5805,act_59_63,meeting_room,5.0,1,,,,,a,,,,,,walk,
7196,act_73_68,empty_room,2.4,1,c,,,,,,wave,,,,,
6879,act_70_48,meeting_room,5.0,5,a,b,c,d,e,,rotation,rotation,jump,jump,wave,
1454,act_15_68,classroom,2.4,4,c,,e,,b,d,wave,,wave,,lie_down,wave
9624,act_98_21,empty_room,5.0,2,,,e,a,,,,,wave,lie_down,,
7539,act_77_15,empty_room,2.4,1,,,,,a,,,,,,nothing,
3330,act_34_63,classroom,5.0,5,b,c,d,e,a,,stand_up,stand_up,nothing,nothing,walk,
8682,act_88_69,empty_room,2.4,5,c,d,e,a,b,,lie_down,lie_down,lie_down,pick_up,pick_up,
2389,act_25_13,classroom,5.0,2,b,c,,,,,jump,wave,,,,
6889,act_70_58,meeting_room,5.0,5,b,c,d,e,a,,jump,jump,wave,wave,lie_down,
10108,act_103_10,empty_room,5.0,4,b,c,d,e,,,nothing,walk,rotation,jump,,
1111,act_12_22,classroom,2.4,3,c,,,,b,d,jump,,,,sit_down,wave
7916,act_80_95,empty_room,2.4,2,,,c,d,,,,,wave,wave,,
10091,act_102_92,empty_room,5.0,3,a,,,,e,b,walk,,,,walk,walk
4373,act_45_17,meeting_room,2.4,2,,,,,a,b,,,,,rotation,sit_down
3025,act_31_55,classroom,5.0,4,b,c,d,e,,,nothing,nothing,walk,walk,,
8301,act_84_84,empty_room,2.4,3,e,,,,d,a,rotation,,,,jump,rotation
3657,act_37_93,meeting_room,2.4,1,a,,,,,,rotation,,,,,
3615,act_37_51,meeting_room,2.4,1,a,,,,,,lie_down,,,,,
9977,act_101_77,empty_room,5.0,3,,e,,b,,d,,wave,,lie_down,,wave
4739,act_48_86,meeting_room,2.4,3,e,,,,d,a,wave,,,,lie_down,wave
634,act_7_40,classroom,2.4,2,e,a,,,,,jump,wave,,,,
4683,act_48_30,meeting_room,2.4,3,d,,,,c,e,rotation,,,,pick_up,jump
2749,act_28_76,classroom,5.0,3,d,e,a,,,,jump,jump,jump,,,
9364,act_95_58,empty_room,5.0,1,,,,,a,,,,,,lie_down,
5439,act_55_93,meeting_room,5.0,1,a,,,,,,rotation,,,,,
132,act_2_33,classroom,2.4,1,,e,,,,,,pick_up,,,,
3774,act_39_12,meeting_room,2.4,1,,,d,,,,,,wave,,,
1238,act_13_50,classroom,2.4,4,a,b,c,d,,,wave,wave,lie_down,lie_down,,
10244,act_104_47,empty_room,5.0,4,,b,,d,e,a,,walk,,rotation,jump,walk
775,act_8_82,classroom,2.4,2,,,b,c,,,,,nothing,nothing,,
4450,act_45_94,meeting_room,2.4,2,,,,,e,a,,,,,jump,jump
312,act_4_15,classroom,2.4,1,,,,e,,,,,,stand_up,,
10990,act_204_1,meeting_room,5.0,0,,,,,,,,,,,,
10995,act_204_6,meeting_room,5.0,0,,,,,,,,,,,,
10903,act_203_13,meeting_room,2.4,0,,,,,,,,,,,,
470,act_5_74,classroom,2.4,1,,,,,c,,,,,,rotation,
3571,act_37_7,meeting_room,2.4,1,a,,,,,,pick_up,,,,,
2565,act_26_90,classroom,5.0,2,,,b,c,,,,,stand_up,stand_up,,
3690,act_38_27,meeting_room,2.4,1,,d,,,,,,nothing,,,,
9276,act_94_69,empty_room,5.0,1,,,,a,,,,,,pick_up,,
994,act_11_4,classroom,2.4,3,,b,,d,,a,,wave,,pick_up,,jump
5047,act_51_97,meeting_room,2.4,4,a,,c,,e,b,pick_up,,pick_up,,pick_up,pick_up
4961,act_51_11,meeting_room,2.4,4,b,,d,,a,c,walk,,jump,,lie_down,rotation
3706,act_38_43,meeting_room,2.4,1,,a,,,,,,sit_down,,,,
10870,act_202_79,classroom,5.0,0,,,,,,,,,,,,
564,act_6_69,classroom,2.4,1,,,,,,c,,,,,,lie_down
2349,act_24_72,classroom,5.0,1,,,,,,c,,,,,,stand_up
10668,act_108_75,empty_room,5.0,5,d,,a,b,c,e,rotation,,rotation,jump,jump,rotation
4542,act_46_87,meeting_room,2.4,3,e,a,b,,,,lie_down,lie_down,lie_down,,,
5299,act_54_52,meeting_room,2.4,5,a,,c,d,e,b,pick_up,,sit_down,sit_down,stand_up,pick_up
8212,act_83_94,empty_room,2.4,3,,b,,d,,a,,jump,,jump,,jump
5272,act_54_25,meeting_room,2.4,5,c,,e,a,b,d,pick_up,,stand_up,nothing,walk,sit_down
6833,act_70_2,meeting_room,5.0,5,a,b,c,d,e,,walk,rotation,jump,wave,lie_down,
4229,act_43_71,meeting_room,2.4,2,c,d,,,,,sit_down,sit_down,,,,
5943,act_61_3,meeting_room,5.0,2,a,b,,,,,rotation,jump,,,,
80,act_1_80,classroom,2.4,1,d,,,,,,sit_down,,,,,
8029,act_82_10,empty_room,2.4,3,b,c,d,,,,nothing,walk,rotation,,,
7822,act_80_1,empty_room,2.4,2,,,c,d,,,,,rotation,jump,,
6915,act_70_84,meeting_room,5.0,5,e,a,b,c,d,,rotation,rotation,rotation,rotation,jump,
10105,act_103_7,empty_room,5.0,4,a,b,c,d,,,pick_up,sit_down,stand_up,nothing,,
2016,act_21_36,classroom,5.0,1,,,a,,,,,,walk,,,
6662,act_68_29,meeting_room,5.0,4,,e,,b,c,d,,rotation,,wave,lie_down,walk
1748,act_18_65,classroom,2.4,5,c,,e,a,b,d,walk,,walk,rotation,rotation,walk
11200,act_206_13,empty_room,5.0,0,,,,,,,,,,,,
9864,act_100_63,empty_room,5.0,3,b,c,d,,,,stand_up,stand_up,nothing,,,
5359,act_55_13,meeting_room,5.0,1,b,,,,,,jump,,,,,
334,act_4_37,classroom,2.4,1,,,,c,,,,,,jump,,
10085,act_102_86,empty_room,5.0,3,e,,,,d,a,wave,,,,lie_down,wave
5765,act_59_23,meeting_room,5.0,1,,,,,b,,,,,,stand_up,
1085,act_11_95,classroom,2.4,3,,b,,d,,a,,wave,,wave,,wave
451,act_5_55,classroom,2.4,1,,,,,a,,,,,,rotation,
7289,act_74_62,empty_room,2.4,1,,c,,,,,,sit_down,,,,
4506,act_46_51,meeting_room,2.4,3,a,b,c,,,,lie_down,lie_down,pick_up,,,
294,act_3_96,classroom,2.4,1,,,c,,,,,,lie_down,,,
1146,act_12_57,classroom,2.4,3,b,,,,a,c,rotation,,,,wave,rotation
4103,act_42_44,meeting_room,2.4,1,,,,,,e,,,,,,sit_down
5548,act_57_4,meeting_room,5.0,1,,,c,,,,,,lie_down,,,
10278,act_104_81,empty_room,5.0,4,,e,,b,c,d,,stand_up,,nothing,nothing,stand_up
7397,act_75_71,empty_room,2.4,1,,,e,,,,,,sit_down,,,
10890,act_202_99,classroom,5.0,0,,,,,,,,,,,,
853,act_9_61,classroom,2.4,2,,,,,a,b,,,,,stand_up,pick_up
3388,act_35_22,classroom,5.0,5,,d,e,a,b,c,,wave,lie_down,pick_up,sit_down,jump
4133,act_42_74,meeting_room,2.4,1,,,,,,d,,,,,,walk
9096,act_92_87,empty_room,5.0,1,,a,,,,,,lie_down,,,,
7402,act_75_76,empty_room,2.4,1,,,a,,,,,,jump,,,
2923,act_30_52,classroom,5.0,3,a,,,,e,b,pick_up,,,,stand_up,pick_up
4869,act_50_18,meeting_room,2.4,4,,c,,e,a,b,,nothing,,rotation,jump,stand_up
9931,act_101_31,empty_room,5.0,3,,e,,b,,d,,wave,,pick_up,,jump
3828,act_39_66,meeting_room,2.4,1,,,e,,,,,,rotation,,,
1124,act_12_35,classroom,2.4,3,d,,,,c,e,sit_down,,,,rotation,stand_up
4082,act_42_23,meeting_room,2.4,1,,,,,,c,,,,,,wave
5810,act_59_68,meeting_room,5.0,1,,,,,b,,,,,,lie_down,
11280,act_206_93,empty_room,5.0,0,,,,,,,,,,,,
1220,act_13_32,classroom,2.4,4,d,e,a,b,,,wave,lie_down,pick_up,sit_down,,
4875,act_50_24,meeting_room,2.4,4,,d,,a,b,c,,pick_up,,stand_up,nothing,lie_down
11247,act_206_60,empty_room,5.0,0,,,,,,,,,,,,
6783,act_69_51,meeting_room,5.0,4,a,,c,,e,b,lie_down,,pick_up,,sit_down,lie_down
10295,act_104_98,empty_room,5.0,4,,b,,d,e,a,,sit_down,,sit_down,sit_down,sit_down
501,act_6_6,classroom,2.4,1,,,,,,a,,,,,,lie_down
4915,act_50_64,meeting_room,2.4,4,,d,,a,b,c,,nothing,,walk,walk,nothing
5139,act_52_90,meeting_room,2.4,5,e,a,b,c,d,,stand_up,stand_up,stand_up,stand_up,nothing,
4585,act_47_31,meeting_room,2.4,3,,e,,b,,d,,wave,,pick_up,,jump
7894,act_80_73,empty_room,2.4,2,,,a,b,,,,,nothing,walk,,
7760,act_79_38,empty_room,2.4,2,e,a,,,,,walk,rotation,,,,
6327,act_64_90,meeting_room,5.0,3,e,a,b,,,,stand_up,stand_up,stand_up,,,
8244,act_84_27,empty_room,2.4,3,c,,,,b,d,stand_up,,,,jump,nothing
2710,act_28_37,classroom,5.0,3,e,a,b,,,,nothing,walk,rotation,,,
7911,act_80_90,empty_room,2.4,2,,,b,c,,,,,stand_up,stand_up,,
6647,act_68_14,meeting_room,5.0,4,,c,,e,a,b,,lie_down,,sit_down,stand_up,wave
5145,act_52_96,meeting_room,2.4,5,a,b,c,d,e,,lie_down,lie_down,lie_down,lie_down,lie_down,
7287,act_74_60,empty_room,2.4,1,,c,,,,,,lie_down,,,,
3533,act_36_68,classroom,5.0,5,c,,e,a,b,d,wave,,wave,lie_down,lie_down,wave
6221,act_63_83,meeting_room,5.0,2,,,,,d,e,,,,,rotation,walk
7174,act_73_46,empty_room,2.4,1,a,,,,,,nothing,,,,,
1670,act_17_86,classroom,2.4,5,,a,b,c,d,e,,wave,wave,wave,lie_down,wave
7874,act_80_53,empty_room,2.4,2,,,c,d,,,,,stand_up,stand_up,,
300,act_4_3,classroom,2.4,1,,,,d,,,,,,lie_down,,
8471,act_86_56,empty_room,2.4,4,,c,,e,a,b,,walk,,rotation,jump,walk
1195,act_13_7,classroom,2.4,4,a,b,c,d,,,pick_up,sit_down,stand_up,nothing,,
6150,act_63_12,meeting_room,5.0,2,,,,,a,b,,,,,pick_up,rotation
1419,act_15_33,classroom,2.4,4,d,,a,,c,e,lie_down,,sit_down,,nothing,pick_up
10629,act_108_36,empty_room,5.0,5,d,,a,b,c,e,stand_up,,walk,rotation,jump,nothing
972,act_10_81,classroom,2.4,3,d,e,a,,,,stand_up,stand_up,stand_up,,,
2211,act_23_33,classroom,5.0,1,,,,,c,,,,,,nothing,
2253,act_23_75,classroom,5.0,1,,,,,c,,,,,,jump,
1114,act_12_25,classroom,2.4,3,c,,,,b,d,pick_up,,,,walk,sit_down
2904,act_30_33,classroom,5.0,3,d,,,,c,e,lie_down,,,,nothing,pick_up
2612,act_27_38,classroom,5.0,2,,,,,d,e,,,,,lie_down,walk
5647,act_58_4,meeting_room,5.0,1,,,,d,,,,,,pick_up,,
10898,act_203_8,meeting_room,2.4,0,,,,,,,,,,,,
5836,act_59_94,meeting_room,5.0,1,,,,,e,,,,,,jump,
10380,act_105_84,empty_room,5.0,4,e,,b,,d,a,rotation,,rotation,,jump,rotation
4128,act_42_69,meeting_room,2.4,1,,,,,,c,,,,,,lie_down
7473,act_76_48,empty_room,2.4,1,,,,d,,,,,,jump,,
6387,act_65_51,meeting_room,5.0,3,,b,,d,,a,,lie_down,,pick_up,,lie_down
3235,act_33_67,classroom,5.0,4,c,,e,,b,d,jump,,jump,,wave,jump
1255,act_13_67,classroom,2.4,4,c,d,e,a,,,jump,jump,jump,wave,,
4066,act_42_7,meeting_room,2.4,1,,,,,,a,,,,,,pick_up
6552,act_67_18,meeting_room,5.0,4,b,c,d,e,,,stand_up,nothing,walk,rotation,,
10948,act_203_58,meeting_room,2.4,0,,,,,,,,,,,,
9787,act_99_85,empty_room,5.0,2,,,,,d,e,,,,,wave,jump
5913,act_60_72,meeting_room,5.0,1,,,,,,c,,,,,,stand_up
7370,act_75_44,empty_room,2.4,1,,,b,,,,,,nothing,,,
5624,act_57_80,meeting_room,5.0,1,,,a,,,,,,sit_down,,,
4925,act_50_74,meeting_room,2.4,4,,e,,b,c,d,,walk,,rotation,rotation,walk
7536,act_77_12,empty_room,2.4,1,,,,,a,,,,,,pick_up,
10442,act_106_47,empty_room,5.0,5,a,b,c,d,e,,walk,walk,rotation,rotation,jump,
1150,act_12_61,classroom,2.4,3,b,,,,a,c,pick_up,,,,stand_up,pick_up
7439,act_76_14,empty_room,2.4,1,,,,e,,,,,,sit_down,,
896,act_10_5,classroom,2.4,3,a,b,c,,,,wave,lie_down,pick_up,,,
11174,act_205_86,empty_room,2.4,0,,,,,,,,,,,,
8778,act_89_66,empty_room,2.4,5,,d,e,a,b,c,,rotation,rotation,jump,jump,rotation
766,act_8_73,classroom,2.4,2,,,a,b,,,,,nothing,walk,,
3945,act_40_84,meeting_room,2.4,1,,,,c,,,,,,rotation,,
8734,act_89_22,empty_room,2.4,5,,d,e,a,b,c,,wave,lie_down,pick_up,sit_down,jump
9116,act_93_8,empty_room,5.0,1,,,c,,,,,,nothing,,,
6022,act_61_82,meeting_room,5.0,2,e,a,,,,,nothing,nothing,,,,
5100,act_52_51,meeting_room,2.4,5,a,b,c,d,e,,lie_down,lie_down,pick_up,pick_up,sit_down,
5273,act_54_26,meeting_room,2.4,5,c,,e,a,b,d,sit_down,,nothing,walk,rotation,stand_up
7808,act_79_86,empty_room,2.4,2,e,a,,,,,wave,wave,,,,
3756,act_38_93,meeting_room,2.4,1,,b,,,,,,rotation,,,,
566,act_6_71,classroom,2.4,1,,,,,,c,,,,,,sit_down
6701,act_68_68,meeting_room,5.0,4,,d,,a,b,c,,wave,,lie_down,lie_down,wave
5573,act_57_29,meeting_room,5.0,1,,,a,,,,,,jump,,,
10043,act_102_44,empty_room,5.0,3,e,,,,d,a,sit_down,,,,rotation,stand_up
10093,act_102_94,empty_room,5.0,3,a,,,,e,b,jump,,,,jump,jump
1012,act_11_22,classroom,2.4,3,,d,,a,,c,,wave,,pick_up,,jump
5636,act_57_92,meeting_room,5.0,1,,,c,,,,,,walk,,,
11135,act_205_47,empty_room,2.4,0,,,,,,,,,,,,
5289,act_54_42,meeting_room,2.4,5,e,,b,c,d,a,lie_down,,sit_down,stand_up,nothing,pick_up
1346,act_14_59,classroom,2.4,4,,c,,e,a,b,,wave,,lie_down,pick_up,wave
11001,act_204_12,meeting_room,5.0,0,,,,,,,,,,,,
8753,act_89_41,empty_room,2.4,5,,a,b,c,d,e,,lie_down,pick_up,sit_down,stand_up,wave
8694,act_88_81,empty_room,2.4,5,d,e,a,b,c,,stand_up,stand_up,stand_up,nothing,nothing,
10305,act_105_9,empty_room,5.0,4,a,,c,,e,b,stand_up,,walk,,jump,nothing
10927,act_203_37,meeting_room,2.4,0,,,,,,,,,,,,
7929,act_81_9,empty_room,2.4,2,,,,,e,a,,,,,jump,stand_up
1714,act_18_31,classroom,2.4,5,d,,a,b,c,e,jump,,lie_down,pick_up,sit_down,wave
5770,act_59_28,meeting_room,5.0,1,,,,,c,,,,,,wave,
3521,act_36_56,classroom,5.0,5,b,,d,e,a,c,walk,,rotation,rotation,jump,walk
4120,act_42_61,meeting_room,2.4,1,,,,,,b,,,,,,pick_up
2239,act_23_61,classroom,5.0,1,,,,,a,,,,,,stand_up,
8363,act_85_47,empty_room,2.4,4,a,b,c,d,,,walk,walk,rotation,rotation,,
5235,act_53_87,meeting_room,2.4,5,,a,b,c,d,e,,lie_down,lie_down,lie_down,pick_up,lie_down
7014,act_71_84,meeting_room,5.0,5,,a,b,c,d,e,,rotation,rotation,rotation,jump,rotation
3772,act_39_10,meeting_room,2.4,1,,,d,,,,,,rotation,,,
4329,act_44_72,meeting_room,2.4,2,,,e,a,,,,,stand_up,nothing,,
8411,act_85_95,empty_room,2.4,4,a,b,c,d,,,wave,wave,wave,wave,,
6866,act_70_35,meeting_room,5.0,5,d,e,a,b,c,,sit_down,stand_up,nothing,walk,rotation,
4895,act_50_44,meeting_room,2.4,4,,a,,c,d,e,,stand_up,,walk,rotation,sit_down
5194,act_53_46,meeting_room,2.4,5,,b,c,d,e,a,,nothing,walk,walk,rotation,nothing
81,act_1_81,classroom,2.4,1,d,,,,,,stand_up,,,,,
8880,act_90_69,empty_room,2.4,5,c,,e,a,b,d,lie_down,,lie_down,pick_up,pick_up,lie_down
7318,act_74_91,empty_room,2.4,1,,b,,,,,,nothing,,,,
10799,act_202_8,classroom,5.0,0,,,,,,,,,,,,
336,act_4_39,classroom,2.4,1,,,,c,,,,,,lie_down,,
9203,act_93_95,empty_room,5.0,1,,,c,,,,,,wave,,,
6625,act_67_91,meeting_room,5.0,4,a,b,c,d,,,nothing,nothing,nothing,nothing,,
4454,act_45_98,meeting_room,2.4,2,,,,,e,a,,,,,sit_down,sit_down
3079,act_32_10,classroom,5.0,4,,c,,e,a,b,,walk,,jump,wave,nothing
3313,act_34_46,classroom,5.0,5,a,b,c,d,e,,nothing,nothing,walk,walk,rotation,
9635,act_98_32,empty_room,5.0,2,,,a,b,,,,,pick_up,sit_down,,
9997,act_101_97,empty_room,5.0,3,,b,,d,,a,,pick_up,,pick_up,,pick_up
6659,act_68_26,meeting_room,5.0,4,,d,,a,b,c,,stand_up,,walk,rotation,sit_down
1745,act_18_62,classroom,2.4,5,b,,d,e,a,c,sit_down,,stand_up,stand_up,nothing,sit_down
3468,act_36_3,classroom,5.0,5,a,,c,d,e,b,rotation,,wave,lie_down,pick_up,jump
11140,act_205_52,empty_room,2.4,0,,,,,,,,,,,,
8886,act_90_75,empty_room,2.4,5,d,,a,b,c,e,rotation,,rotation,jump,jump,rotation
8293,act_84_76,empty_room,2.4,3,d,,,,c,e,jump,,,,wave,jump
9788,act_99_86,empty_room,5.0,2,,,,,d,e,,,,,lie_down,wave
5815,act_59_73,meeting_room,5.0,1,,,,,c,,,,,,walk,
5050,act_52_1,meeting_room,2.4,5,a,b,c,d,e,,nothing,walk,rotation,jump,wave,
10881,act_202_90,classroom,5.0,0,,,,,,,,,,,,
3990,act_41_30,meeting_room,2.4,1,,,,,c,,,,,,pick_up,
5803,act_59_61,meeting_room,5.0,1,,,,,a,,,,,,stand_up,
1184,act_12_95,classroom,2.4,3,a,,,,e,b,wave,,,,wave,wave
32,act_1_32,classroom,2.4,1,d,,,,,,wave,,,,,
4059,act_41_99,meeting_room,2.4,1,,,,,e,,,,,,stand_up,
6385,act_65_49,meeting_room,5.0,3,,b,,d,,a,,jump,,wave,,jump
2685,act_28_12,classroom,5.0,3,b,c,d,,,,rotation,jump,wave,,,
9366,act_95_60,empty_room,5.0,1,,,,,a,,,,,,sit_down,
2022,act_21_42,classroom,5.0,1,,,b,,,,,,sit_down,,,
7200,act_73_72,empty_room,2.4,1,c,,,,,,stand_up,,,,,
7516,act_76_91,empty_room,2.4,1,,,,d,,,,,,nothing,,
3786,act_39_24,meeting_room,2.4,1,,,e,,,,,,sit_down,,,
1733,act_18_50,classroom,2.4,5,a,,c,d,e,b,wave,,lie_down,lie_down,pick_up,wave
8284,act_84_67,empty_room,2.4,3,c,,,,b,d,jump,,,,wave,jump
9113,act_93_5,empty_room,5.0,1,,,c,,,,,,pick_up,,,
1863,act_19_81,classroom,5.0,1,d,,,,,,stand_up,,,,,
5796,act_59_54,meeting_room,5.0,1,,,,,e,,,,,,walk,
3738,act_38_75,meeting_room,2.4,1,,e,,,,,,rotation,,,,
2329,act_24_52,classroom,5.0,1,,,,,,a,,,,,,pick_up
4304,act_44_47,meeting_room,2.4,2,,,c,d,,,,,rotation,rotation,,
374,act_4_77,classroom,2.4,1,,,,b,,,,,,lie_down,,
7325,act_74_98,empty_room,2.4,1,,b,,,,,,sit_down,,,,
9677,act_98_74,empty_room,5.0,2,,,a,b,,,,,walk,rotation,,
8533,act_87_19,empty_room,2.4,4,c,,e,,b,d,nothing,,rotation,,wave,walk
8820,act_90_9,empty_room,2.4,5,a,,c,d,e,b,stand_up,,walk,rotation,jump,nothing
5039,act_51_89,meeting_room,2.4,4,e,,b,,d,a,sit_down,,sit_down,,stand_up,sit_down
5066,act_52_17,meeting_room,2.4,5,b,c,d,e,a,,sit_down,stand_up,nothing,walk,rotation,
5152,act_53_4,meeting_room,2.4,5,,b,c,d,e,a,,wave,lie_down,pick_up,sit_down,jump
4522,act_46_67,meeting_room,2.4,3,c,d,e,,,,jump,jump,jump,,,
3108,act_32_39,classroom,5.0,4,,a,,c,d,e,,jump,,lie_down,pick_up,rotation
1194,act_13_6,classroom,2.4,4,a,b,c,d,,,lie_down,pick_up,sit_down,stand_up,,
4421,act_45_65,meeting_room,2.4,2,,,,,b,c,,,,,rotation,walk
6664,act_68_31,meeting_room,5.0,4,,e,,b,c,d,,wave,,pick_up,sit_down,jump
1202,act_13_14,classroom,2.4,4,b,c,d,e,,,wave,lie_down,pick_up,sit_down,,
9296,act_94_89,empty_room,5.0,1,,,,c,,,,,,sit_down,,
11256,act_206_69,empty_room,5.0,0,,,,,,,,,,,,
8463,act_86_48,empty_room,2.4,4,,b,,d,e,a,,rotation,,jump,wave,rotation
4631,act_47_77,meeting_room,2.4,3,,e,,b,,d,,wave,,lie_down,,wave
6364,act_65_28,meeting_room,5.0,3,,e,,b,,d,,walk,,jump,,nothing
6843,act_70_12,meeting_room,5.0,5,b,c,d,e,a,,rotation,jump,wave,lie_down,pick_up,
11234,act_206_47,empty_room,5.0,0,,,,,,,,,,,,
5274,act_54_27,meeting_room,2.4,5,c,,e,a,b,d,stand_up,,walk,rotation,jump,nothing
8785,act_89_73,empty_room,2.4,5,,e,a,b,c,d,,nothing,nothing,walk,walk,nothing
5363,act_55_17,meeting_room,5.0,1,b,,,,,,sit_down,,,,,
2484,act_26_9,classroom,5.0,2,,,c,d,,,,,walk,rotation,,
5652,act_58_9,meeting_room,5.0,1,,,,d,,,,,,rotation,,
316,act_4_19,classroom,2.4,1,,,,a,,,,,,jump,,
11220,act_206_33,empty_room,5.0,0,,,,,,,,,,,,
3617,act_37_53,meeting_room,2.4,1,a,,,,,,sit_down,,,,,
5764,act_59_22,meeting_room,5.0,1,,,,,b,,,,,,sit_down,
8822,act_90_11,empty_room,2.4,5,b,,d,e,a,c,walk,,jump,wave,lie_down,rotation
6216,act_63_78,meeting_room,5.0,2,,,,,c,d,,,,,pick_up,lie_down
5675,act_58_32,meeting_room,5.0,1,,,,b,,,,,,sit_down,,
5062,act_52_13,meeting_room,2.4,5,b,c,d,e,a,,jump,wave,lie_down,pick_up,sit_down,
5269,act_54_22,meeting_room,2.4,5,c,,e,a,b,d,jump,,lie_down,pick_up,sit_down,wave
7592,act_77_68,empty_room,2.4,1,,,,,b,,,,,,lie_down,
6272,act_64_35,meeting_room,5.0,3,d,e,a,,,,sit_down,stand_up,nothing,,,
4342,act_44_85,meeting_room,2.4,2,,,b,c,,,,,jump,jump,,
1513,act_16_28,classroom,2.4,5,d,e,a,b,c,,nothing,walk,rotation,jump,wave,
7164,act_73_36,empty_room,2.4,1,d,,,,,,stand_up,,,,,
1072,act_11_82,classroom,2.4,3,,a,,c,,e,,nothing,,nothing,,nothing
2936,act_30_65,classroom,5.0,3,c,,,,b,d,walk,,,,rotation,walk
10443,act_106_48,empty_room,5.0,5,a,b,c,d,e,,rotation,rotation,jump,jump,wave,
4955,act_51_5,meeting_room,2.4,4,a,,c,,e,b,wave,,pick_up,,stand_up,lie_down
2475,act_25_99,classroom,5.0,2,a,b,,,,,stand_up,stand_up,,,,
4990,act_51_40,meeting_room,2.4,4,e,,b,,d,a,jump,,lie_down,,sit_down,wave
3464,act_35_98,classroom,5.0,5,,b,c,d,e,a,,sit_down,sit_down,sit_down,sit_down,sit_down
2518,act_26_43,classroom,5.0,2,,,b,c,,,,,stand_up,nothing,,
4467,act_46_12,meeting_room,2.4,3,b,c,d,,,,rotation,jump,wave,,,
8495,act_86_80,empty_room,2.4,4,,e,,b,c,d,,sit_down,,stand_up,stand_up,sit_down
8776,act_89_64,empty_room,2.4,5,,d,e,a,b,c,,nothing,nothing,walk,walk,nothing
9434,act_96_29,empty_room,5.0,1,,,,,,d,,,,,,walk
11159,act_205_71,empty_room,2.4,0,,,,,,,,,,,,
9927,act_101_27,empty_room,5.0,3,,d,,a,,c,,nothing,,rotation,,stand_up
6849,act_70_18,meeting_room,5.0,5,b,c,d,e,a,,stand_up,nothing,walk,rotation,jump,
5227,act_53_79,meeting_room,2.4,5,,e,a,b,c,d,,pick_up,pick_up,sit_down,sit_down,pick_up
6342,act_65_6,meeting_room,5.0,3,,b,,d,,a,,pick_up,,stand_up,,lie_down
714,act_8_21,classroom,2.4,2,,,e,a,,,,,wave,lie_down,,
6316,act_64_79,meeting_room,5.0,3,d,e,a,,,,pick_up,pick_up,pick_up,,,
938,act_10_47,classroom,2.4,3,a,b,c,,,,walk,walk,rotation,,,
2222,act_23_44,classroom,5.0,1,,,,,d,,,,,,rotation,
1088,act_11_98,classroom,2.4,3,,b,,d,,a,,sit_down,,sit_down,,sit_down
10585,act_107_91,empty_room,5.0,5,,b,c,d,e,a,,nothing,nothing,nothing,nothing,nothing
5752,act_59_10,meeting_room,5.0,1,,,,,a,,,,,,wave,
3066,act_31_96,classroom,5.0,4,a,b,c,d,,,lie_down,lie_down,lie_down,lie_down,,
5641,act_57_97,meeting_room,5.0,1,,,c,,,,,,pick_up,,,
1473,act_15_87,classroom,2.4,4,e,,b,,d,a,lie_down,,lie_down,,pick_up,lie_down
7782,act_79_60,empty_room,2.4,2,b,c,,,,,lie_down,lie_down,,,,
6335,act_64_98,meeting_room,5.0,3,a,b,c,,,,sit_down,sit_down,sit_down,,,
882,act_9_90,classroom,2.4,2,,,,,d,e,,,,,nothing,stand_up
3014,act_31_44,classroom,5.0,4,e,a,b,c,,,sit_down,stand_up,nothing,walk,,
2319,act_24_42,classroom,5.0,1,,,,,,e,,,,,,lie_down
6536,act_67_2,meeting_room,5.0,4,a,b,c,d,,,walk,rotation,jump,wave,,
8909,act_90_98,empty_room,2.4,5,a,,c,d,e,b,sit_down,,sit_down,sit_down,sit_down,sit_down
5937,act_60_96,meeting_room,5.0,1,,,,,,a,,,,,,lie_down
4719,act_48_66,meeting_room,2.4,3,c,,,,b,d,rotation,,,,jump,rotation
1786,act_19_4,classroom,5.0,1,a,,,,,,jump,,,,,
2228,act_23_50,classroom,5.0,1,,,,,e,,,,,,pick_up,
8862,act_90_51,empty_room,2.4,5,a,,c,d,e,b,lie_down,,pick_up,pick_up,sit_down,lie_down
9584,act_97_80,empty_room,5.0,2,d,e,,,,,sit_down,sit_down,,,,
10445,act_106_50,empty_room,5.0,5,a,b,c,d,e,,wave,wave,lie_down,lie_down,pick_up,
6313,act_64_76,meeting_room,5.0,3,d,e,a,,,,jump,jump,jump,,,
5845,act_60_4,meeting_room,5.0,1,,,,,,a,,,,,,jump
533,act_6_38,classroom,2.4,1,,,,,,e,,,,,,walk
7733,act_79_11,empty_room,2.4,2,b,c,,,,,walk,rotation,,,,
10266,act_104_69,empty_room,5.0,4,,d,,a,b,c,,lie_down,,pick_up,pick_up,lie_down
9606,act_98_3,empty_room,5.0,2,,,c,d,,,,,wave,lie_down,,
5128,act_52_79,meeting_room,2.4,5,d,e,a,b,c,,pick_up,pick_up,pick_up,sit_down,sit_down,
9902,act_101_2,empty_room,5.0,3,,b,,d,,a,,rotation,,wave,,walk
8825,act_90_14,empty_room,2.4,5,b,,d,e,a,c,wave,,pick_up,sit_down,stand_up,lie_down
2907,act_30_36,classroom,5.0,3,d,,,,c,e,stand_up,,,,jump,nothing
6290,act_64_53,meeting_room,5.0,3,a,b,c,,,,sit_down,sit_down,stand_up,,,
5966,act_61_26,meeting_room,5.0,2,c,d,,,,,sit_down,stand_up,,,,
1181,act_12_92,classroom,2.4,3,a,,,,e,b,walk,,,,walk,walk
4346,act_44_89,meeting_room,2.4,2,,,b,c,,,,,sit_down,sit_down,,
2128,act_22_49,classroom,5.0,1,,,,d,,,,,,wave,,
3636,act_37_72,meeting_room,2.4,1,c,,,,,,stand_up,,,,,
8361,act_85_45,empty_room,2.4,4,e,a,b,c,,,stand_up,nothing,walk,rotation,,
959,act_10_68,classroom,2.4,3,c,d,e,,,,wave,wave,wave,,,
4510,act_46_55,meeting_room,2.4,3,b,c,d,,,,nothing,nothing,walk,,,
6154,act_63_16,meeting_room,5.0,2,,,,,a,b,,,,,walk,pick_up
734,act_8_41,classroom,2.4,2,,,b,c,,,,,pick_up,sit_down,,
4211,act_43_53,meeting_room,2.4,2,a,b,,,,,sit_down,sit_down,,,,
1189,act_13_1,classroom,2.4,4,a,b,c,d,,,nothing,walk,rotation,jump,,
9261,act_94_54,empty_room,5.0,1,,,,d,,,,,,nothing,,
8656,act_88_43,empty_room,2.4,5,e,a,b,c,d,,pick_up,sit_down,stand_up,nothing,walk,
8553,act_87_39,empty_room,2.4,4,e,,b,,d,a,rotation,,wave,,pick_up,jump
5800,act_59_58,meeting_room,5.0,1,,,,,a,,,,,,lie_down,
3679,act_38_16,meeting_room,2.4,1,,c,,,,,,sit_down,,,,
4834,act_49_82,meeting_room,2.4,4,e,a,b,c,,,nothing,nothing,nothing,nothing,,
8526,act_87_12,empty_room,2.4,4,b,,d,,a,c,rotation,,wave,,pick_up,jump
6638,act_68_5,meeting_room,5.0,4,,b,,d,e,a,,lie_down,,sit_down,stand_up,wave
8766,act_89_54,empty_room,2.4,5,,b,c,d,e,a,,stand_up,nothing,nothing,walk,stand_up
11090,act_205_2,empty_room,2.4,0,,,,,,,,,,,,
8100,act_82_81,empty_room,2.4,3,d,e,a,,,,stand_up,stand_up,stand_up,,,
6953,act_71_23,meeting_room,5.0,5,,d,e,a,b,c,,lie_down,pick_up,sit_down,stand_up,wave
543,act_6_48,classroom,2.4,1,,,,,,a,,,,,,rotation
1211,act_13_23,classroom,2.4,4,c,d,e,a,,,wave,lie_down,pick_up,sit_down,,
7755,act_79_33,empty_room,2.4,2,d,e,,,,,lie_down,pick_up,,,,
7999,act_81_79,empty_room,2.4,2,,,,,c,d,,,,,sit_down,pick_up
124,act_2_25,classroom,2.4,1,,d,,,,,,sit_down,,,,
4171,act_43_13,meeting_room,2.4,2,b,c,,,,,jump,wave,,,,
5095,act_52_46,meeting_room,2.4,5,a,b,c,d,e,,nothing,nothing,walk,walk,rotation,
6183,act_63_45,meeting_room,5.0,2,,,,,d,e,,,,,jump,stand_up
9546,act_97_42,empty_room,5.0,2,e,a,,,,,lie_down,pick_up,,,,
6299,act_64_62,meeting_room,5.0,3,b,c,d,,,,sit_down,sit_down,stand_up,,,
5512,act_56_67,meeting_room,5.0,1,,d,,,,,,jump,,,,
1577,act_16_92,classroom,2.4,5,a,b,c,d,e,,walk,walk,walk,walk,walk,
8285,act_84_68,empty_room,2.4,3,c,,,,b,d,wave,,,,lie_down,wave
6119,act_62_80,meeting_room,5.0,2,,,a,b,,,,,sit_down,stand_up,,
4024,act_41_64,meeting_room,2.4,1,,,,,b,,,,,,walk,
4979,act_51_29,meeting_room,2.4,4,d,,a,,c,e,walk,,jump,,lie_down,rotation
1979,act_20_98,classroom,5.0,1,,b,,,,,,sit_down,,,,
9425,act_96_20,empty_room,5.0,1,,,,,,c,,,,,,walk
7339,act_75_13,empty_room,2.4,1,,,d,,,,,,lie_down,,,
8225,act_84_8,empty_room,2.4,3,a,,,,e,b,sit_down,,,,rotation,stand_up
10167,act_103_69,empty_room,5.0,4,c,d,e,a,,,lie_down,lie_down,lie_down,pick_up,,
5059,act_52_10,meeting_room,2.4,5,b,c,d,e,a,,nothing,walk,rotation,jump,wave,
8483,act_86_68,empty_room,2.4,4,,d,,a,b,c,,wave,,lie_down,lie_down,wave
4166,act_43_8,meeting_room,2.4,2,a,b,,,,,sit_down,stand_up,,,,
3502,act_36_37,classroom,5.0,5,e,,b,c,d,a,nothing,,rotation,jump,wave,walk
1497,act_16_12,classroom,2.4,5,b,c,d,e,a,,rotation,jump,wave,lie_down,pick_up,
10355,act_105_59,empty_room,5.0,4,b,,d,,a,c,wave,,lie_down,,pick_up,wave
296,act_3_98,classroom,2.4,1,,,c,,,,,,sit_down,,,
8742,act_89_30,empty_room,2.4,5,,e,a,b,c,d,,jump,wave,lie_down,pick_up,rotation
3059,act_31_89,classroom,5.0,4,e,a,b,c,,,sit_down,sit_down,sit_down,sit_down,,
8373,act_85_57,empty_room,2.4,4,b,c,d,e,,,rotation,rotation,jump,jump,,
287,act_3_89,classroom,2.4,1,,,b,,,,,,sit_down,,,
211,act_3_13,classroom,2.4,1,,,d,,,,,,lie_down,,,
5776,act_59_34,meeting_room,5.0,1,,,,,c,,,,,,walk,
8197,act_83_79,empty_room,2.4,3,,e,,b,,d,,pick_up,,sit_down,,pick_up
1285,act_13_97,classroom,2.4,4,a,b,c,d,,,pick_up,pick_up,pick_up,pick_up,,
2190,act_23_12,classroom,5.0,1,,,,,a,,,,,,pick_up,
1495,act_16_10,classroom,2.4,5,b,c,d,e,a,,nothing,walk,rotation,jump,wave,
7109,act_72_80,meeting_room,5.0,5,d,,a,b,c,e,sit_down,,sit_down,stand_up,stand_up,sit_down
1906,act_20_25,classroom,5.0,1,,d,,,,,,sit_down,,,,
3414,act_35_48,classroom,5.0,5,,b,c,d,e,a,,rotation,jump,jump,wave,rotation
6046,act_62_7,meeting_room,5.0,2,,,c,d,,,,,stand_up,nothing,,
8970,act_91_60,empty_room,5.0,1,b,,,,,,lie_down,,,,,
7221,act_73_93,empty_room,2.4,1,a,,,,,,rotation,,,,,
8295,act_84_78,empty_room,2.4,3,d,,,,c,e,lie_down,,,,pick_up,lie_down
550,act_6_55,classroom,2.4,1,,,,,,b,,,,,,nothing
10122,act_103_24,empty_room,5.0,4,c,d,e,a,,,lie_down,pick_up,sit_down,stand_up,,
677,act_7_83,classroom,2.4,2,e,a,,,,,walk,walk,,,,
11198,act_206_11,empty_room,5.0,0,,,,,,,,,,,,
3167,act_32_98,classroom,5.0,4,,b,,d,e,a,,sit_down,,sit_down,sit_down,sit_down
6563,act_67_29,meeting_room,5.0,4,d,e,a,b,,,walk,rotation,jump,wave,,
7886,act_80_65,empty_room,2.4,2,,,e,a,,,,,walk,rotation,,
4623,act_47_69,meeting_room,2.4,3,,d,,a,,c,,lie_down,,pick_up,,lie_down
6015,act_61_75,meeting_room,5.0,2,d,e,,,,,rotation,rotation,,,,
8893,act_90_82,empty_room,2.4,5,e,,b,c,d,a,nothing,,nothing,nothing,walk,nothing
3273,act_34_6,classroom,5.0,5,a,b,c,d,e,,lie_down,pick_up,sit_down,stand_up,nothing,
11270,act_206_83,empty_room,5.0,0,,,,,,,,,,,,
3669,act_38_6,meeting_room,2.4,1,,b,,,,,,pick_up,,,,
11033,act_204_44,meeting_room,5.0,0,,,,,,,,,,,,
10220,act_104_23,empty_room,5.0,4,,d,,a,b,c,,lie_down,,sit_down,stand_up,wave
4112,act_42_53,meeting_room,2.4,1,,,,,,a,,,,,,sit_down
4541,act_46_86,meeting_room,2.4,3,e,a,b,,,,wave,wave,wave,,,
3873,act_40_12,meeting_room,2.4,1,,,,e,,,,,,lie_down,,
10804,act_202_13,classroom,5.0,0,,,,,,,,,,,,
8450,act_86_35,empty_room,2.4,4,,e,,b,c,d,,stand_up,,walk,rotation,sit_down
9821,act_100_20,empty_room,5.0,3,c,d,e,,,,walk,rotation,jump,,,
3699,act_38_36,meeting_room,2.4,1,,e,,,,,,nothing,,,,
1433,act_15_47,classroom,2.4,4,a,,c,,e,b,walk,,rotation,,jump,walk
11024,act_204_35,meeting_room,5.0,0,,,,,,,,,,,,
2639,act_27_65,classroom,5.0,2,,,,,b,c,,,,,rotation,walk
8275,act_84_58,empty_room,2.4,3,b,,,,a,c,jump,,,,lie_down,jump
2944,act_30_73,classroom,5.0,3,d,,,,c,e,nothing,,,,walk,nothing
7415,act_75_89,empty_room,2.4,1,,,b,,,,,,sit_down,,,
2496,act_26_21,classroom,5.0,2,,,e,a,,,,,wave,lie_down,,
9114,act_93_6,empty_room,5.0,1,,,c,,,,,,sit_down,,,
10181,act_103_83,empty_room,5.0,4,e,a,b,c,,,walk,walk,walk,walk,,
7984,act_81_64,empty_room,2.4,2,,,,,b,c,,,,,walk,nothing
4602,act_47_48,meeting_room,2.4,3,,b,,d,,a,,rotation,,jump,,rotation
3959,act_40_98,meeting_room,2.4,1,,,,d,,,,,,sit_down,,
8049,act_82_30,empty_room,2.4,3,d,e,a,,,,rotation,jump,wave,,,
1262,act_13_74,classroom,2.4,4,d,e,a,b,,,walk,walk,walk,rotation,,
2338,act_24_61,classroom,5.0,1,,,,,,b,,,,,,pick_up
10909,act_203_19,meeting_room,2.4,0,,,,,,,,,,,,
1304,act_14_17,classroom,2.4,4,,c,,e,a,b,,stand_up,,walk,rotation,sit_down
7151,act_73_23,empty_room,2.4,1,c,,,,,,wave,,,,,
1804,act_19_22,classroom,5.0,1,c,,,,,,jump,,,,,
11190,act_206_3,empty_room,5.0,0,,,,,,,,,,,,
4636,act_47_82,meeting_room,2.4,3,,a,,c,,e,,nothing,,nothing,,nothing
3291,act_34_24,classroom,5.0,5,c,d,e,a,b,,lie_down,pick_up,sit_down,stand_up,nothing,
5408,act_55_62,meeting_room,5.0,1,b,,,,,,sit_down,,,,,
7913,act_80_92,empty_room,2.4,2,,,c,d,,,,,walk,walk,,
10192,act_103_94,empty_room,5.0,4,a,b,c,d,,,jump,jump,jump,jump,,
5332,act_54_85,meeting_room,2.4,5,e,,b,c,d,a,jump,,jump,jump,wave,jump
8853,act_90_42,empty_room,2.4,5,e,,b,c,d,a,lie_down,,sit_down,stand_up,nothing,pick_up
7256,act_74_29,empty_room,2.4,1,,e,,,,,,rotation,,,,
4334,act_44_77,meeting_room,2.4,2,,,a,b,,,,,wave,lie_down,,
1965,act_20_84,classroom,5.0,1,,a,,,,,,rotation,,,,
11049,act_204_60,meeting_room,5.0,0,,,,,,,,,,,,
5679,act_58_36,meeting_room,5.0,1,,,,b,,,,,,rotation,,
1656,act_17_72,classroom,2.4,5,,d,e,a,b,c,,stand_up,stand_up,nothing,nothing,stand_up
8609,act_87_95,empty_room,2.4,4,a,,c,,e,b,wave,,wave,,wave,wave
7976,act_81_56,empty_room,2.4,2,,,,,a,b,,,,,jump,walk
468,act_5_72,classroom,2.4,1,,,,,b,,,,,,nothing,
9138,act_93_30,empty_room,5.0,1,,,a,,,,,,wave,,,
3422,act_35_56,classroom,5.0,5,,c,d,e,a,b,,walk,rotation,rotation,jump,walk
6518,act_66_83,meeting_room,5.0,3,e,,,,d,a,walk,,,,rotation,walk
7460,act_76_35,empty_room,2.4,1,,,,b,,,,,,walk,,
2423,act_25_47,classroom,5.0,2,a,b,,,,,walk,walk,,,,
2047,act_21_67,classroom,5.0,1,,,e,,,,,,jump,,,
107,act_2_8,classroom,2.4,1,,b,,,,,,stand_up,,,,
6948,act_71_18,meeting_room,5.0,5,,c,d,e,a,b,,nothing,walk,rotation,jump,stand_up
10863,act_202_72,classroom,5.0,0,,,,,,,,,,,,
591,act_6_96,classroom,2.4,1,,,,,,a,,,,,,lie_down
10571,act_107_77,empty_room,5.0,5,,e,a,b,c,d,,wave,wave,lie_down,lie_down,wave
9979,act_101_79,empty_room,5.0,3,,e,,b,,d,,pick_up,,sit_down,,pick_up
8829,act_90_18,empty_room,2.4,5,b,,d,e,a,c,stand_up,,walk,rotation,jump,nothing
9045,act_92_36,empty_room,5.0,1,,e,,,,,,nothing,,,,
2499,act_26_24,classroom,5.0,2,,,e,a,,,,,sit_down,stand_up,,
8325,act_85_9,empty_room,2.4,4,a,b,c,d,,,stand_up,nothing,walk,rotation,,
5130,act_52_81,meeting_room,2.4,5,d,e,a,b,c,,stand_up,stand_up,stand_up,nothing,nothing,
5910,act_60_69,meeting_room,5.0,1,,,,,,c,,,,,,lie_down
1460,act_15_74,classroom,2.4,4,d,,a,,c,e,walk,,walk,,rotation,walk
800,act_9_8,classroom,2.4,2,,,,,e,a,,,,,rotation,sit_down
10497,act_107_3,empty_room,5.0,5,,b,c,d,e,a,,jump,wave,lie_down,pick_up,rotation
10941,act_203_51,meeting_room,2.4,0,,,,,,,,,,,,
11035,act_204_46,meeting_room,5.0,0,,,,,,,,,,,,
10267,act_104_70,empty_room,5.0,4,,d,,a,b,c,,pick_up,,sit_down,sit_down,pick_up
4809,act_49_57,meeting_room,2.4,4,b,c,d,e,,,rotation,rotation,jump,jump,,
5640,act_57_96,meeting_room,5.0,1,,,c,,,,,,lie_down,,,
4519,act_46_64,meeting_room,2.4,3,c,d,e,,,,nothing,nothing,nothing,,,
2578,act_27_4,classroom,5.0,2,,,,,e,a,,,,,sit_down,jump
4044,act_41_84,meeting_room,2.4,1,,,,,d,,,,,,jump,
4095,act_42_36,meeting_room,2.4,1,,,,,,d,,,,,,stand_up
2086,act_22_7,classroom,5.0,1,,,,d,,,,,,nothing,,
10906,act_203_16,meeting_room,2.4,0,,,,,,,,,,,,
9898,act_100_97,empty_room,5.0,3,a,b,c,,,,pick_up,pick_up,pick_up,,,
9382,act_95_76,empty_room,5.0,1,,,,,c,,,,,,wave,
4098,act_42_39,meeting_room,2.4,1,,,,,,e,,,,,,rotation
3995,act_41_35,meeting_room,2.4,1,,,,,c,,,,,,rotation,
9100,act_92_91,empty_room,5.0,1,,b,,,,,,nothing,,,,
4157,act_42_98,meeting_room,2.4,1,,,,,,a,,,,,,sit_down
10241,act_104_44,empty_room,5.0,4,,a,,c,d,e,,stand_up,,walk,rotation,sit_down
6578,act_67_44,meeting_room,5.0,4,e,a,b,c,,,sit_down,stand_up,nothing,walk,,
10209,act_104_12,empty_room,5.0,4,,c,,e,a,b,,jump,,lie_down,pick_up,rotation
2997,act_31_27,classroom,5.0,4,c,d,e,a,,,stand_up,nothing,walk,rotation,,
2406,act_25_30,classroom,5.0,2,d,e,,,,,rotation,jump,,,,
30,act_1_30,classroom,2.4,1,d,,,,,,rotation,,,,,
4890,act_50_39,meeting_room,2.4,4,,a,,c,d,e,,jump,,lie_down,pick_up,rotation
3488,act_36_23,classroom,5.0,5,c,,e,a,b,d,wave,,pick_up,sit_down,stand_up,lie_down
9195,act_93_87,empty_room,5.0,1,,,b,,,,,,lie_down,,,
466,act_5_70,classroom,2.4,1,,,,,b,,,,,,sit_down,
8826,act_90_15,empty_room,2.4,5,b,,d,e,a,c,lie_down,,sit_down,stand_up,nothing,pick_up
7043,act_72_14,meeting_room,5.0,5,b,,d,e,a,c,wave,,pick_up,sit_down,stand_up,lie_down
1598,act_17_14,classroom,2.4,5,,c,d,e,a,b,,lie_down,pick_up,sit_down,stand_up,wave
569,act_6_74,classroom,2.4,1,,,,,,d,,,,,,walk
4608,act_47_54,meeting_room,2.4,3,,b,,d,,a,,stand_up,,nothing,,stand_up
3370,act_35_4,classroom,5.0,5,,b,c,d,e,a,,wave,lie_down,pick_up,sit_down,jump
10851,act_202_60,classroom,5.0,0,,,,,,,,,,,,
3149,act_32_80,classroom,5.0,4,,e,,b,c,d,,sit_down,,stand_up,stand_up,sit_down
1246,act_13_58,classroom,2.4,4,b,c,d,e,,,jump,jump,wave,wave,,
218,act_3_20,classroom,2.4,1,,,e,,,,,,jump,,,
4031,act_41_71,meeting_room,2.4,1,,,,,b,,,,,,stand_up,
1459,act_15_73,classroom,2.4,4,d,,a,,c,e,nothing,,nothing,,walk,nothing
6259,act_64_22,meeting_room,5.0,3,c,d,e,,,,jump,wave,lie_down,,,
317,act_4_20,classroom,2.4,1,,,,a,,,,,,wave,,
109,act_2_10,classroom,2.4,1,,c,,,,,,walk,,,,
4682,act_48_29,meeting_room,2.4,3,d,,,,c,e,walk,,,,lie_down,rotation
7799,act_79_77,empty_room,2.4,2,d,e,,,,,wave,wave,,,,
1966,act_20_85,classroom,5.0,1,,a,,,,,,jump,,,,
4293,act_44_36,meeting_room,2.4,2,,,a,b,,,,,walk,rotation,,
6521,act_66_86,meeting_room,5.0,3,e,,,,d,a,wave,,,,lie_down,wave
9865,act_100_64,empty_room,5.0,3,c,d,e,,,,nothing,nothing,nothing,,,
5014,act_51_64,meeting_room,2.4,4,c,,e,,b,d,nothing,,nothing,,walk,nothing
2665,act_27_91,classroom,5.0,2,,,,,e,a,,,,,nothing,nothing
6881,act_70_50,meeting_room,5.0,5,a,b,c,d,e,,wave,wave,lie_down,lie_down,pick_up,
6514,act_66_79,meeting_room,5.0,3,d,,,,c,e,pick_up,,,,sit_down,pick_up
4013,act_41_53,meeting_room,2.4,1,,,,,e,,,,,,nothing,
1091,act_12_2,classroom,2.4,3,a,,,,e,b,walk,,,,lie_down,rotation
7950,act_81_30,empty_room,2.4,2,,,,,c,d,,,,,pick_up,rotation
8510,act_86_95,empty_room,2.4,4,,b,,d,e,a,,wave,,wave,wave,wave
1808,act_19_26,classroom,5.0,1,c,,,,,,sit_down,,,,,
7392,act_75_66,empty_room,2.4,1,,,e,,,,,,rotation,,,
2900,act_30_29,classroom,5.0,3,d,,,,c,e,walk,,,,lie_down,rotation
2013,act_21_33,classroom,5.0,1,,,a,,,,,,sit_down,,,
2120,act_22_41,classroom,5.0,1,,,,c,,,,,,sit_down,,
1769,act_18_86,classroom,2.4,5,e,,b,c,d,a,wave,,wave,wave,lie_down,wave
3489,act_36_24,classroom,5.0,5,c,,e,a,b,d,lie_down,,sit_down,stand_up,nothing,pick_up
3777,act_39_15,meeting_room,2.4,1,,,d,,,,,,sit_down,,,
3704,act_38_41,meeting_room,2.4,1,,a,,,,,,lie_down,,,,
4394,act_45_38,meeting_room,2.4,2,,,,,d,e,,,,,lie_down,walk
5651,act_58_8,meeting_room,5.0,1,,,,d,,,,,,walk,,
10755,act_201_63,classroom,2.4,0,,,,,,,,,,,,
9283,act_94_76,empty_room,5.0,1,,,,b,,,,,,wave,,
7385,act_75_59,empty_room,2.4,1,,,d,,,,,,lie_down,,,
2614,act_27_40,classroom,5.0,2,,,,,d,e,,,,,sit_down,jump
8146,act_83_28,empty_room,2.4,3,,e,,b,,d,,walk,,jump,,nothing
974,act_10_83,classroom,2.4,3,e,a,b,,,,walk,walk,walk,,,
8178,act_83_60,empty_room,2.4,3,,c,,e,,b,,lie_down,,pick_up,,lie_down
4185,act_43_27,meeting_room,2.4,2,c,d,,,,,stand_up,nothing,,,,
2021,act_21_41,classroom,5.0,1,,,b,,,,,,pick_up,,,
4935,act_50_84,meeting_room,2.4,4,,a,,c,d,e,,rotation,,rotation,jump,rotation
8251,act_84_34,empty_room,2.4,3,d,,,,c,e,pick_up,,,,walk,sit_down
4930,act_50_79,meeting_room,2.4,4,,e,,b,c,d,,pick_up,,sit_down,sit_down,pick_up
1455,act_15_69,classroom,2.4,4,c,,e,,b,d,lie_down,,lie_down,,pick_up,lie_down
8092,act_82_73,empty_room,2.4,3,d,e,a,,,,nothing,nothing,nothing,,,
4148,act_42_89,meeting_room,2.4,1,,,,,,e,,,,,,sit_down
7229,act_74_2,empty_room,2.4,1,,b,,,,,,rotation,,,,
6984,act_71_54,meeting_room,5.0,5,,b,c,d,e,a,,stand_up,nothing,nothing,walk,stand_up
1375,act_14_88,classroom,2.4,4,,a,,c,d,e,,pick_up,,pick_up,sit_down,pick_up
4353,act_44_96,meeting_room,2.4,2,,,c,d,,,,,lie_down,lie_down,,
577,act_6_82,classroom,2.4,1,,,,,,e,,,,,,nothing
7904,act_80_83,empty_room,2.4,2,,,b,c,,,,,walk,walk,,
3316,act_34_49,classroom,5.0,5,a,b,c,d,e,,jump,jump,wave,wave,lie_down,
4296,act_44_39,meeting_room,2.4,2,,,b,c,,,,,wave,lie_down,,
5710,act_58_67,meeting_room,5.0,1,,,,a,,,,,,wave,,
9542,act_97_38,empty_room,5.0,2,e,a,,,,,walk,rotation,,,,
411,act_5_15,classroom,2.4,1,,,,,a,,,,,,nothing,
1321,act_14_34,classroom,2.4,4,,e,,b,c,d,,sit_down,,nothing,walk,pick_up
778,act_8_85,classroom,2.4,2,,,b,c,,,,,jump,jump,,
4520,act_46_65,meeting_room,2.4,3,c,d,e,,,,walk,walk,walk,,,
9806,act_100_5,empty_room,5.0,3,a,b,c,,,,wave,lie_down,pick_up,,,
5863,act_60_22,meeting_room,5.0,1,,,,,,c,,,,,,jump
11,act_1_11,classroom,2.4,1,b,,,,,,walk,,,,,
7977,act_81_57,empty_room,2.4,2,,,,,a,b,,,,,wave,rotation
2456,act_25_80,classroom,5.0,2,d,e,,,,,sit_down,sit_down,,,,
10403,act_106_8,empty_room,5.0,5,a,b,c,d,e,,sit_down,stand_up,nothing,walk,rotation,
9848,act_100_47,empty_room,5.0,3,a,b,c,,,,walk,walk,rotation,,,
1218,act_13_30,classroom,2.4,4,d,e,a,b,,,rotation,jump,wave,lie_down,,
5666,act_58_23,meeting_room,5.0,1,,,,a,,,,,,sit_down,,
3910,act_40_49,meeting_room,2.4,1,,,,d,,,,,,wave,,
719,act_8_26,classroom,2.4,2,,,e,a,,,,,nothing,walk,,
5013,act_51_63,meeting_room,2.4,4,b,,d,,a,c,stand_up,,nothing,,walk,stand_up
8595,act_87_81,empty_room,2.4,4,d,,a,,c,e,stand_up,,stand_up,,nothing,stand_up
2630,act_27_56,classroom,5.0,2,,,,,a,b,,,,,jump,walk
10214,act_104_17,empty_room,5.0,4,,c,,e,a,b,,stand_up,,walk,rotation,sit_down
737,act_8_44,classroom,2.4,2,,,b,c,,,,,nothing,walk,,
736,act_8_43,classroom,2.4,2,,,b,c,,,,,stand_up,nothing,,
4192,act_43_34,meeting_room,2.4,2,d,e,,,,,pick_up,sit_down,,,,
10036,act_102_37,empty_room,5.0,3,e,,,,d,a,nothing,,,,wave,walk
2755,act_28_82,classroom,5.0,3,e,a,b,,,,nothing,nothing,nothing,,,
1826,act_19_44,classroom,5.0,1,e,,,,,,sit_down,,,,,
93,act_1_93,classroom,2.4,1,a,,,,,,rotation,,,,,
10825,act_202_34,classroom,5.0,0,,,,,,,,,,,,
8621,act_88_8,empty_room,2.4,5,a,b,c,d,e,,sit_down,stand_up,nothing,walk,rotation,
1471,act_15_85,classroom,2.4,4,e,,b,,d,a,jump,,jump,,wave,jump
910,act_10_19,classroom,2.4,3,c,d,e,,,,nothing,walk,rotation,,,
7741,act_79_19,empty_room,2.4,2,c,d,,,,,nothing,walk,,,,
8405,act_85_89,empty_room,2.4,4,e,a,b,c,,,sit_down,sit_down,sit_down,sit_down,,
9356,act_95_50,empty_room,5.0,1,,,,,e,,,,,,pick_up,
1352,act_14_65,classroom,2.4,4,,d,,a,b,c,,walk,,rotation,rotation,walk
497,act_6_2,classroom,2.4,1,,,,,,a,,,,,,walk
4050,act_41_90,meeting_room,2.4,1,,,,,d,,,,,,nothing,
74,act_1_74,classroom,2.4,1,d,,,,,,walk,,,,,
10206,act_104_9,empty_room,5.0,4,,b,,d,e,a,,nothing,,rotation,jump,stand_up
4601,act_47_47,meeting_room,2.4,3,,b,,d,,a,,walk,,rotation,,walk
6061,act_62_22,meeting_room,5.0,2,,,e,a,,,,,lie_down,pick_up,,
3078,act_32_9,classroom,5.0,4,,b,,d,e,a,,nothing,,rotation,jump,stand_up
1207,act_13_19,classroom,2.4,4,c,d,e,a,,,nothing,walk,rotation,jump,,
9363,act_95_57,empty_room,5.0,1,,,,,a,,,,,,wave,
1176,act_12_87,classroom,2.4,3,e,,,,d,a,lie_down,,,,pick_up,lie_down
3711,act_38_48,meeting_room,2.4,1,,b,,,,,,rotation,,,,
8952,act_91_42,empty_room,5.0,1,e,,,,,,lie_down,,,,,
7333,act_75_7,empty_room,2.4,1,,,c,,,,,,stand_up,,,
1196,act_13_8,classroom,2.4,4,a,b,c,d,,,sit_down,stand_up,nothing,walk,,
4162,act_43_4,meeting_room,2.4,2,a,b,,,,,jump,wave,,,,
8698,act_88_85,empty_room,2.4,5,e,a,b,c,d,,jump,jump,jump,jump,wave,
4795,act_49_43,meeting_room,2.4,4,e,a,b,c,,,pick_up,sit_down,stand_up,nothing,,
7773,act_79_51,empty_room,2.4,2,a,b,,,,,lie_down,lie_down,,,,
1369,act_14_82,classroom,2.4,4,,a,,c,d,e,,nothing,,nothing,walk,nothing
1370,act_14_83,classroom,2.4,4,,a,,c,d,e,,walk,,walk,rotation,walk
5401,act_55_55,meeting_room,5.0,1,b,,,,,,nothing,,,,,
4768,act_49_16,meeting_room,2.4,4,b,c,d,e,,,pick_up,sit_down,stand_up,nothing,,
8992,act_91_82,empty_room,5.0,1,e,,,,,,nothing,,,,,
289,act_3_91,classroom,2.4,1,,,c,,,,,,nothing,,,
4620,act_47_66,meeting_room,2.4,3,,d,,a,,c,,rotation,,jump,,rotation
2316,act_24_39,classroom,5.0,1,,,,,,e,,,,,,rotation
2343,act_24_66,classroom,5.0,1,,,,,,c,,,,,,rotation
3859,act_39_97,meeting_room,2.4,1,,,c,,,,,,pick_up,,,
7970,act_81_50,empty_room,2.4,2,,,,,e,a,,,,,pick_up,wave
4437,act_45_81,meeting_room,2.4,2,,,,,c,d,,,,,nothing,stand_up
8999,act_91_89,empty_room,5.0,1,e,,,,,,sit_down,,,,,
4220,act_43_62,meeting_room,2.4,2,b,c,,,,,sit_down,sit_down,,,,
2975,act_31_5,classroom,5.0,4,a,b,c,d,,,wave,lie_down,pick_up,sit_down,,
389,act_4_92,classroom,2.4,1,,,,d,,,,,,walk,,
837,act_9_45,classroom,2.4,2,,,,,d,e,,,,,jump,stand_up
2488,act_26_13,classroom,5.0,2,,,d,e,,,,,lie_down,pick_up,,
3356,act_34_89,classroom,5.0,5,e,a,b,c,d,,sit_down,sit_down,sit_down,sit_down,stand_up,
4336,act_44_79,meeting_room,2.4,2,,,a,b,,,,,pick_up,sit_down,,
4657,act_48_4,meeting_room,2.4,3,a,,,,e,b,jump,,,,sit_down,wave
6667,act_68_34,meeting_room,5.0,4,,e,,b,c,d,,sit_down,,nothing,walk,pick_up
2458,act_25_82,classroom,5.0,2,e,a,,,,,nothing,nothing,,,,
5177,act_53_29,meeting_room,2.4,5,,e,a,b,c,d,,rotation,jump,wave,lie_down,walk
1845,act_19_63,classroom,5.0,1,b,,,,,,stand_up,,,,,
5131,act_52_82,meeting_room,2.4,5,e,a,b,c,d,,nothing,nothing,nothing,nothing,walk,
1113,act_12_24,classroom,2.4,3,c,,,,b,d,lie_down,,,,nothing,pick_up
10439,act_106_44,empty_room,5.0,5,e,a,b,c,d,,sit_down,stand_up,nothing,walk,rotation,
5114,act_52_65,meeting_room,2.4,5,c,d,e,a,b,,walk,walk,walk,rotation,rotation,
5280,act_54_33,meeting_room,2.4,5,d,,a,b,c,e,lie_down,,sit_down,stand_up,nothing,pick_up
3838,act_39_76,meeting_room,2.4,1,,,a,,,,,,jump,,,
1936,act_20_55,classroom,5.0,1,,c,,,,,,nothing,,,,
9284,act_94_77,empty_room,5.0,1,,,,b,,,,,,lie_down,,
4538,act_46_83,meeting_room,2.4,3,e,a,b,,,,walk,walk,walk,,,
3182,act_33_14,classroom,5.0,4,b,,d,,a,c,wave,,pick_up,,stand_up,lie_down
268,act_3_70,classroom,2.4,1,,,e,,,,,,pick_up,,,
2448,act_25_72,classroom,5.0,2,c,d,,,,,stand_up,stand_up,,,,
3232,act_33_64,classroom,5.0,4,c,,e,,b,d,nothing,,nothing,,walk,nothing
9501,act_96_96,empty_room,5.0,1,,,,,,a,,,,,,lie_down
4861,act_50_10,meeting_room,2.4,4,,c,,e,a,b,,walk,,jump,wave,nothing
1884,act_20_3,classroom,5.0,1,,b,,,,,,jump,,,,
8381,act_85_65,empty_room,2.4,4,c,d,e,a,,,walk,walk,walk,rotation,,
3205,act_33_37,classroom,5.0,4,e,,b,,d,a,nothing,,rotation,,wave,walk
3282,act_34_15,classroom,5.0,5,b,c,d,e,a,,lie_down,pick_up,sit_down,stand_up,nothing,
5642,act_57_98,meeting_room,5.0,1,,,c,,,,,,sit_down,,,
10068,act_102_69,empty_room,5.0,3,c,,,,b,d,lie_down,,,,pick_up,lie_down
4811,act_49_59,meeting_room,2.4,4,b,c,d,e,,,wave,wave,lie_down,lie_down,,
11273,act_206_86,empty_room,5.0,0,,,,,,,,,,,,
3574,act_37_10,meeting_room,2.4,1,b,,,,,,nothing,,,,,
2141,act_22_62,classroom,5.0,1,,,,e,,,,,,stand_up,,
6570,act_67_36,meeting_room,5.0,4,d,e,a,b,,,stand_up,nothing,walk,rotation,,
8356,act_85_40,empty_room,2.4,4,e,a,b,c,,,jump,wave,lie_down,pick_up,,
2155,act_22_76,classroom,5.0,1,,,,b,,,,,,wave,,
8901,act_90_90,empty_room,2.4,5,e,,b,c,d,a,stand_up,,stand_up,stand_up,nothing,stand_up
417,act_5_21,classroom,2.4,1,,,,,b,,,,,,pick_up,
9239,act_94_32,empty_room,5.0,1,,,,b,,,,,,sit_down,,
3412,act_35_46,classroom,5.0,5,,b,c,d,e,a,,nothing,walk,walk,rotation,nothing
8547,act_87_33,empty_room,2.4,4,d,,a,,c,e,lie_down,,sit_down,,nothing,pick_up
7768,act_79_46,empty_room,2.4,2,a,b,,,,,nothing,nothing,,,,
621,act_7_27,classroom,2.4,2,c,d,,,,,stand_up,nothing,,,,
1704,act_18_21,classroom,2.4,5,c,,e,a,b,d,rotation,,wave,lie_down,pick_up,jump
5590,act_57_46,meeting_room,5.0,1,,,c,,,,,,walk,,,
8632,act_88_19,empty_room,2.4,5,c,d,e,a,b,,nothing,walk,rotation,jump,wave,
6399,act_65_63,meeting_room,5.0,3,,c,,e,,b,,stand_up,,nothing,,stand_up
4771,act_49_19,meeting_room,2.4,4,c,d,e,a,,,nothing,walk,rotation,jump,,
6233,act_63_95,meeting_room,5.0,2,,,,,e,a,,,,,wave,wave
4343,act_44_86,meeting_room,2.4,2,,,b,c,,,,,wave,wave,,
5184,act_53_36,meeting_room,2.4,5,,e,a,b,c,d,,nothing,walk,rotation,jump,stand_up
8736,act_89_24,empty_room,2.4,5,,d,e,a,b,c,,pick_up,sit_down,stand_up,nothing,lie_down
4239,act_43_81,meeting_room,2.4,2,d,e,,,,,stand_up,stand_up,,,,
2390,act_25_14,classroom,5.0,2,b,c,,,,,wave,lie_down,,,,
9705,act_99_3,empty_room,5.0,2,,,,,e,a,,,,,pick_up,rotation
11071,act_204_82,meeting_room,5.0,0,,,,,,,,,,,,
4440,act_45_84,meeting_room,2.4,2,,,,,d,e,,,,,jump,rotation
9,act_1_9,classroom,2.4,1,a,,,,,,stand_up,,,,,
3326,act_34_59,classroom,5.0,5,b,c,d,e,a,,wave,wave,lie_down,lie_down,pick_up,
469,act_5_73,classroom,2.4,1,,,,,c,,,,,,walk,
9882,act_100_81,empty_room,5.0,3,d,e,a,,,,stand_up,stand_up,stand_up,,,
7635,act_78_12,empty_room,2.4,1,,,,,,b,,,,,,rotation
4263,act_44_6,meeting_room,2.4,2,,,c,d,,,,,sit_down,stand_up,,
5413,act_55_67,meeting_room,5.0,1,c,,,,,,jump,,,,,
922,act_10_31,classroom,2.4,3,d,e,a,,,,jump,wave,lie_down,,,
1191,act_13_3,classroom,2.4,4,a,b,c,d,,,rotation,jump,wave,lie_down,,
9580,act_97_76,empty_room,5.0,2,d,e,,,,,jump,jump,,,,
9718,act_99_16,empty_room,5.0,2,,,,,a,b,,,,,walk,pick_up
3486,act_36_21,classroom,5.0,5,c,,e,a,b,d,rotation,,wave,lie_down,pick_up,jump
10125,act_103_27,empty_room,5.0,4,c,d,e,a,,,stand_up,nothing,walk,rotation,,
3470,act_36_5,classroom,5.0,5,a,,c,d,e,b,wave,,pick_up,sit_down,stand_up,lie_down
2466,act_25_90,classroom,5.0,2,e,a,,,,,stand_up,stand_up,,,,
5872,act_60_31,meeting_room,5.0,1,,,,,,d,,,,,,jump
3462,act_35_96,classroom,5.0,5,,b,c,d,e,a,,lie_down,lie_down,lie_down,lie_down,lie_down
10834,act_202_43,classroom,5.0,0,,,,,,,,,,,,
5008,act_51_58,meeting_room,2.4,4,b,,d,,a,c,jump,,wave,,lie_down,jump
4075,act_42_16,meeting_room,2.4,1,,,,,,b,,,,,,pick_up
10813,act_202_22,classroom,5.0,0,,,,,,,,,,,,
3885,act_40_24,meeting_room,2.4,1,,,,a,,,,,,stand_up,,
4316,act_44_59,meeting_room,2.4,2,,,d,e,,,,,lie_down,lie_down,,
3401,act_35_35,classroom,5.0,5,,e,a,b,c,d,,stand_up,nothing,walk,rotation,sit_down
6028,act_61_88,meeting_room,5.0,2,e,a,,,,,pick_up,pick_up,,,,
9217,act_94_10,empty_room,5.0,1,,,,e,,,,,,jump,,
6886,act_70_55,meeting_room,5.0,5,b,c,d,e,a,,nothing,nothing,walk,walk,rotation,
11009,act_204_20,meeting_room,5.0,0,,,,,,,,,,,,
971,act_10_80,classroom,2.4,3,d,e,a,,,,sit_down,sit_down,sit_down,,,
795,act_9_3,classroom,2.4,2,,,,,e,a,,,,,pick_up,rotation
9816,act_100_15,empty_room,5.0,3,b,c,d,,,,lie_down,pick_up,sit_down,,,
731,act_8_38,classroom,2.4,2,,,b,c,,,,,jump,wave,,
6301,act_64_64,meeting_room,5.0,3,c,d,e,,,,nothing,nothing,nothing,,,
4576,act_47_22,meeting_room,2.4,3,,d,,a,,c,,wave,,pick_up,,jump
4388,act_45_32,meeting_room,2.4,2,,,,,c,d,,,,,stand_up,wave
2453,act_25_77,classroom,5.0,2,d,e,,,,,wave,wave,,,,
9318,act_95_12,empty_room,5.0,1,,,,,a,,,,,,pick_up,
7029,act_71_99,meeting_room,5.0,5,,b,c,d,e,a,,stand_up,stand_up,stand_up,stand_up,stand_up
9530,act_97_26,empty_room,5.0,2,c,d,,,,,sit_down,stand_up,,,,
8953,act_91_43,empty_room,5.0,1,e,,,,,,pick_up,,,,,
5564,act_57_20,meeting_room,5.0,1,,,e,,,,,,jump,,,
5146,act_52_97,meeting_room,2.4,5,a,b,c,d,e,,pick_up,pick_up,pick_up,pick_up,pick_up,
2302,act_24_25,classroom,5.0,1,,,,,,c,,,,,,pick_up
1806,act_19_24,classroom,5.0,1,c,,,,,,lie_down,,,,,
4068,act_42_9,meeting_room,2.4,1,,,,,,a,,,,,,stand_up
3953,act_40_92,meeting_room,2.4,1,,,,d,,,,,,walk,,
11014,act_204_25,meeting_room,5.0,0,,,,,,,,,,,,
8130,act_83_12,empty_room,2.4,3,,c,,e,,b,,jump,,lie_down,,rotation
705,act_8_12,classroom,2.4,2,,,d,e,,,,,wave,lie_down,,
10812,act_202_21,classroom,5.0,0,,,,,,,,,,,,
5607,act_57_63,meeting_room,5.0,1,,,d,,,,,,nothing,,,
3456,act_35_90,classroom,5.0,5,,a,b,c,d,e,,stand_up,stand_up,stand_up,nothing,stand_up
1200,act_13_12,classroom,2.4,4,b,c,d,e,,,rotation,jump,wave,lie_down,,
246,act_3_48,classroom,2.4,1,,,c,,,,,,jump,,,
5083,act_52_34,meeting_room,2.4,5,d,e,a,b,c,,pick_up,sit_down,stand_up,nothing,walk,
2153,act_22_74,classroom,5.0,1,,,,b,,,,,,rotation,,
4780,act_49_28,meeting_room,2.4,4,d,e,a,b,,,nothing,walk,rotation,jump,,
1079,act_11_89,classroom,2.4,3,,a,,c,,e,,sit_down,,sit_down,,sit_down
2125,act_22_46,classroom,5.0,1,,,,d,,,,,,walk,,
3400,act_35_34,classroom,5.0,5,,e,a,b,c,d,,sit_down,stand_up,nothing,walk,pick_up
5251,act_54_4,meeting_room,2.4,5,a,,c,d,e,b,jump,,lie_down,pick_up,sit_down,wave
6947,act_71_17,meeting_room,5.0,5,,c,d,e,a,b,,stand_up,nothing,walk,rotation,sit_down
2129,act_22_50,classroom,5.0,1,,,,d,,,,,,lie_down,,
10933,act_203_43,meeting_room,2.4,0,,,,,,,,,,,,
7998,act_81_78,empty_room,2.4,2,,,,,c,d,,,,,pick_up,lie_down
4065,act_42_6,meeting_room,2.4,1,,,,,,a,,,,,,lie_down
8615,act_88_2,empty_room,2.4,5,a,b,c,d,e,,walk,rotation,jump,wave,lie_down,
2993,act_31_23,classroom,5.0,4,c,d,e,a,,,wave,lie_down,pick_up,sit_down,,
2837,act_29_65,classroom,5.0,3,,d,,a,,c,,walk,,rotation,,walk
1112,act_12_23,classroom,2.4,3,c,,,,b,d,wave,,,,stand_up,lie_down
3438,act_35_72,classroom,5.0,5,,d,e,a,b,c,,stand_up,stand_up,nothing,nothing,stand_up
9669,act_98_66,empty_room,5.0,2,,,e,a,,,,,rotation,jump,,
5373,act_55_27,meeting_room,5.0,1,c,,,,,,stand_up,,,,,
8525,act_87_11,empty_room,2.4,4,b,,d,,a,c,walk,,jump,,lie_down,rotation
4650,act_47_96,meeting_room,2.4,3,,b,,d,,a,,lie_down,,lie_down,,lie_down
6609,act_67_75,meeting_room,5.0,4,d,e,a,b,,,rotation,rotation,rotation,jump,,
10400,act_106_5,empty_room,5.0,5,a,b,c,d,e,,wave,lie_down,pick_up,sit_down,stand_up,
2272,act_23_94,classroom,5.0,1,,,,,e,,,,,,jump,
249,act_3_51,classroom,2.4,1,,,c,,,,,,pick_up,,,
3083,act_32_14,classroom,5.0,4,,c,,e,a,b,,lie_down,,sit_down,stand_up,wave
6136,act_62_97,meeting_room,5.0,2,,,c,d,,,,,pick_up,pick_up,,
64,act_1_64,classroom,2.4,1,c,,,,,,nothing,,,,,
10716,act_201_24,classroom,2.4,0,,,,,,,,,,,,
8283,act_84_66,empty_room,2.4,3,c,,,,b,d,rotation,,,,jump,rotation
10864,act_202_73,classroom,5.0,0,,,,,,,,,,,,
8149,act_83_31,empty_room,2.4,3,,e,,b,,d,,wave,,pick_up,,jump
1487,act_16_2,classroom,2.4,5,a,b,c,d,e,,walk,rotation,jump,wave,lie_down,
8179,act_83_61,empty_room,2.4,3,,c,,e,,b,,pick_up,,sit_down,,pick_up
3653,act_37_89,meeting_room,2.4,1,e,,,,,,sit_down,,,,,
5497,act_56_52,meeting_room,5.0,1,,b,,,,,,pick_up,,,,
606,act_7_12,classroom,2.4,2,b,c,,,,,rotation,jump,,,,
5124,act_52_75,meeting_room,2.4,5,d,e,a,b,c,,rotation,rotation,rotation,jump,jump,
7382,act_75_56,empty_room,2.4,1,,,d,,,,,,rotation,,,
1534,act_16_49,classroom,2.4,5,a,b,c,d,e,,jump,jump,wave,wave,lie_down,
2716,act_28_43,classroom,5.0,3,e,a,b,,,,pick_up,sit_down,stand_up,,,
5606,act_57_62,meeting_room,5.0,1,,,d,,,,,,stand_up,,,
9196,act_93_88,empty_room,5.0,1,,,b,,,,,,pick_up,,,
7792,act_79_70,empty_room,2.4,2,c,d,,,,,pick_up,pick_up,,,,
1356,act_14_69,classroom,2.4,4,,d,,a,b,c,,lie_down,,pick_up,pick_up,lie_down
4076,act_42_17,meeting_room,2.4,1,,,,,,b,,,,,,sit_down
9537,act_97_33,empty_room,5.0,2,d,e,,,,,lie_down,pick_up,,,,
8721,act_89_9,empty_room,2.4,5,,b,c,d,e,a,,nothing,walk,rotation,jump,stand_up
4512,act_46_57,meeting_room,2.4,3,b,c,d,,,,rotation,rotation,jump,,,
1331,act_14_44,classroom,2.4,4,,a,,c,d,e,,stand_up,,walk,rotation,sit_down
9367,act_95_61,empty_room,5.0,1,,,,,a,,,,,,stand_up,
1003,act_11_13,classroom,2.4,3,,c,,e,,b,,wave,,pick_up,,jump
7253,act_74_26,empty_room,2.4,1,,d,,,,,,stand_up,,,,
8961,act_91_51,empty_room,5.0,1,a,,,,,,lie_down,,,,,
5387,act_55_41,meeting_room,5.0,1,e,,,,,,wave,,,,,
5864,act_60_23,meeting_room,5.0,1,,,,,,c,,,,,,wave
1083,act_11_93,classroom,2.4,3,,b,,d,,a,,rotation,,rotation,,rotation
8535,act_87_21,empty_room,2.4,4,c,,e,,b,d,rotation,,wave,,pick_up,jump
8730,act_89_18,empty_room,2.4,5,,c,d,e,a,b,,nothing,walk,rotation,jump,stand_up
1040,act_11_50,classroom,2.4,3,,b,,d,,a,,wave,,lie_down,,wave
4340,act_44_83,meeting_room,2.4,2,,,b,c,,,,,walk,walk,,
11091,act_205_3,empty_room,2.4,0,,,,,,,,,,,,
1661,act_17_77,classroom,2.4,5,,e,a,b,c,d,,wave,wave,lie_down,lie_down,wave
1027,act_11_37,classroom,2.4,3,,a,,c,,e,,walk,,jump,,nothing
10352,act_105_56,empty_room,5.0,4,b,,d,,a,c,walk,,rotation,,jump,walk
264,act_3_66,classroom,2.4,1,,,e,,,,,,rotation,,,
2103,act_22_24,classroom,5.0,1,,,,a,,,,,,stand_up,,
1248,act_13_60,classroom,2.4,4,b,c,d,e,,,lie_down,lie_down,pick_up,pick_up,,
7051,act_72_22,meeting_room,5.0,5,c,,e,a,b,d,jump,,lie_down,pick_up,sit_down,wave
4697,act_48_44,meeting_room,2.4,3,e,,,,d,a,sit_down,,,,rotation,stand_up
656,act_7_62,classroom,2.4,2,b,c,,,,,sit_down,sit_down,,,,
624,act_7_30,classroom,2.4,2,d,e,,,,,rotation,jump,,,,
6157,act_63_19,meeting_room,5.0,2,,,,,b,c,,,,,wave,nothing
8031,act_82_12,empty_room,2.4,3,b,c,d,,,,rotation,jump,wave,,,
958,act_10_67,classroom,2.4,3,c,d,e,,,,jump,jump,jump,,,
5554,act_57_10,meeting_room,5.0,1,,,d,,,,,,rotation,,,
2652,act_27_78,classroom,5.0,2,,,,,c,d,,,,,pick_up,lie_down
6736,act_69_4,meeting_room,5.0,4,a,,c,,e,b,jump,,lie_down,,sit_down,wave
3450,act_35_84,classroom,5.0,5,,a,b,c,d,e,,rotation,rotation,rotation,jump,rotation
9735,act_99_33,empty_room,5.0,2,,,,,c,d,,,,,nothing,lie_down
2271,act_23_93,classroom,5.0,1,,,,,e,,,,,,rotation,
6998,act_71_68,meeting_room,5.0,5,,d,e,a,b,c,,wave,wave,lie_down,lie_down,wave
1167,act_12_78,classroom,2.4,3,d,,,,c,e,lie_down,,,,pick_up,lie_down
1108,act_12_19,classroom,2.4,3,c,,,,b,d,nothing,,,,wave,walk
7795,act_79_73,empty_room,2.4,2,d,e,,,,,nothing,nothing,,,,
9813,act_100_12,empty_room,5.0,3,b,c,d,,,,rotation,jump,wave,,,
10035,act_102_36,empty_room,5.0,3,d,,,,c,e,stand_up,,,,jump,nothing
8800,act_89_88,empty_room,2.4,5,,a,b,c,d,e,,pick_up,pick_up,pick_up,sit_down,pick_up
2358,act_24_81,classroom,5.0,1,,,,,,d,,,,,,stand_up
1594,act_17_10,classroom,2.4,5,,c,d,e,a,b,,walk,rotation,jump,wave,nothing
4677,act_48_24,meeting_room,2.4,3,c,,,,b,d,lie_down,,,,nothing,pick_up
10967,act_203_77,meeting_room,2.4,0,,,,,,,,,,,,
6593,act_67_59,meeting_room,5.0,4,b,c,d,e,,,wave,wave,lie_down,lie_down,,
5883,act_60_42,meeting_room,5.0,1,,,,,,e,,,,,,lie_down
578,act_6_83,classroom,2.4,1,,,,,,e,,,,,,walk
5744,act_59_2,meeting_room,5.0,1,,,,,e,,,,,,lie_down,
4689,act_48_36,meeting_room,2.4,3,d,,,,c,e,stand_up,,,,jump,nothing
5154,act_53_6,meeting_room,2.4,5,,b,c,d,e,a,,pick_up,sit_down,stand_up,nothing,lie_down
5172,act_53_24,meeting_room,2.4,5,,d,e,a,b,c,,pick_up,sit_down,stand_up,nothing,lie_down
9290,act_94_83,empty_room,5.0,1,,,,c,,,,,,walk,,
4725,act_48_72,meeting_room,2.4,3,c,,,,b,d,stand_up,,,,nothing,stand_up
1747,act_18_64,classroom,2.4,5,c,,e,a,b,d,nothing,,nothing,walk,walk,nothing
2261,act_23_83,classroom,5.0,1,,,,,d,,,,,,rotation,
6202,act_63_64,meeting_room,5.0,2,,,,,b,c,,,,,walk,nothing
4170,act_43_12,meeting_room,2.4,2,b,c,,,,,rotation,jump,,,,
5551,act_57_7,meeting_room,5.0,1,,,c,,,,,,stand_up,,,
5769,act_59_27,meeting_room,5.0,1,,,,,b,,,,,,jump,
4367,act_45_11,meeting_room,2.4,2,,,,,a,b,,,,,lie_down,walk
3647,act_37_83,meeting_room,2.4,1,e,,,,,,walk,,,,,
5293,act_54_46,meeting_room,2.4,5,a,,c,d,e,b,nothing,,walk,walk,rotation,nothing
410,act_5_14,classroom,2.4,1,,,,,a,,,,,,stand_up,
3406,act_35_40,classroom,5.0,5,,a,b,c,d,e,,wave,lie_down,pick_up,sit_down,jump
3352,act_34_85,classroom,5.0,5,e,a,b,c,d,,jump,jump,jump,jump,wave,
77,act_1_77,classroom,2.4,1,d,,,,,,wave,,,,,
1865,act_19_83,classroom,5.0,1,e,,,,,,walk,,,,,
8460,act_86_45,empty_room,2.4,4,,a,,c,d,e,,nothing,,rotation,jump,stand_up
7407,act_75_81,empty_room,2.4,1,,,a,,,,,,stand_up,,,
7975,act_81_55,empty_room,2.4,2,,,,,a,b,,,,,rotation,nothing
9387,act_95_81,empty_room,5.0,1,,,,,c,,,,,,nothing,
8027,act_82_8,empty_room,2.4,3,a,b,c,,,,sit_down,stand_up,nothing,,,
7941,act_81_21,empty_room,2.4,2,,,,,b,c,,,,,pick_up,rotation
8589,act_87_75,empty_room,2.4,4,d,,a,,c,e,rotation,,rotation,,jump,rotation
3091,act_32_22,classroom,5.0,4,,d,,a,b,c,,wave,,pick_up,sit_down,jump
5567,act_57_23,meeting_room,5.0,1,,,e,,,,,,pick_up,,,
4448,act_45_92,meeting_room,2.4,2,,,,,e,a,,,,,walk,walk
2752,act_28_79,classroom,5.0,3,d,e,a,,,,pick_up,pick_up,pick_up,,,
4376,act_45_20,meeting_room,2.4,2,,,,,b,c,,,,,lie_down,walk
1776,act_18_93,classroom,2.4,5,a,,c,d,e,b,rotation,,rotation,rotation,rotation,rotation
2110,act_22_31,classroom,5.0,1,,,,b,,,,,,pick_up,,
6655,act_68_22,meeting_room,5.0,4,,d,,a,b,c,,wave,,pick_up,sit_down,jump
94,act_1_94,classroom,2.4,1,a,,,,,,jump,,,,,
10765,act_201_73,classroom,2.4,0,,,,,,,,,,,,
7203,act_73_75,empty_room,2.4,1,d,,,,,,rotation,,,,,
9023,act_92_14,empty_room,5.0,1,,c,,,,,,lie_down,,,,
684,act_7_90,classroom,2.4,2,e,a,,,,,stand_up,stand_up,,,,
6303,act_64_66,meeting_room,5.0,3,c,d,e,,,,rotation,rotation,rotation,,,
9795,act_99_93,empty_room,5.0,2,,,,,e,a,,,,,rotation,rotation
648,act_7_54,classroom,2.4,2,a,b,,,,,stand_up,stand_up,,,,
3913,act_40_52,meeting_room,2.4,1,,,,d,,,,,,sit_down,,
715,act_8_22,classroom,2.4,2,,,e,a,,,,,lie_down,pick_up,,
4794,act_49_42,meeting_room,2.4,4,e,a,b,c,,,lie_down,pick_up,sit_down,stand_up,,
1711,act_18_28,classroom,2.4,5,d,,a,b,c,e,nothing,,rotation,jump,wave,walk
1077,act_11_87,classroom,2.4,3,,a,,c,,e,,lie_down,,lie_down,,lie_down
291,act_3_93,classroom,2.4,1,,,c,,,,,,rotation,,,
8545,act_87_31,empty_room,2.4,4,d,,a,,c,e,jump,,lie_down,,sit_down,wave
2089,act_22_10,classroom,5.0,1,,,,e,,,,,,jump,,
3147,act_32_78,classroom,5.0,4,,e,,b,c,d,,lie_down,,pick_up,pick_up,lie_down
5841,act_59_99,meeting_room,5.0,1,,,,,e,,,,,,stand_up,
1886,act_20_5,classroom,5.0,1,,b,,,,,,lie_down,,,,
9675,act_98_72,empty_room,5.0,2,,,e,a,,,,,stand_up,nothing,,
2883,act_30_12,classroom,5.0,3,b,,,,a,c,rotation,,,,pick_up,jump
4846,act_49_94,meeting_room,2.4,4,a,b,c,d,,,jump,jump,jump,jump,,
5225,act_53_77,meeting_room,2.4,5,,e,a,b,c,d,,wave,wave,lie_down,lie_down,wave
5237,act_53_89,meeting_room,2.4,5,,a,b,c,d,e,,sit_down,sit_down,sit_down,stand_up,sit_down
2368,act_24_91,classroom,5.0,1,,,,,,a,,,,,,nothing
1489,act_16_4,classroom,2.4,5,a,b,c,d,e,,jump,wave,lie_down,pick_up,sit_down,
10896,act_203_6,meeting_room,2.4,0,,,,,,,,,,,,
3320,act_34_53,classroom,5.0,5,a,b,c,d,e,,sit_down,sit_down,stand_up,stand_up,nothing,
9369,act_95_63,empty_room,5.0,1,,,,,a,,,,,,walk,
6905,act_70_74,meeting_room,5.0,5,d,e,a,b,c,,walk,walk,walk,rotation,rotation,
9988,act_101_88,empty_room,5.0,3,,a,,c,,e,,pick_up,,pick_up,,pick_up
4716,act_48_63,meeting_room,2.4,3,b,,,,a,c,stand_up,,,,walk,stand_up
2361,act_24_84,classroom,5.0,1,,,,,,e,,,,,,rotation
10341,act_105_45,empty_room,5.0,4,e,,b,,d,a,stand_up,,walk,,jump,nothing
4270,act_44_13,meeting_room,2.4,2,,,d,e,,,,,lie_down,pick_up,,
2311,act_24_34,classroom,5.0,1,,,,,,d,,,,,,pick_up
9310,act_95_4,empty_room,5.0,1,,,,,e,,,,,,sit_down,
8313,act_84_96,empty_room,2.4,3,a,,,,e,b,lie_down,,,,lie_down,lie_down
1438,act_15_52,classroom,2.4,4,a,,c,,e,b,pick_up,,sit_down,,stand_up,pick_up
1234,act_13_46,classroom,2.4,4,a,b,c,d,,,nothing,nothing,walk,walk,,
5283,act_54_36,meeting_room,2.4,5,d,,a,b,c,e,stand_up,,walk,rotation,jump,nothing
186,act_2_87,classroom,2.4,1,,a,,,,,,lie_down,,,,
10281,act_104_84,empty_room,5.0,4,,a,,c,d,e,,rotation,,rotation,jump,rotation
4061,act_42_2,meeting_room,2.4,1,,,,,,a,,,,,,walk
10619,act_108_26,empty_room,5.0,5,c,,e,a,b,d,sit_down,,nothing,walk,rotation,stand_up
2590,act_27_16,classroom,5.0,2,,,,,a,b,,,,,walk,pick_up
2702,act_28_29,classroom,5.0,3,d,e,a,,,,walk,rotation,jump,,,
8697,act_88_84,empty_room,2.4,5,e,a,b,c,d,,rotation,rotation,rotation,rotation,jump,
7690,act_78_67,empty_room,2.4,1,,,,,,c,,,,,,jump
9674,act_98_71,empty_room,5.0,2,,,e,a,,,,,sit_down,stand_up,,
2352,act_24_75,classroom,5.0,1,,,,,,d,,,,,,rotation
20,act_1_20,classroom,2.4,1,c,,,,,,walk,,,,,
1298,act_14_11,classroom,2.4,4,,c,,e,a,b,,rotation,,wave,lie_down,walk
2237,act_23_59,classroom,5.0,1,,,,,a,,,,,,pick_up,
5077,act_52_28,meeting_room,2.4,5,d,e,a,b,c,,nothing,walk,rotation,jump,wave,
3119,act_32_50,classroom,5.0,4,,b,,d,e,a,,wave,,lie_down,pick_up,wave
10431,act_106_36,empty_room,5.0,5,d,e,a,b,c,,stand_up,nothing,walk,rotation,jump,
5423,act_55_77,meeting_room,5.0,1,d,,,,,,wave,,,,,
4699,act_48_46,meeting_room,2.4,3,a,,,,e,b,nothing,,,,rotation,nothing
6024,act_61_84,meeting_room,5.0,2,e,a,,,,,rotation,rotation,,,,
4964,act_51_14,meeting_room,2.4,4,b,,d,,a,c,wave,,pick_up,,stand_up,lie_down
5596,act_57_52,meeting_room,5.0,1,,,c,,,,,,sit_down,,,
3974,act_41_14,meeting_room,2.4,1,,,,,a,,,,,,stand_up,
6957,act_71_27,meeting_room,5.0,5,,d,e,a,b,c,,nothing,walk,rotation,jump,stand_up
3070,act_32_1,classroom,5.0,4,,b,,d,e,a,,walk,,jump,wave,nothing
3520,act_36_55,classroom,5.0,5,b,,d,e,a,c,nothing,,walk,walk,rotation,nothing
8936,act_91_26,empty_room,5.0,1,c,,,,,,sit_down,,,,,
4442,act_45_86,meeting_room,2.4,2,,,,,d,e,,,,,lie_down,wave
10830,act_202_39,classroom,5.0,0,,,,,,,,,,,,
382,act_4_85,classroom,2.4,1,,,,c,,,,,,jump,,
10223,act_104_26,empty_room,5.0,4,,d,,a,b,c,,stand_up,,walk,rotation,sit_down
1156,act_12_67,classroom,2.4,3,c,,,,b,d,jump,,,,wave,jump
5196,act_53_48,meeting_room,2.4,5,,b,c,d,e,a,,rotation,jump,jump,wave,rotation
3208,act_33_40,classroom,5.0,4,e,,b,,d,a,jump,,lie_down,,sit_down,wave
3854,act_39_92,meeting_room,2.4,1,,,c,,,,,,walk,,,
1254,act_13_66,classroom,2.4,4,c,d,e,a,,,rotation,rotation,rotation,jump,,
3621,act_37_57,meeting_room,2.4,1,b,,,,,,rotation,,,,,
2493,act_26_18,classroom,5.0,2,,,d,e,,,,,walk,rotation,,
9292,act_94_85,empty_room,5.0,1,,,,c,,,,,,jump,,
5295,act_54_48,meeting_room,2.4,5,a,,c,d,e,b,rotation,,jump,jump,wave,rotation
6245,act_64_8,meeting_room,5.0,3,a,b,c,,,,sit_down,stand_up,nothing,,,
3650,act_37_86,meeting_room,2.4,1,e,,,,,,wave,,,,,
6795,act_69_63,meeting_room,5.0,4,b,,d,,a,c,stand_up,,nothing,,walk,stand_up
10732,act_201_40,classroom,2.4,0,,,,,,,,,,,,
9698,act_98_95,empty_room,5.0,2,,,c,d,,,,,wave,wave,,
5616,act_57_72,meeting_room,5.0,1,,,e,,,,,,stand_up,,,
3283,act_34_16,classroom,5.0,5,b,c,d,e,a,,pick_up,sit_down,stand_up,nothing,walk,
531,act_6_36,classroom,2.4,1,,,,,,d,,,,,,stand_up
3099,act_32_30,classroom,5.0,4,,e,,b,c,d,,jump,,lie_down,pick_up,rotation
2168,act_22_89,classroom,5.0,1,,,,c,,,,,,sit_down,,
11043,act_204_54,meeting_room,5.0,0,,,,,,,,,,,,
2426,act_25_50,classroom,5.0,2,a,b,,,,,wave,wave,,,,
4960,act_51_10,meeting_room,2.4,4,b,,d,,a,c,nothing,,rotation,,wave,walk
3001,act_31_31,classroom,5.0,4,d,e,a,b,,,jump,wave,lie_down,pick_up,,
9785,act_99_83,empty_room,5.0,2,,,,,d,e,,,,,rotation,walk
4756,act_49_4,meeting_room,2.4,4,a,b,c,d,,,jump,wave,lie_down,pick_up,,
10257,act_104_60,empty_room,5.0,4,,c,,e,a,b,,lie_down,,pick_up,sit_down,lie_down
145,act_2_46,classroom,2.4,1,,b,,,,,,nothing,,,,
4203,act_43_45,meeting_room,2.4,2,e,a,,,,,stand_up,nothing,,,,
4150,act_42_91,meeting_room,2.4,1,,,,,,a,,,,,,nothing
2175,act_22_96,classroom,5.0,1,,,,d,,,,,,lie_down,,
5740,act_58_97,meeting_room,5.0,1,,,,d,,,,,,pick_up,,
3230,act_33_62,classroom,5.0,4,b,,d,,a,c,sit_down,,stand_up,,nothing,sit_down
2454,act_25_78,classroom,5.0,2,d,e,,,,,lie_down,lie_down,,,,
9613,act_98_10,empty_room,5.0,2,,,d,e,,,,,rotation,jump,,
4642,act_47_88,meeting_room,2.4,3,,a,,c,,e,,pick_up,,pick_up,,pick_up
2814,act_29_42,classroom,5.0,3,,a,,c,,e,,pick_up,,stand_up,,lie_down
7048,act_72_19,meeting_room,5.0,5,c,,e,a,b,d,nothing,,rotation,jump,wave,walk
789,act_8_96,classroom,2.4,2,,,c,d,,,,,lie_down,lie_down,,
10622,act_108_29,empty_room,5.0,5,d,,a,b,c,e,walk,,jump,wave,lie_down,rotation
9480,act_96_75,empty_room,5.0,1,,,,,,d,,,,,,rotation
7186,act_73_58,empty_room,2.4,1,b,,,,,,jump,,,,,
3947,act_40_86,meeting_room,2.4,1,,,,c,,,,,,wave,,
2031,act_21_51,classroom,5.0,1,,,c,,,,,,pick_up,,,
10330,act_105_34,empty_room,5.0,4,d,,a,,c,e,pick_up,,stand_up,,walk,sit_down
3922,act_40_61,meeting_room,2.4,1,,,,e,,,,,,sit_down,,
432,act_5_36,classroom,2.4,1,,,,,c,,,,,,jump,
10702,act_201_10,classroom,2.4,0,,,,,,,,,,,,
1781,act_18_98,classroom,2.4,5,a,,c,d,e,b,sit_down,,sit_down,sit_down,sit_down,sit_down
10419,act_106_24,empty_room,5.0,5,c,d,e,a,b,,lie_down,pick_up,sit_down,stand_up,nothing,
9770,act_99_68,empty_room,5.0,2,,,,,b,c,,,,,lie_down,wave
4868,act_50_17,meeting_room,2.4,4,,c,,e,a,b,,stand_up,,walk,rotation,sit_down
350,act_4_53,classroom,2.4,1,,,,d,,,,,,stand_up,,
10973,act_203_83,meeting_room,2.4,0,,,,,,,,,,,,
5897,act_60_56,meeting_room,5.0,1,,,,,,b,,,,,,walk
7485,act_76_60,empty_room,2.4,1,,,,e,,,,,,pick_up,,
7780,act_79_58,empty_room,2.4,2,b,c,,,,,jump,jump,,,,
10081,act_102_82,empty_room,5.0,3,e,,,,d,a,nothing,,,,walk,nothing
3466,act_36_1,classroom,5.0,5,a,,c,d,e,b,nothing,,rotation,jump,wave,walk
2440,act_25_64,classroom,5.0,2,c,d,,,,,nothing,nothing,,,,
8291,act_84_74,empty_room,2.4,3,d,,,,c,e,walk,,,,rotation,walk
10111,act_103_13,empty_room,5.0,4,b,c,d,e,,,jump,wave,lie_down,pick_up,,
10451,act_106_56,empty_room,5.0,5,b,c,d,e,a,,walk,walk,rotation,rotation,jump,
5546,act_57_2,meeting_room,5.0,1,,,c,,,,,,jump,,,
9793,act_99_91,empty_room,5.0,2,,,,,e,a,,,,,nothing,nothing
917,act_10_26,classroom,2.4,3,c,d,e,,,,sit_down,stand_up,nothing,,,
7551,act_77_27,empty_room,2.4,1,,,,,b,,,,,,jump,
7338,act_75_12,empty_room,2.4,1,,,d,,,,,,wave,,,
1617,act_17_33,classroom,2.4,5,,e,a,b,c,d,,pick_up,sit_down,stand_up,nothing,lie_down
10134,act_103_36,empty_room,5.0,4,d,e,a,b,,,stand_up,nothing,walk,rotation,,
1834,act_19_52,classroom,5.0,1,a,,,,,,pick_up,,,,,
3579,act_37_15,meeting_room,2.4,1,b,,,,,,lie_down,,,,,
8117,act_82_98,empty_room,2.4,3,a,b,c,,,,sit_down,sit_down,sit_down,,,
3101,act_32_32,classroom,5.0,4,,e,,b,c,d,,lie_down,,sit_down,stand_up,wave
9726,act_99_24,empty_room,5.0,2,,,,,b,c,,,,,nothing,lie_down
783,act_8_90,classroom,2.4,2,,,b,c,,,,,stand_up,stand_up,,
7727,act_79_5,empty_room,2.4,2,a,b,,,,,wave,lie_down,,,,
1157,act_12_68,classroom,2.4,3,c,,,,b,d,wave,,,,lie_down,wave
1537,act_16_52,classroom,2.4,5,a,b,c,d,e,,pick_up,pick_up,sit_down,sit_down,stand_up,
8022,act_82_3,empty_room,2.4,3,a,b,c,,,,rotation,jump,wave,,,
4093,act_42_34,meeting_room,2.4,1,,,,,,d,,,,,,pick_up
6190,act_63_52,meeting_room,5.0,2,,,,,e,a,,,,,stand_up,pick_up
6503,act_66_68,meeting_room,5.0,3,c,,,,b,d,wave,,,,lie_down,wave
8009,act_81_89,empty_room,2.4,2,,,,,d,e,,,,,stand_up,sit_down
10287,act_104_90,empty_room,5.0,4,,a,,c,d,e,,stand_up,,stand_up,nothing,stand_up
6670,act_68_37,meeting_room,5.0,4,,a,,c,d,e,,walk,,jump,wave,nothing
4266,act_44_9,meeting_room,2.4,2,,,c,d,,,,,walk,rotation,,
2520,act_26_45,classroom,5.0,2,,,b,c,,,,,walk,rotation,,
6311,act_64_74,meeting_room,5.0,3,d,e,a,,,,walk,walk,walk,,,
4081,act_42_22,meeting_room,2.4,1,,,,,,c,,,,,,jump
10416,act_106_21,empty_room,5.0,5,c,d,e,a,b,,rotation,jump,wave,lie_down,pick_up,
2575,act_27_1,classroom,5.0,2,,,,,e,a,,,,,wave,nothing
7517,act_76_92,empty_room,2.4,1,,,,d,,,,,,walk,,
10271,act_104_74,empty_room,5.0,4,,e,,b,c,d,,walk,,rotation,rotation,walk
7884,act_80_63,empty_room,2.4,2,,,d,e,,,,,nothing,nothing,,
8388,act_85_72,empty_room,2.4,4,c,d,e,a,,,stand_up,stand_up,stand_up,nothing,,
5639,act_57_95,meeting_room,5.0,1,,,c,,,,,,wave,,,
6188,act_63_50,meeting_room,5.0,2,,,,,e,a,,,,,pick_up,wave
8597,act_87_83,empty_room,2.4,4,e,,b,,d,a,walk,,walk,,rotation,walk
4914,act_50_63,meeting_room,2.4,4,,c,,e,a,b,,stand_up,,nothing,walk,stand_up
8966,act_91_56,empty_room,5.0,1,b,,,,,,walk,,,,,
1732,act_18_49,classroom,2.4,5,a,,c,d,e,b,jump,,wave,wave,lie_down,jump
6131,act_62_92,meeting_room,5.0,2,,,c,d,,,,,walk,walk,,
9335,act_95_29,empty_room,5.0,1,,,,,c,,,,,,lie_down,
6038,act_61_98,meeting_room,5.0,2,a,b,,,,,sit_down,sit_down,,,,
2515,act_26_40,classroom,5.0,2,,,b,c,,,,,lie_down,pick_up,,
1871,act_19_89,classroom,5.0,1,e,,,,,,sit_down,,,,,
7839,act_80_18,empty_room,2.4,2,,,d,e,,,,,walk,rotation,,
9784,act_99_82,empty_room,5.0,2,,,,,d,e,,,,,walk,nothing
8481,act_86_66,empty_room,2.4,4,,d,,a,b,c,,rotation,,jump,jump,rotation
5941,act_61_1,meeting_room,5.0,2,a,b,,,,,nothing,walk,,,,
6932,act_71_2,meeting_room,5.0,5,,b,c,d,e,a,,rotation,jump,wave,lie_down,walk
9716,act_99_14,empty_room,5.0,2,,,,,a,b,,,,,stand_up,wave
6692,act_68_59,meeting_room,5.0,4,,c,,e,a,b,,wave,,lie_down,pick_up,wave
6654,act_68_21,meeting_room,5.0,4,,d,,a,b,c,,jump,,lie_down,pick_up,rotation
2108,act_22_29,classroom,5.0,1,,,,b,,,,,,wave,,
6758,act_69_26,meeting_room,5.0,4,c,,e,,b,d,sit_down,,nothing,,rotation,stand_up
8561,act_87_47,empty_room,2.4,4,a,,c,,e,b,walk,,rotation,,jump,walk
6152,act_63_14,meeting_room,5.0,2,,,,,a,b,,,,,stand_up,wave
11026,act_204_37,meeting_room,5.0,0,,,,,,,,,,,,
568,act_6_73,classroom,2.4,1,,,,,,d,,,,,,nothing
8518,act_87_4,empty_room,2.4,4,a,,c,,e,b,jump,,lie_down,,sit_down,wave
8701,act_88_88,empty_room,2.4,5,e,a,b,c,d,,pick_up,pick_up,pick_up,pick_up,sit_down,
9808,act_100_7,empty_room,5.0,3,a,b,c,,,,pick_up,sit_down,stand_up,,,
10316,act_105_20,empty_room,5.0,4,c,,e,,b,d,walk,,jump,,lie_down,rotation
441,act_5_45,classroom,2.4,1,,,,,d,,,,,,jump,
2019,act_21_39,classroom,5.0,1,,,b,,,,,,wave,,,
9518,act_97_14,empty_room,5.0,2,b,c,,,,,wave,lie_down,,,,
7626,act_78_3,empty_room,2.4,1,,,,,,a,,,,,,rotation
3376,act_35_10,classroom,5.0,5,,c,d,e,a,b,,walk,rotation,jump,wave,nothing
8765,act_89_53,empty_room,2.4,5,,b,c,d,e,a,,sit_down,stand_up,stand_up,nothing,sit_down
4114,act_42_55,meeting_room,2.4,1,,,,,,b,,,,,,nothing
1225,act_13_37,classroom,2.4,4,e,a,b,c,,,nothing,walk,rotation,jump,,
5023,act_51_73,meeting_room,2.4,4,d,,a,,c,e,nothing,,nothing,,walk,nothing
7523,act_76_98,empty_room,2.4,1,,,,d,,,,,,sit_down,,
6931,act_71_1,meeting_room,5.0,5,,b,c,d,e,a,,walk,rotation,jump,wave,nothing
37,act_1_37,classroom,2.4,1,e,,,,,,nothing,,,,,
3603,act_37_39,meeting_room,2.4,1,e,,,,,,rotation,,,,,
8980,act_91_70,empty_room,5.0,1,c,,,,,,pick_up,,,,,
4468,act_46_13,meeting_room,2.4,3,b,c,d,,,,jump,wave,lie_down,,,
3681,act_38_18,meeting_room,2.4,1,,c,,,,,,nothing,,,,
5857,act_60_16,meeting_room,5.0,1,,,,,,b,,,,,,pick_up
10211,act_104_14,empty_room,5.0,4,,c,,e,a,b,,lie_down,,sit_down,stand_up,wave
11066,act_204_77,meeting_room,5.0,0,,,,,,,,,,,,
6743,act_69_11,meeting_room,5.0,4,b,,d,,a,c,walk,,jump,,lie_down,rotation
8098,act_82_79,empty_room,2.4,3,d,e,a,,,,pick_up,pick_up,pick_up,,,
2632,act_27_58,classroom,5.0,2,,,,,a,b,,,,,lie_down,jump
1361,act_14_74,classroom,2.4,4,,e,,b,c,d,,walk,,rotation,rotation,walk
6073,act_62_34,meeting_room,5.0,2,,,a,b,,,,,stand_up,nothing,,
487,act_5_91,classroom,2.4,1,,,,,e,,,,,,nothing,
3703,act_38_40,meeting_room,2.4,1,,a,,,,,,wave,,,,
4783,act_49_31,meeting_room,2.4,4,d,e,a,b,,,jump,wave,lie_down,pick_up,,
8935,act_91_25,empty_room,5.0,1,c,,,,,,pick_up,,,,,
638,act_7_44,classroom,2.4,2,e,a,,,,,sit_down,stand_up,,,,
9560,act_97_56,empty_room,5.0,2,b,c,,,,,walk,walk,,,,
2596,act_27_22,classroom,5.0,2,,,,,b,c,,,,,sit_down,jump
3207,act_33_39,classroom,5.0,4,e,,b,,d,a,rotation,,wave,,pick_up,jump
3670,act_38_7,meeting_room,2.4,1,,b,,,,,,sit_down,,,,
3060,act_31_90,classroom,5.0,4,e,a,b,c,,,stand_up,stand_up,stand_up,stand_up,,
3285,act_34_18,classroom,5.0,5,b,c,d,e,a,,stand_up,nothing,walk,rotation,jump,
11258,act_206_71,empty_room,5.0,0,,,,,,,,,,,,
10273,act_104_76,empty_room,5.0,4,,e,,b,c,d,,jump,,wave,wave,jump
3847,act_39_85,meeting_room,2.4,1,,,b,,,,,,jump,,,
7584,act_77_60,empty_room,2.4,1,,,,,a,,,,,,sit_down,
168,act_2_69,classroom,2.4,1,,d,,,,,,lie_down,,,,
1916,act_20_35,classroom,5.0,1,,e,,,,,,stand_up,,,,
5932,act_60_91,meeting_room,5.0,1,,,,,,a,,,,,,nothing
7114,act_72_85,meeting_room,5.0,5,e,,b,c,d,a,jump,,jump,jump,wave,jump
2391,act_25_15,classroom,5.0,2,b,c,,,,,lie_down,pick_up,,,,
3350,act_34_83,classroom,5.0,5,e,a,b,c,d,,walk,walk,walk,walk,rotation,
7952,act_81_32,empty_room,2.4,2,,,,,c,d,,,,,stand_up,wave
802,act_9_10,classroom,2.4,2,,,,,a,b,,,,,wave,nothing
2139,act_22_60,classroom,5.0,1,,,,e,,,,,,pick_up,,
6248,act_64_11,meeting_room,5.0,3,b,c,d,,,,walk,rotation,jump,,,
7960,act_81_40,empty_room,2.4,2,,,,,d,e,,,,,sit_down,jump
743,act_8_50,classroom,2.4,2,,,c,d,,,,,lie_down,lie_down,,
5507,act_56_62,meeting_room,5.0,1,,c,,,,,,sit_down,,,,
6700,act_68_67,meeting_room,5.0,4,,d,,a,b,c,,jump,,wave,wave,jump
3300,act_34_33,classroom,5.0,5,d,e,a,b,c,,lie_down,pick_up,sit_down,stand_up,nothing,
5703,act_58_60,meeting_room,5.0,1,,,,e,,,,,,pick_up,,
10558,act_107_64,empty_room,5.0,5,,d,e,a,b,c,,nothing,nothing,walk,walk,nothing
10411,act_106_16,empty_room,5.0,5,b,c,d,e,a,,pick_up,sit_down,stand_up,nothing,walk,
10991,act_204_2,meeting_room,5.0,0,,,,,,,,,,,,
10715,act_201_23,classroom,2.4,0,,,,,,,,,,,,
716,act_8_23,classroom,2.4,2,,,e,a,,,,,pick_up,sit_down,,
9676,act_98_73,empty_room,5.0,2,,,a,b,,,,,nothing,walk,,
3449,act_35_83,classroom,5.0,5,,a,b,c,d,e,,walk,walk,walk,rotation,walk
9791,act_99_89,empty_room,5.0,2,,,,,d,e,,,,,stand_up,sit_down
4254,act_43_96,meeting_room,2.4,2,a,b,,,,,lie_down,lie_down,,,,
6019,act_61_79,meeting_room,5.0,2,d,e,,,,,pick_up,pick_up,,,,
10644,act_108_51,empty_room,5.0,5,a,,c,d,e,b,lie_down,,pick_up,pick_up,sit_down,lie_down
2090,act_22_11,classroom,5.0,1,,,,e,,,,,,wave,,
2460,act_25_84,classroom,5.0,2,e,a,,,,,rotation,rotation,,,,
8215,act_83_97,empty_room,2.4,3,,b,,d,,a,,pick_up,,pick_up,,pick_up
9964,act_101_64,empty_room,5.0,3,,d,,a,,c,,nothing,,walk,,nothing
10873,act_202_82,classroom,5.0,0,,,,,,,,,,,,
1835,act_19_53,classroom,5.0,1,a,,,,,,sit_down,,,,,
10965,act_203_75,meeting_room,2.4,0,,,,,,,,,,,,
10219,act_104_22,empty_room,5.0,4,,d,,a,b,c,,wave,,pick_up,sit_down,jump
7368,act_75_42,empty_room,2.4,1,,,b,,,,,,sit_down,,,
7835,act_80_14,empty_room,2.4,2,,,d,e,,,,,pick_up,sit_down,,
7553,act_77_29,empty_room,2.4,1,,,,,c,,,,,,lie_down,
4823,act_49_71,meeting_room,2.4,4,c,d,e,a,,,sit_down,sit_down,sit_down,stand_up,,
11004,act_204_15,meeting_room,5.0,0,,,,,,,,,,,,
11145,act_205_57,empty_room,2.4,0,,,,,,,,,,,,
8749,act_89_37,empty_room,2.4,5,,a,b,c,d,e,,walk,rotation,jump,wave,nothing
1887,act_20_6,classroom,5.0,1,,b,,,,,,pick_up,,,,
24,act_1_24,classroom,2.4,1,c,,,,,,lie_down,,,,,
4429,act_45_73,meeting_room,2.4,2,,,,,c,d,,,,,walk,nothing
9941,act_101_41,empty_room,5.0,3,,a,,c,,e,,lie_down,,sit_down,,wave
1310,act_14_23,classroom,2.4,4,,d,,a,b,c,,lie_down,,sit_down,stand_up,wave
8709,act_88_96,empty_room,2.4,5,a,b,c,d,e,,lie_down,lie_down,lie_down,lie_down,lie_down,
790,act_8_97,classroom,2.4,2,,,c,d,,,,,pick_up,pick_up,,
4123,act_42_64,meeting_room,2.4,1,,,,,,c,,,,,,nothing
8993,act_91_83,empty_room,5.0,1,e,,,,,,walk,,,,,
10844,act_202_53,classroom,5.0,0,,,,,,,,,,,,
2983,act_31_13,classroom,5.0,4,b,c,d,e,,,jump,wave,lie_down,pick_up,,
7641,act_78_18,empty_room,2.4,1,,,,,,b,,,,,,stand_up
7310,act_74_83,empty_room,2.4,1,,a,,,,,,walk,,,,
3950,act_40_89,meeting_room,2.4,1,,,,c,,,,,,sit_down,,
7721,act_78_98,empty_room,2.4,1,,,,,,a,,,,,,sit_down
1958,act_20_77,classroom,5.0,1,,e,,,,,,wave,,,,
10781,act_201_89,classroom,2.4,0,,,,,,,,,,,,
4027,act_41_67,meeting_room,2.4,1,,,,,b,,,,,,wave,
7714,act_78_91,empty_room,2.4,1,,,,,,a,,,,,,nothing
4919,act_50_68,meeting_room,2.4,4,,d,,a,b,c,,wave,,lie_down,lie_down,wave
9325,act_95_19,empty_room,5.0,1,,,,,b,,,,,,wave,
4863,act_50_12,meeting_room,2.4,4,,c,,e,a,b,,jump,,lie_down,pick_up,rotation
8490,act_86_75,empty_room,2.4,4,,e,,b,c,d,,rotation,,jump,jump,rotation
6370,act_65_34,meeting_room,5.0,3,,e,,b,,d,,sit_down,,nothing,,pick_up
7317,act_74_90,empty_room,2.4,1,,a,,,,,,stand_up,,,,
11221,act_206_34,empty_room,5.0,0,,,,,,,,,,,,
10130,act_103_32,empty_room,5.0,4,d,e,a,b,,,wave,lie_down,pick_up,sit_down,,
4880,act_50_29,meeting_room,2.4,4,,e,,b,c,d,,rotation,,wave,lie_down,walk
5749,act_59_7,meeting_room,5.0,1,,,,,e,,,,,,walk,
2523,act_26_48,classroom,5.0,2,,,c,d,,,,,jump,jump,,
7518,act_76_93,empty_room,2.4,1,,,,d,,,,,,rotation,,
8112,act_82_93,empty_room,2.4,3,a,b,c,,,,rotation,rotation,rotation,,,
5708,act_58_65,meeting_room,5.0,1,,,,a,,,,,,rotation,,
11123,act_205_35,empty_room,2.4,0,,,,,,,,,,,,
6683,act_68_50,meeting_room,5.0,4,,b,,d,e,a,,wave,,lie_down,pick_up,wave
5504,act_56_59,meeting_room,5.0,1,,c,,,,,,wave,,,,
2743,act_28_70,classroom,5.0,3,c,d,e,,,,pick_up,pick_up,pick_up,,,
6443,act_66_8,meeting_room,5.0,3,a,,,,e,b,sit_down,,,,rotation,stand_up
1311,act_14_24,classroom,2.4,4,,d,,a,b,c,,pick_up,,stand_up,nothing,lie_down
6799,act_69_67,meeting_room,5.0,4,c,,e,,b,d,jump,,jump,,wave,jump
2733,act_28_60,classroom,5.0,3,b,c,d,,,,lie_down,lie_down,pick_up,,,
10441,act_106_46,empty_room,5.0,5,a,b,c,d,e,,nothing,nothing,walk,walk,rotation,
8406,act_85_90,empty_room,2.4,4,e,a,b,c,,,stand_up,stand_up,stand_up,stand_up,,
11030,act_204_41,meeting_room,5.0,0,,,,,,,,,,,,
9645,act_98_42,empty_room,5.0,2,,,b,c,,,,,sit_down,stand_up,,
7676,act_78_53,empty_room,2.4,1,,,,,,a,,,,,,sit_down
7568,act_77_44,empty_room,2.4,1,,,,,d,,,,,,rotation,
6097,act_62_58,meeting_room,5.0,2,,,d,e,,,,,wave,wave,,
1316,act_14_29,classroom,2.4,4,,e,,b,c,d,,rotation,,wave,lie_down,walk
3773,act_39_11,meeting_room,2.4,1,,,d,,,,,,jump,,,
8914,act_91_4,empty_room,5.0,1,a,,,,,,jump,,,,,
3534,act_36_69,classroom,5.0,5,c,,e,a,b,d,lie_down,,lie_down,pick_up,pick_up,lie_down
8991,act_91_81,empty_room,5.0,1,d,,,,,,stand_up,,,,,
1340,act_14_53,classroom,2.4,4,,b,,d,e,a,,sit_down,,stand_up,nothing,sit_down
4032,act_41_72,meeting_room,2.4,1,,,,,b,,,,,,nothing,
739,act_8_46,classroom,2.4,2,,,c,d,,,,,walk,walk,,
966,act_10_75,classroom,2.4,3,d,e,a,,,,rotation,rotation,rotation,,,
253,act_3_55,classroom,2.4,1,,,d,,,,,,walk,,,
4686,act_48_33,meeting_room,2.4,3,d,,,,c,e,lie_down,,,,nothing,pick_up
2099,act_22_20,classroom,5.0,1,,,,a,,,,,,wave,,
873,act_9_81,classroom,2.4,2,,,,,c,d,,,,,nothing,stand_up
9191,act_93_83,empty_room,5.0,1,,,b,,,,,,walk,,,
6755,act_69_23,meeting_room,5.0,4,c,,e,,b,d,wave,,pick_up,,stand_up,lie_down
10473,act_106_78,empty_room,5.0,5,d,e,a,b,c,,lie_down,lie_down,lie_down,pick_up,pick_up,
10633,act_108_40,empty_room,5.0,5,e,,b,c,d,a,jump,,lie_down,pick_up,sit_down,wave
8046,act_82_27,empty_room,2.4,3,c,d,e,,,,stand_up,nothing,walk,,,
7321,act_74_94,empty_room,2.4,1,,b,,,,,,jump,,,,
5138,act_52_89,meeting_room,2.4,5,e,a,b,c,d,,sit_down,sit_down,sit_down,sit_down,stand_up,
3299,act_34_32,classroom,5.0,5,d,e,a,b,c,,wave,lie_down,pick_up,sit_down,stand_up,
10128,act_103_30,empty_room,5.0,4,d,e,a,b,,,rotation,jump,wave,lie_down,,
8969,act_91_59,empty_room,5.0,1,b,,,,,,wave,,,,,
4673,act_48_20,meeting_room,2.4,3,c,,,,b,d,walk,,,,lie_down,rotation
4552,act_46_97,meeting_room,2.4,3,a,b,c,,,,pick_up,pick_up,pick_up,,,
8162,act_83_44,empty_room,2.4,3,,a,,c,,e,,stand_up,,walk,,sit_down
7372,act_75_46,empty_room,2.4,1,,,c,,,,,,walk,,,
7496,act_76_71,empty_room,2.4,1,,,,a,,,,,,stand_up,,
4565,act_47_11,meeting_room,2.4,3,,c,,e,,b,,rotation,,wave,,walk
11068,act_204_79,meeting_room,5.0,0,,,,,,,,,,,,
448,act_5_52,classroom,2.4,1,,,,,e,,,,,,stand_up,
3964,act_41_4,meeting_room,2.4,1,,,,,e,,,,,,sit_down,
57,act_1_57,classroom,2.4,1,b,,,,,,rotation,,,,,
2486,act_26_11,classroom,5.0,2,,,d,e,,,,,jump,wave,,
3465,act_35_99,classroom,5.0,5,,b,c,d,e,a,,stand_up,stand_up,stand_up,stand_up,stand_up
477,act_5_81,classroom,2.4,1,,,,,c,,,,,,nothing,
2996,act_31_26,classroom,5.0,4,c,d,e,a,,,sit_down,stand_up,nothing,walk,,
8292,act_84_75,empty_room,2.4,3,d,,,,c,e,rotation,,,,jump,rotation
5980,act_61_40,meeting_room,5.0,2,e,a,,,,,jump,wave,,,,
4950,act_50_99,meeting_room,2.4,4,,b,,d,e,a,,stand_up,,stand_up,stand_up,stand_up
8505,act_86_90,empty_room,2.4,4,,a,,c,d,e,,stand_up,,stand_up,nothing,stand_up
6827,act_69_95,meeting_room,5.0,4,a,,c,,e,b,wave,,wave,,wave,wave
5181,act_53_33,meeting_room,2.4,5,,e,a,b,c,d,,pick_up,sit_down,stand_up,nothing,lie_down
751,act_8_58,classroom,2.4,2,,,d,e,,,,,wave,wave,,
4830,act_49_78,meeting_room,2.4,4,d,e,a,b,,,lie_down,lie_down,lie_down,pick_up,,
4218,act_43_60,meeting_room,2.4,2,b,c,,,,,lie_down,lie_down,,,,
377,act_4_80,classroom,2.4,1,,,,b,,,,,,stand_up,,
8958,act_91_48,empty_room,5.0,1,a,,,,,,rotation,,,,,
8813,act_90_2,empty_room,2.4,5,a,,c,d,e,b,walk,,jump,wave,lie_down,rotation
6751,act_69_19,meeting_room,5.0,4,c,,e,,b,d,nothing,,rotation,,wave,walk
2610,act_27_36,classroom,5.0,2,,,,,c,d,,,,,jump,stand_up
9069,act_92_60,empty_room,5.0,1,,c,,,,,,lie_down,,,,
11275,act_206_88,empty_room,5.0,0,,,,,,,,,,,,
2413,act_25_37,classroom,5.0,2,e,a,,,,,nothing,walk,,,,
9772,act_99_70,empty_room,5.0,2,,,,,b,c,,,,,sit_down,pick_up
3049,act_31_79,classroom,5.0,4,d,e,a,b,,,pick_up,pick_up,pick_up,sit_down,,
4202,act_43_44,meeting_room,2.4,2,e,a,,,,,sit_down,stand_up,,,,
7326,act_74_99,empty_room,2.4,1,,b,,,,,,stand_up,,,,
3459,act_35_93,classroom,5.0,5,,b,c,d,e,a,,rotation,rotation,rotation,rotation,rotation
11102,act_205_14,empty_room,2.4,0,,,,,,,,,,,,
10759,act_201_67,classroom,2.4,0,,,,,,,,,,,,
10160,act_103_62,empty_room,5.0,4,b,c,d,e,,,sit_down,sit_down,stand_up,stand_up,,
9083,act_92_74,empty_room,5.0,1,,e,,,,,,walk,,,,
8127,act_83_9,empty_room,2.4,3,,b,,d,,a,,nothing,,rotation,,stand_up
4626,act_47_72,meeting_room,2.4,3,,d,,a,,c,,stand_up,,nothing,,stand_up
4610,act_47_56,meeting_room,2.4,3,,c,,e,,b,,walk,,rotation,,walk
228,act_3_30,classroom,2.4,1,,,a,,,,,,wave,,,
6087,act_62_48,meeting_room,5.0,2,,,c,d,,,,,jump,jump,,
2318,act_24_41,classroom,5.0,1,,,,,,e,,,,,,wave
2508,act_26_33,classroom,5.0,2,,,a,b,,,,,sit_down,stand_up,,
4630,act_47_76,meeting_room,2.4,3,,e,,b,,d,,jump,,wave,,jump
1509,act_16_24,classroom,2.4,5,c,d,e,a,b,,lie_down,pick_up,sit_down,stand_up,nothing,
8250,act_84_33,empty_room,2.4,3,d,,,,c,e,lie_down,,,,nothing,pick_up
7604,act_77_80,empty_room,2.4,1,,,,,c,,,,,,stand_up,
1685,act_18_2,classroom,2.4,5,a,,c,d,e,b,walk,,jump,wave,lie_down,rotation
500,act_6_5,classroom,2.4,1,,,,,,a,,,,,,wave
5946,act_61_6,meeting_room,5.0,2,a,b,,,,,lie_down,pick_up,,,,
10154,act_103_56,empty_room,5.0,4,b,c,d,e,,,walk,walk,rotation,rotation,,
1878,act_19_96,classroom,5.0,1,a,,,,,,lie_down,,,,,
9153,act_93_45,empty_room,5.0,1,,,b,,,,,,walk,,,
514,act_6_19,classroom,2.4,1,,,,,,c,,,,,,nothing
4574,act_47_20,meeting_room,2.4,3,,d,,a,,c,,rotation,,wave,,walk
10046,act_102_47,empty_room,5.0,3,a,,,,e,b,walk,,,,jump,walk
6983,act_71_53,meeting_room,5.0,5,,b,c,d,e,a,,sit_down,stand_up,stand_up,nothing,sit_down
9605,act_98_2,empty_room,5.0,2,,,c,d,,,,,jump,wave,,
4882,act_50_31,meeting_room,2.4,4,,e,,b,c,d,,wave,,pick_up,sit_down,jump
475,act_5_79,classroom,2.4,1,,,,,c,,,,,,sit_down,
6283,act_64_46,meeting_room,5.0,3,a,b,c,,,,nothing,nothing,walk,,,
4377,act_45_21,meeting_room,2.4,2,,,,,b,c,,,,,pick_up,rotation
7173,act_73_45,empty_room,2.4,1,e,,,,,,stand_up,,,,,
2593,act_27_19,classroom,5.0,2,,,,,b,c,,,,,wave,nothing
481,act_5_85,classroom,2.4,1,,,,,d,,,,,,wave,
3888,act_40_27,meeting_room,2.4,1,,,,a,,,,,,rotation,,
11151,act_205_63,empty_room,2.4,0,,,,,,,,,,,,
4837,act_49_85,meeting_room,2.4,4,e,a,b,c,,,jump,jump,jump,jump,,
9157,act_93_49,empty_room,5.0,1,,,c,,,,,,wave,,,
3949,act_40_88,meeting_room,2.4,1,,,,c,,,,,,pick_up,,
5147,act_52_98,meeting_room,2.4,5,a,b,c,d,e,,sit_down,sit_down,sit_down,sit_down,sit_down,
6696,act_68_63,meeting_room,5.0,4,,c,,e,a,b,,stand_up,,nothing,walk,stand_up
4280,act_44_23,meeting_room,2.4,2,,,e,a,,,,,pick_up,sit_down,,
1350,act_14_63,classroom,2.4,4,,c,,e,a,b,,stand_up,,nothing,walk,stand_up
6830,act_69_98,meeting_room,5.0,4,a,,c,,e,b,sit_down,,sit_down,,sit_down,sit_down
8108,act_82_89,empty_room,2.4,3,e,a,b,,,,sit_down,sit_down,sit_down,,,
3306,act_34_39,classroom,5.0,5,e,a,b,c,d,,rotation,jump,wave,lie_down,pick_up,
8365,act_85_49,empty_room,2.4,4,a,b,c,d,,,jump,jump,wave,wave,,
3024,act_31_54,classroom,5.0,4,a,b,c,d,,,stand_up,stand_up,nothing,nothing,,
3245,act_33_77,classroom,5.0,4,d,,a,,c,e,wave,,wave,,lie_down,wave
1607,act_17_23,classroom,2.4,5,,d,e,a,b,c,,lie_down,pick_up,sit_down,stand_up,wave
6806,act_69_74,meeting_room,5.0,4,d,,a,,c,e,walk,,walk,,rotation,walk
3560,act_36_95,classroom,5.0,5,a,,c,d,e,b,wave,,wave,wave,wave,wave
4141,act_42_82,meeting_room,2.4,1,,,,,,e,,,,,,nothing
1660,act_17_76,classroom,2.4,5,,e,a,b,c,d,,jump,jump,wave,wave,jump
1447,act_15_61,classroom,2.4,4,b,,d,,a,c,pick_up,,sit_down,,stand_up,pick_up
4393,act_45_37,meeting_room,2.4,2,,,,,d,e,,,,,wave,nothing
1021,act_11_31,classroom,2.4,3,,e,,b,,d,,wave,,pick_up,,jump
706,act_8_13,classroom,2.4,2,,,d,e,,,,,lie_down,pick_up,,
5734,act_58_91,meeting_room,5.0,1,,,,d,,,,,,nothing,,
1867,act_19_85,classroom,5.0,1,e,,,,,,jump,,,,,
10987,act_203_97,meeting_room,2.4,0,,,,,,,,,,,,
4374,act_45_18,meeting_room,2.4,2,,,,,a,b,,,,,jump,stand_up
6988,act_71_58,meeting_room,5.0,5,,c,d,e,a,b,,jump,wave,wave,lie_down,jump
2123,act_22_44,classroom,5.0,1,,,,c,,,,,,walk,,
9526,act_97_22,empty_room,5.0,2,c,d,,,,,jump,wave,,,,
1922,act_20_41,classroom,5.0,1,,a,,,,,,lie_down,,,,
6011,act_61_71,meeting_room,5.0,2,c,d,,,,,sit_down,sit_down,,,,
10376,act_105_80,empty_room,5.0,4,d,,a,,c,e,sit_down,,sit_down,,stand_up,sit_down
4881,act_50_30,meeting_room,2.4,4,,e,,b,c,d,,jump,,lie_down,pick_up,rotation
1420,act_15_34,classroom,2.4,4,d,,a,,c,e,pick_up,,stand_up,,walk,sit_down
9872,act_100_71,empty_room,5.0,3,c,d,e,,,,sit_down,sit_down,sit_down,,,
3016,act_31_46,classroom,5.0,4,a,b,c,d,,,nothing,nothing,walk,walk,,
7378,act_75_52,empty_room,2.4,1,,,c,,,,,,sit_down,,,
2026,act_21_46,classroom,5.0,1,,,c,,,,,,walk,,,
595,act_7_1,classroom,2.4,2,a,b,,,,,nothing,walk,,,,
1559,act_16_74,classroom,2.4,5,d,e,a,b,c,,walk,walk,walk,rotation,rotation,
9650,act_98_47,empty_room,5.0,2,,,c,d,,,,,rotation,rotation,,
3853,act_39_91,meeting_room,2.4,1,,,c,,,,,,nothing,,,
5318,act_54_71,meeting_room,2.4,5,c,,e,a,b,d,sit_down,,sit_down,stand_up,stand_up,sit_down
2059,act_21_79,classroom,5.0,1,,,a,,,,,,pick_up,,,
5929,act_60_88,meeting_room,5.0,1,,,,,,e,,,,,,pick_up
4004,act_41_44,meeting_room,2.4,1,,,,,d,,,,,,rotation,
6734,act_69_2,meeting_room,5.0,4,a,,c,,e,b,walk,,jump,,lie_down,rotation
6081,act_62_42,meeting_room,5.0,2,,,b,c,,,,,sit_down,stand_up,,
10820,act_202_29,classroom,5.0,0,,,,,,,,,,,,
6082,act_62_43,meeting_room,5.0,2,,,b,c,,,,,stand_up,nothing,,
5614,act_57_70,meeting_room,5.0,1,,,e,,,,,,pick_up,,,
4721,act_48_68,meeting_room,2.4,3,c,,,,b,d,wave,,,,lie_down,wave
6215,act_63_77,meeting_room,5.0,2,,,,,c,d,,,,,lie_down,wave
6132,act_62_93,meeting_room,5.0,2,,,c,d,,,,,rotation,rotation,,
5944,act_61_4,meeting_room,5.0,2,a,b,,,,,jump,wave,,,,
8891,act_90_80,empty_room,2.4,5,d,,a,b,c,e,sit_down,,sit_down,stand_up,stand_up,sit_down
293,act_3_95,classroom,2.4,1,,,c,,,,,,wave,,,
3820,act_39_58,meeting_room,2.4,1,,,d,,,,,,wave,,,
4368,act_45_12,meeting_room,2.4,2,,,,,a,b,,,,,pick_up,rotation
9764,act_99_62,empty_room,5.0,2,,,,,a,b,,,,,nothing,sit_down
7707,act_78_84,empty_room,2.4,1,,,,,,e,,,,,,rotation
9692,act_98_89,empty_room,5.0,2,,,b,c,,,,,sit_down,sit_down,,
7947,act_81_27,empty_room,2.4,2,,,,,b,c,,,,,jump,stand_up
7986,act_81_66,empty_room,2.4,2,,,,,b,c,,,,,jump,rotation
1319,act_14_32,classroom,2.4,4,,e,,b,c,d,,lie_down,,sit_down,stand_up,wave
8872,act_90_61,empty_room,2.4,5,b,,d,e,a,c,pick_up,,sit_down,sit_down,stand_up,pick_up
9836,act_100_35,empty_room,5.0,3,d,e,a,,,,sit_down,stand_up,nothing,,,
4354,act_44_97,meeting_room,2.4,2,,,c,d,,,,,pick_up,pick_up,,
10695,act_201_3,classroom,2.4,0,,,,,,,,,,,,
9316,act_95_10,empty_room,5.0,1,,,,,a,,,,,,wave,
5697,act_58_54,meeting_room,5.0,1,,,,d,,,,,,nothing,,
5467,act_56_22,meeting_room,5.0,1,,d,,,,,,wave,,,,
3575,act_37_11,meeting_room,2.4,1,b,,,,,,walk,,,,,
8926,act_91_16,empty_room,5.0,1,b,,,,,,pick_up,,,,,
3039,act_31_69,classroom,5.0,4,c,d,e,a,,,lie_down,lie_down,lie_down,pick_up,,
5707,act_58_64,meeting_room,5.0,1,,,,a,,,,,,walk,,
7158,act_73_30,empty_room,2.4,1,d,,,,,,rotation,,,,,
3028,act_31_58,classroom,5.0,4,b,c,d,e,,,jump,jump,wave,wave,,
6826,act_69_94,meeting_room,5.0,4,a,,c,,e,b,jump,,jump,,jump,jump
9177,act_93_69,empty_room,5.0,1,,,e,,,,,,lie_down,,,
11207,act_206_20,empty_room,5.0,0,,,,,,,,,,,,
4845,act_49_93,meeting_room,2.4,4,a,b,c,d,,,rotation,rotation,rotation,rotation,,
3939,act_40_78,meeting_room,2.4,1,,,,b,,,,,,pick_up,,
7964,act_81_44,empty_room,2.4,2,,,,,d,e,,,,,rotation,sit_down
838,act_9_46,classroom,2.4,2,,,,,e,a,,,,,rotation,nothing
7752,act_79_30,empty_room,2.4,2,d,e,,,,,rotation,jump,,,,
6940,act_71_10,meeting_room,5.0,5,,c,d,e,a,b,,walk,rotation,jump,wave,nothing
2007,act_21_27,classroom,5.0,1,,,e,,,,,,walk,,,
3188,act_33_20,classroom,5.0,4,c,,e,,b,d,walk,,jump,,lie_down,rotation
2999,act_31_29,classroom,5.0,4,d,e,a,b,,,walk,rotation,jump,wave,,
8170,act_83_52,empty_room,2.4,3,,b,,d,,a,,pick_up,,sit_down,,pick_up
3616,act_37_52,meeting_room,2.4,1,a,,,,,,pick_up,,,,,
9256,act_94_49,empty_room,5.0,1,,,,d,,,,,,wave,,
10681,act_108_88,empty_room,5.0,5,e,,b,c,d,a,pick_up,,pick_up,pick_up,sit_down,pick_up
8252,act_84_35,empty_room,2.4,3,d,,,,c,e,sit_down,,,,rotation,stand_up
2875,act_30_4,classroom,5.0,3,a,,,,e,b,jump,,,,sit_down,wave
10364,act_105_68,empty_room,5.0,4,c,,e,,b,d,wave,,wave,,lie_down,wave
8871,act_90_60,empty_room,2.4,5,b,,d,e,a,c,lie_down,,pick_up,pick_up,sit_down,lie_down
158,act_2_59,classroom,2.4,1,,c,,,,,,wave,,,,
7387,act_75_61,empty_room,2.4,1,,,d,,,,,,sit_down,,,
5156,act_53_8,meeting_room,2.4,5,,b,c,d,e,a,,stand_up,nothing,walk,rotation,sit_down
1442,act_15_56,classroom,2.4,4,b,,d,,a,c,walk,,rotation,,jump,walk
7848,act_80_27,empty_room,2.4,2,,,e,a,,,,,walk,rotation,,
9877,act_100_76,empty_room,5.0,3,d,e,a,,,,jump,jump,jump,,,
11194,act_206_7,empty_room,5.0,0,,,,,,,,,,,,
9000,act_91_90,empty_room,5.0,1,e,,,,,,stand_up,,,,,
5326,act_54_79,meeting_room,2.4,5,d,,a,b,c,e,pick_up,,pick_up,sit_down,sit_down,pick_up
4963,act_51_13,meeting_room,2.4,4,b,,d,,a,c,jump,,lie_down,,sit_down,wave
9457,act_96_52,empty_room,5.0,1,,,,,,a,,,,,,pick_up
8329,act_85_13,empty_room,2.4,4,b,c,d,e,,,jump,wave,lie_down,pick_up,,
1964,act_20_83,classroom,5.0,1,,a,,,,,,walk,,,,
4526,act_46_71,meeting_room,2.4,3,c,d,e,,,,sit_down,sit_down,sit_down,,,
9263,act_94_56,empty_room,5.0,1,,,,e,,,,,,rotation,,
3275,act_34_8,classroom,5.0,5,a,b,c,d,e,,sit_down,stand_up,nothing,walk,rotation,
5793,act_59_51,meeting_room,5.0,1,,,,,e,,,,,,sit_down,
8086,act_82_67,empty_room,2.4,3,c,d,e,,,,jump,jump,jump,,,
4732,act_48_79,meeting_room,2.4,3,d,,,,c,e,pick_up,,,,sit_down,pick_up
10034,act_102_35,empty_room,5.0,3,d,,,,c,e,sit_down,,,,rotation,stand_up
10366,act_105_70,empty_room,5.0,4,c,,e,,b,d,pick_up,,pick_up,,sit_down,pick_up
1544,act_16_59,classroom,2.4,5,b,c,d,e,a,,wave,wave,lie_down,lie_down,pick_up,
5290,act_54_43,meeting_room,2.4,5,e,,b,c,d,a,pick_up,,stand_up,nothing,walk,sit_down
8400,act_85_84,empty_room,2.4,4,e,a,b,c,,,rotation,rotation,rotation,rotation,,
2269,act_23_91,classroom,5.0,1,,,,,e,,,,,,nothing,
9040,act_92_31,empty_room,5.0,1,,e,,,,,,wave,,,,
3895,act_40_34,meeting_room,2.4,1,,,,b,,,,,,nothing,,
4839,act_49_87,meeting_room,2.4,4,e,a,b,c,,,lie_down,lie_down,lie_down,lie_down,,
8832,act_90_21,empty_room,2.4,5,c,,e,a,b,d,rotation,,wave,lie_down,pick_up,jump
604,act_7_10,classroom,2.4,2,b,c,,,,,nothing,walk,,,,
6415,act_65_79,meeting_room,5.0,3,,e,,b,,d,,pick_up,,sit_down,,pick_up
6481,act_66_46,meeting_room,5.0,3,a,,,,e,b,nothing,,,,rotation,nothing
394,act_4_97,classroom,2.4,1,,,,d,,,,,,pick_up,,
10329,act_105_33,empty_room,5.0,4,d,,a,,c,e,lie_down,,sit_down,,nothing,pick_up
3544,act_36_79,classroom,5.0,5,d,,a,b,c,e,pick_up,,pick_up,sit_down,sit_down,pick_up
2895,act_30_24,classroom,5.0,3,c,,,,b,d,lie_down,,,,nothing,pick_up
5398,act_55_52,meeting_room,5.0,1,a,,,,,,pick_up,,,,,
6602,act_67_68,meeting_room,5.0,4,c,d,e,a,,,wave,wave,wave,lie_down,,
9754,act_99_52,empty_room,5.0,2,,,,,e,a,,,,,stand_up,pick_up
5984,act_61_44,meeting_room,5.0,2,e,a,,,,,sit_down,stand_up,,,,
10048,act_102_49,empty_room,5.0,3,a,,,,e,b,jump,,,,lie_down,jump
5674,act_58_31,meeting_room,5.0,1,,,,b,,,,,,pick_up,,
3884,act_40_23,meeting_room,2.4,1,,,,a,,,,,,sit_down,,
8026,act_82_7,empty_room,2.4,3,a,b,c,,,,pick_up,sit_down,stand_up,,,
6312,act_64_75,meeting_room,5.0,3,d,e,a,,,,rotation,rotation,rotation,,,
7486,act_76_61,empty_room,2.4,1,,,,e,,,,,,sit_down,,
7620,act_77_96,empty_room,2.4,1,,,,,e,,,,,,lie_down,
10523,act_107_29,empty_room,5.0,5,,e,a,b,c,d,,rotation,jump,wave,lie_down,walk
3892,act_40_31,meeting_room,2.4,1,,,,b,,,,,,pick_up,,
5831,act_59_89,meeting_room,5.0,1,,,,,d,,,,,,stand_up,
402,act_5_6,classroom,2.4,1,,,,,e,,,,,,nothing,
2583,act_27_9,classroom,5.0,2,,,,,e,a,,,,,jump,stand_up
1632,act_17_48,classroom,2.4,5,,b,c,d,e,a,,rotation,jump,jump,wave,rotation
2629,act_27_55,classroom,5.0,2,,,,,a,b,,,,,rotation,nothing
3051,act_31_81,classroom,5.0,4,d,e,a,b,,,stand_up,stand_up,stand_up,nothing,,
6126,act_62_87,meeting_room,5.0,2,,,b,c,,,,,lie_down,lie_down,,
9174,act_93_66,empty_room,5.0,1,,,e,,,,,,rotation,,,
7384,act_75_58,empty_room,2.4,1,,,d,,,,,,wave,,,
11155,act_205_67,empty_room,2.4,0,,,,,,,,,,,,
11076,act_204_87,meeting_room,5.0,0,,,,,,,,,,,,
3140,act_32_71,classroom,5.0,4,,d,,a,b,c,,sit_down,,stand_up,stand_up,sit_down
6256,act_64_19,meeting_room,5.0,3,c,d,e,,,,nothing,walk,rotation,,,
8319,act_85_3,empty_room,2.4,4,a,b,c,d,,,rotation,jump,wave,lie_down,,
4763,act_49_11,meeting_room,2.4,4,b,c,d,e,,,walk,rotation,jump,wave,,
5285,act_54_38,meeting_room,2.4,5,e,,b,c,d,a,walk,,jump,wave,lie_down,rotation
8625,act_88_12,empty_room,2.4,5,b,c,d,e,a,,rotation,jump,wave,lie_down,pick_up,
2068,act_21_88,classroom,5.0,1,,,b,,,,,,pick_up,,,
4412,act_45_56,meeting_room,2.4,2,,,,,a,b,,,,,jump,walk
1600,act_17_16,classroom,2.4,5,,c,d,e,a,b,,sit_down,stand_up,nothing,walk,pick_up
4255,act_43_97,meeting_room,2.4,2,a,b,,,,,pick_up,pick_up,,,,
1386,act_14_99,classroom,2.4,4,,b,,d,e,a,,stand_up,,stand_up,stand_up,stand_up
8613,act_87_99,empty_room,2.4,4,a,,c,,e,b,stand_up,,stand_up,,stand_up,stand_up
6348,act_65_12,meeting_room,5.0,3,,c,,e,,b,,jump,,lie_down,,rotation
1406,act_15_20,classroom,2.4,4,c,,e,,b,d,walk,,jump,,lie_down,rotation
810,act_9_18,classroom,2.4,2,,,,,a,b,,,,,jump,stand_up
8305,act_84_88,empty_room,2.4,3,e,,,,d,a,pick_up,,,,sit_down,pick_up
2030,act_21_50,classroom,5.0,1,,,c,,,,,,lie_down,,,
9472,act_96_67,empty_room,5.0,1,,,,,,c,,,,,,jump
10657,act_108_64,empty_room,5.0,5,c,,e,a,b,d,nothing,,nothing,walk,walk,nothing
11177,act_205_89,empty_room,2.4,0,,,,,,,,,,,,
8797,act_89_85,empty_room,2.4,5,,a,b,c,d,e,,jump,jump,jump,wave,jump
1703,act_18_20,classroom,2.4,5,c,,e,a,b,d,walk,,jump,wave,lie_down,rotation
8493,act_86_78,empty_room,2.4,4,,e,,b,c,d,,lie_down,,pick_up,pick_up,lie_down
3434,act_35_68,classroom,5.0,5,,d,e,a,b,c,,wave,wave,lie_down,lie_down,wave
3551,act_36_86,classroom,5.0,5,e,,b,c,d,a,wave,,wave,wave,lie_down,wave
4360,act_45_4,meeting_room,2.4,2,,,,,e,a,,,,,sit_down,jump
3791,act_39_29,meeting_room,2.4,1,,,a,,,,,,jump,,,
7211,act_73_83,empty_room,2.4,1,e,,,,,,walk,,,,,
9535,act_97_31,empty_room,5.0,2,d,e,,,,,jump,wave,,,,
1881,act_19_99,classroom,5.0,1,a,,,,,,stand_up,,,,,
11186,act_205_98,empty_room,2.4,0,,,,,,,,,,,,
3133,act_32_64,classroom,5.0,4,,d,,a,b,c,,nothing,,walk,walk,nothing
10532,act_107_38,empty_room,5.0,5,,a,b,c,d,e,,rotation,jump,wave,lie_down,walk
10526,act_107_32,empty_room,5.0,5,,e,a,b,c,d,,lie_down,pick_up,sit_down,stand_up,wave
2288,act_24_11,classroom,5.0,1,,,,,,b,,,,,,walk
5949,act_61_9,meeting_room,5.0,2,a,b,,,,,stand_up,nothing,,,,
8413,act_85_97,empty_room,2.4,4,a,b,c,d,,,pick_up,pick_up,pick_up,pick_up,,
10019,act_102_20,empty_room,5.0,3,c,,,,b,d,walk,,,,lie_down,rotation
7201,act_73_73,empty_room,2.4,1,d,,,,,,nothing,,,,,
2616,act_27_42,classroom,5.0,2,,,,,d,e,,,,,nothing,lie_down
3693,act_38_30,meeting_room,2.4,1,,e,,,,,,jump,,,,
1047,act_11_57,classroom,2.4,3,,c,,e,,b,,rotation,,jump,,rotation
9435,act_96_30,empty_room,5.0,1,,,,,,d,,,,,,rotation
5983,act_61_43,meeting_room,5.0,2,e,a,,,,,pick_up,sit_down,,,,
8261,act_84_44,empty_room,2.4,3,e,,,,d,a,sit_down,,,,rotation,stand_up
6839,act_70_8,meeting_room,5.0,5,a,b,c,d,e,,sit_down,stand_up,nothing,walk,rotation,
1569,act_16_84,classroom,2.4,5,e,a,b,c,d,,rotation,rotation,rotation,rotation,jump,
463,act_5_67,classroom,2.4,1,,,,,b,,,,,,wave,
744,act_8_51,classroom,2.4,2,,,c,d,,,,,pick_up,pick_up,,
223,act_3_25,classroom,2.4,1,,,e,,,,,,stand_up,,,
6642,act_68_9,meeting_room,5.0,4,,b,,d,e,a,,nothing,,rotation,jump,stand_up
5212,act_53_64,meeting_room,2.4,5,,d,e,a,b,c,,nothing,nothing,walk,walk,nothing
9662,act_98_59,empty_room,5.0,2,,,d,e,,,,,lie_down,lie_down,,
626,act_7_32,classroom,2.4,2,d,e,,,,,wave,lie_down,,,,
9854,act_100_53,empty_room,5.0,3,a,b,c,,,,sit_down,sit_down,stand_up,,,
7347,act_75_21,empty_room,2.4,1,,,e,,,,,,wave,,,
8172,act_83_54,empty_room,2.4,3,,b,,d,,a,,stand_up,,nothing,,stand_up
2178,act_22_99,classroom,5.0,1,,,,d,,,,,,stand_up,,
6070,act_62_31,meeting_room,5.0,2,,,a,b,,,,,lie_down,pick_up,,
7919,act_80_98,empty_room,2.4,2,,,c,d,,,,,sit_down,sit_down,,
6217,act_63_79,meeting_room,5.0,2,,,,,c,d,,,,,sit_down,pick_up
4078,act_42_19,meeting_room,2.4,1,,,,,,c,,,,,,nothing
8052,act_82_33,empty_room,2.4,3,d,e,a,,,,lie_down,pick_up,sit_down,,,
4767,act_49_15,meeting_room,2.4,4,b,c,d,e,,,lie_down,pick_up,sit_down,stand_up,,
354,act_4_57,classroom,2.4,1,,,,e,,,,,,jump,,
4826,act_49_74,meeting_room,2.4,4,d,e,a,b,,,walk,walk,walk,rotation,,
457,act_5_61,classroom,2.4,1,,,,,a,,,,,,stand_up,
5958,act_61_18,meeting_room,5.0,2,b,c,,,,,stand_up,nothing,,,,
5834,act_59_92,meeting_room,5.0,1,,,,,e,,,,,,walk,
240,act_3_42,classroom,2.4,1,,,b,,,,,,sit_down,,,
10222,act_104_25,empty_room,5.0,4,,d,,a,b,c,,sit_down,,nothing,walk,pick_up
3474,act_36_9,classroom,5.0,5,a,,c,d,e,b,stand_up,,walk,rotation,jump,nothing
5129,act_52_80,meeting_room,2.4,5,d,e,a,b,c,,sit_down,sit_down,sit_down,stand_up,stand_up,
4741,act_48_88,meeting_room,2.4,3,e,,,,d,a,pick_up,,,,sit_down,pick_up
5072,act_52_23,meeting_room,2.4,5,c,d,e,a,b,,wave,lie_down,pick_up,sit_down,stand_up,
6181,act_63_43,meeting_room,5.0,2,,,,,d,e,,,,,walk,pick_up
3622,act_37_58,meeting_room,2.4,1,b,,,,,,jump,,,,,
1019,act_11_29,classroom,2.4,3,,e,,b,,d,,rotation,,wave,,walk
6146,act_63_8,meeting_room,5.0,2,,,,,e,a,,,,,rotation,sit_down
7865,act_80_44,empty_room,2.4,2,,,b,c,,,,,nothing,walk,,
1761,act_18_78,classroom,2.4,5,d,,a,b,c,e,lie_down,,lie_down,pick_up,pick_up,lie_down
9303,act_94_96,empty_room,5.0,1,,,,d,,,,,,lie_down,,
9916,act_101_16,empty_room,5.0,3,,c,,e,,b,,sit_down,,nothing,,pick_up
10676,act_108_83,empty_room,5.0,5,e,,b,c,d,a,walk,,walk,walk,rotation,walk
1104,act_12_15,classroom,2.4,3,b,,,,a,c,lie_down,,,,nothing,pick_up
11196,act_206_9,empty_room,5.0,0,,,,,,,,,,,,
2847,act_29_75,classroom,5.0,3,,e,,b,,d,,rotation,,jump,,rotation
4084,act_42_25,meeting_room,2.4,1,,,,,,c,,,,,,pick_up
8063,act_82_44,empty_room,2.4,3,e,a,b,,,,sit_down,stand_up,nothing,,,
9599,act_97_95,empty_room,5.0,2,a,b,,,,,wave,wave,,,,
10387,act_105_91,empty_room,5.0,4,a,,c,,e,b,nothing,,nothing,,nothing,nothing
10427,act_106_32,empty_room,5.0,5,d,e,a,b,c,,wave,lie_down,pick_up,sit_down,stand_up,
6089,act_62_50,meeting_room,5.0,2,,,c,d,,,,,lie_down,lie_down,,
10636,act_108_43,empty_room,5.0,5,e,,b,c,d,a,pick_up,,stand_up,nothing,walk,sit_down
4953,act_51_3,meeting_room,2.4,4,a,,c,,e,b,rotation,,wave,,pick_up,jump
6769,act_69_37,meeting_room,5.0,4,e,,b,,d,a,nothing,,rotation,,wave,walk
9098,act_92_89,empty_room,5.0,1,,a,,,,,,sit_down,,,,
9499,act_96_94,empty_room,5.0,1,,,,,,a,,,,,,jump
4485,act_46_30,meeting_room,2.4,3,d,e,a,,,,rotation,jump,wave,,,
1035,act_11_45,classroom,2.4,3,,a,,c,,e,,nothing,,rotation,,stand_up
2265,act_23_87,classroom,5.0,1,,,,,d,,,,,,pick_up,
6735,act_69_3,meeting_room,5.0,4,a,,c,,e,b,rotation,,wave,,pick_up,jump
9052,act_92_43,empty_room,5.0,1,,a,,,,,,sit_down,,,,
4419,act_45_63,meeting_room,2.4,2,,,,,a,b,,,,,walk,stand_up
907,act_10_16,classroom,2.4,3,b,c,d,,,,pick_up,sit_down,stand_up,,,
7019,act_71_89,meeting_room,5.0,5,,a,b,c,d,e,,sit_down,sit_down,sit_down,stand_up,sit_down
8255,act_84_38,empty_room,2.4,3,e,,,,d,a,walk,,,,lie_down,rotation
7245,act_74_18,empty_room,2.4,1,,c,,,,,,nothing,,,,
9471,act_96_66,empty_room,5.0,1,,,,,,c,,,,,,rotation
7376,act_75_50,empty_room,2.4,1,,,c,,,,,,lie_down,,,
4843,act_49_91,meeting_room,2.4,4,a,b,c,d,,,nothing,nothing,nothing,nothing,,
2287,act_24_10,classroom,5.0,1,,,,,,b,,,,,,nothing
5115,act_52_66,meeting_room,2.4,5,c,d,e,a,b,,rotation,rotation,rotation,jump,jump,
6504,act_66_69,meeting_room,5.0,3,c,,,,b,d,lie_down,,,,pick_up,lie_down
11187,act_205_99,empty_room,2.4,0,,,,,,,,,,,,
7763,act_79_41,empty_room,2.4,2,e,a,,,,,wave,lie_down,,,,
9073,act_92_64,empty_room,5.0,1,,d,,,,,,nothing,,,,
2792,act_29_20,classroom,5.0,3,,d,,a,,c,,rotation,,wave,,walk
5031,act_51_81,meeting_room,2.4,4,d,,a,,c,e,stand_up,,stand_up,,nothing,stand_up
5379,act_55_33,meeting_room,5.0,1,d,,,,,,lie_down,,,,,
7457,act_76_32,empty_room,2.4,1,,,,b,,,,,,sit_down,,
3823,act_39_61,meeting_room,2.4,1,,,d,,,,,,sit_down,,,
7479,act_76_54,empty_room,2.4,1,,,,d,,,,,,nothing,,
5875,act_60_34,meeting_room,5.0,1,,,,,,d,,,,,,pick_up
10465,act_106_70,empty_room,5.0,5,c,d,e,a,b,,pick_up,pick_up,pick_up,sit_down,sit_down,
1902,act_20_21,classroom,5.0,1,,d,,,,,,jump,,,,
6212,act_63_74,meeting_room,5.0,2,,,,,c,d,,,,,rotation,walk
8068,act_82_49,empty_room,2.4,3,a,b,c,,,,jump,jump,wave,,,
1570,act_16_85,classroom,2.4,5,e,a,b,c,d,,jump,jump,jump,jump,wave,
5051,act_52_2,meeting_room,2.4,5,a,b,c,d,e,,walk,rotation,jump,wave,lie_down,
348,act_4_51,classroom,2.4,1,,,,d,,,,,,pick_up,,
1243,act_13_55,classroom,2.4,4,b,c,d,e,,,nothing,nothing,walk,walk,,
421,act_5_25,classroom,2.4,1,,,,,b,,,,,,walk,
8538,act_87_24,empty_room,2.4,4,c,,e,,b,d,lie_down,,sit_down,,nothing,pick_up
3127,act_32_58,classroom,5.0,4,,c,,e,a,b,,jump,,wave,lie_down,jump
11182,act_205_94,empty_room,2.4,0,,,,,,,,,,,,
7504,act_76_79,empty_room,2.4,1,,,,b,,,,,,sit_down,,
8066,act_82_47,empty_room,2.4,3,a,b,c,,,,walk,walk,rotation,,,
9846,act_100_45,empty_room,5.0,3,e,a,b,,,,stand_up,nothing,walk,,,
1032,act_11_42,classroom,2.4,3,,a,,c,,e,,pick_up,,stand_up,,lie_down
3308,act_34_41,classroom,5.0,5,e,a,b,c,d,,wave,lie_down,pick_up,sit_down,stand_up,
3280,act_34_13,classroom,5.0,5,b,c,d,e,a,,jump,wave,lie_down,pick_up,sit_down,
7336,act_75_10,empty_room,2.4,1,,,d,,,,,,rotation,,,
4210,act_43_52,meeting_room,2.4,2,a,b,,,,,pick_up,pick_up,,,,
7912,act_80_91,empty_room,2.4,2,,,c,d,,,,,nothing,nothing,,
764,act_8_71,classroom,2.4,2,,,e,a,,,,,sit_down,stand_up,,
10042,act_102_43,empty_room,5.0,3,e,,,,d,a,pick_up,,,,walk,sit_down
7274,act_74_47,empty_room,2.4,1,,b,,,,,,walk,,,,
9994,act_101_94,empty_room,5.0,3,,b,,d,,a,,jump,,jump,,jump
2485,act_26_10,classroom,5.0,2,,,d,e,,,,,rotation,jump,,
1223,act_13_35,classroom,2.4,4,d,e,a,b,,,sit_down,stand_up,nothing,walk,,
9919,act_101_19,empty_room,5.0,3,,d,,a,,c,,walk,,jump,,nothing
2135,act_22_56,classroom,5.0,1,,,,e,,,,,,rotation,,
2424,act_25_48,classroom,5.0,2,a,b,,,,,rotation,rotation,,,,
2956,act_30_85,classroom,5.0,3,e,,,,d,a,jump,,,,wave,jump
8001,act_81_81,empty_room,2.4,2,,,,,c,d,,,,,nothing,stand_up
7557,act_77_33,empty_room,2.4,1,,,,,c,,,,,,nothing,
4703,act_48_50,meeting_room,2.4,3,a,,,,e,b,wave,,,,pick_up,wave
1576,act_16_91,classroom,2.4,5,a,b,c,d,e,,nothing,nothing,nothing,nothing,nothing,
510,act_6_15,classroom,2.4,1,,,,,,b,,,,,,lie_down
8795,act_89_83,empty_room,2.4,5,,a,b,c,d,e,,walk,walk,walk,rotation,walk
5465,act_56_20,meeting_room,5.0,1,,d,,,,,,rotation,,,,
8464,act_86_49,empty_room,2.4,4,,b,,d,e,a,,jump,,wave,lie_down,jump
2305,act_24_28,classroom,5.0,1,,,,,,d,,,,,,nothing
3782,act_39_20,meeting_room,2.4,1,,,e,,,,,,jump,,,
5562,act_57_18,meeting_room,5.0,1,,,d,,,,,,walk,,,
10847,act_202_56,classroom,5.0,0,,,,,,,,,,,,
1260,act_13_72,classroom,2.4,4,c,d,e,a,,,stand_up,stand_up,stand_up,nothing,,
8508,act_86_93,empty_room,2.4,4,,b,,d,e,a,,rotation,,rotation,rotation,rotation
3317,act_34_50,classroom,5.0,5,a,b,c,d,e,,wave,wave,lie_down,lie_down,pick_up,
10877,act_202_86,classroom,5.0,0,,,,,,,,,,,,
7475,act_76_50,empty_room,2.4,1,,,,d,,,,,,lie_down,,
712,act_8_19,classroom,2.4,2,,,e,a,,,,,rotation,jump,,
8222,act_84_5,empty_room,2.4,3,a,,,,e,b,wave,,,,stand_up,lie_down
10306,act_105_10,empty_room,5.0,4,b,,d,,a,c,nothing,,rotation,,wave,walk
8604,act_87_90,empty_room,2.4,4,e,,b,,d,a,stand_up,,stand_up,,nothing,stand_up
5817,act_59_75,meeting_room,5.0,1,,,,,c,,,,,,jump,
5915,act_60_74,meeting_room,5.0,1,,,,,,d,,,,,,walk
1373,act_14_86,classroom,2.4,4,,a,,c,d,e,,wave,,wave,lie_down,wave
713,act_8_20,classroom,2.4,2,,,e,a,,,,,jump,wave,,
6605,act_67_71,meeting_room,5.0,4,c,d,e,a,,,sit_down,sit_down,sit_down,stand_up,,
6840,act_70_9,meeting_room,5.0,5,a,b,c,d,e,,stand_up,nothing,walk,rotation,jump,
8789,act_89_77,empty_room,2.4,5,,e,a,b,c,d,,wave,wave,lie_down,lie_down,wave
10398,act_106_3,empty_room,5.0,5,a,b,c,d,e,,rotation,jump,wave,lie_down,pick_up,
8546,act_87_32,empty_room,2.4,4,d,,a,,c,e,wave,,pick_up,,stand_up,lie_down
1483,act_15_97,classroom,2.4,4,a,,c,,e,b,pick_up,,pick_up,,pick_up,pick_up
1490,act_16_5,classroom,2.4,5,a,b,c,d,e,,wave,lie_down,pick_up,sit_down,stand_up,
4696,act_48_43,meeting_room,2.4,3,e,,,,d,a,pick_up,,,,walk,sit_down
3609,act_37_45,meeting_room,2.4,1,e,,,,,,stand_up,,,,,
1795,act_19_13,classroom,5.0,1,b,,,,,,jump,,,,,
4902,act_50_51,meeting_room,2.4,4,,b,,d,e,a,,lie_down,,pick_up,sit_down,lie_down
1822,act_19_40,classroom,5.0,1,e,,,,,,jump,,,,,
7465,act_76_40,empty_room,2.4,1,,,,c,,,,,,pick_up,,
10488,act_106_93,empty_room,5.0,5,a,b,c,d,e,,rotation,rotation,rotation,rotation,rotation,
10985,act_203_95,meeting_room,2.4,0,,,,,,,,,,,,
4416,act_45_60,meeting_room,2.4,2,,,,,a,b,,,,,sit_down,lie_down
1742,act_18_59,classroom,2.4,5,b,,d,e,a,c,wave,,lie_down,lie_down,pick_up,wave
1659,act_17_75,classroom,2.4,5,,e,a,b,c,d,,rotation,rotation,jump,jump,rotation
213,act_3_15,classroom,2.4,1,,,d,,,,,,sit_down,,,
8317,act_85_1,empty_room,2.4,4,a,b,c,d,,,nothing,walk,rotation,jump,,
4769,act_49_17,meeting_room,2.4,4,b,c,d,e,,,sit_down,stand_up,nothing,walk,,
324,act_4_27,classroom,2.4,1,,,,a,,,,,,rotation,,
10639,act_108_46,empty_room,5.0,5,a,,c,d,e,b,nothing,,walk,walk,rotation,nothing
1098,act_12_9,classroom,2.4,3,a,,,,e,b,stand_up,,,,jump,nothing
9968,act_101_68,empty_room,5.0,3,,d,,a,,c,,wave,,lie_down,,wave
1360,act_14_73,classroom,2.4,4,,e,,b,c,d,,nothing,,walk,walk,nothing
335,act_4_38,classroom,2.4,1,,,,c,,,,,,wave,,
11125,act_205_37,empty_room,2.4,0,,,,,,,,,,,,
1614,act_17_30,classroom,2.4,5,,e,a,b,c,d,,jump,wave,lie_down,pick_up,rotation
4924,act_50_73,meeting_room,2.4,4,,e,,b,c,d,,nothing,,walk,walk,nothing
793,act_9_1,classroom,2.4,2,,,,,e,a,,,,,wave,nothing
234,act_3_36,classroom,2.4,1,,,a,,,,,,walk,,,
5000,act_51_50,meeting_room,2.4,4,a,,c,,e,b,wave,,lie_down,,pick_up,wave
4562,act_47_8,meeting_room,2.4,3,,b,,d,,a,,stand_up,,walk,,sit_down
7252,act_74_25,empty_room,2.4,1,,d,,,,,,sit_down,,,,
3839,act_39_77,meeting_room,2.4,1,,,a,,,,,,wave,,,
8643,act_88_30,empty_room,2.4,5,d,e,a,b,c,,rotation,jump,wave,lie_down,pick_up,
7217,act_73_89,empty_room,2.4,1,e,,,,,,sit_down,,,,,
4829,act_49_77,meeting_room,2.4,4,d,e,a,b,,,wave,wave,wave,lie_down,,
9634,act_98_31,empty_room,5.0,2,,,a,b,,,,,lie_down,pick_up,,
10028,act_102_29,empty_room,5.0,3,d,,,,c,e,walk,,,,lie_down,rotation
2949,act_30_78,classroom,5.0,3,d,,,,c,e,lie_down,,,,pick_up,lie_down
5975,act_61_35,meeting_room,5.0,2,d,e,,,,,sit_down,stand_up,,,,
2414,act_25_38,classroom,5.0,2,e,a,,,,,walk,rotation,,,,
7972,act_81_52,empty_room,2.4,2,,,,,e,a,,,,,stand_up,pick_up
5677,act_58_34,meeting_room,5.0,1,,,,b,,,,,,nothing,,
6254,act_64_17,meeting_room,5.0,3,b,c,d,,,,sit_down,stand_up,nothing,,,
7663,act_78_40,empty_room,2.4,1,,,,,,e,,,,,,jump
872,act_9_80,classroom,2.4,2,,,,,c,d,,,,,stand_up,sit_down
7898,act_80_77,empty_room,2.4,2,,,a,b,,,,,wave,lie_down,,
1264,act_13_76,classroom,2.4,4,d,e,a,b,,,jump,jump,jump,wave,,
1619,act_17_35,classroom,2.4,5,,e,a,b,c,d,,stand_up,nothing,walk,rotation,sit_down
6026,act_61_86,meeting_room,5.0,2,e,a,,,,,wave,wave,,,,
6168,act_63_30,meeting_room,5.0,2,,,,,c,d,,,,,pick_up,rotation
8123,act_83_5,empty_room,2.4,3,,b,,d,,a,,lie_down,,sit_down,,wave
9293,act_94_86,empty_room,5.0,1,,,,c,,,,,,wave,,
5982,act_61_42,meeting_room,5.0,2,e,a,,,,,lie_down,pick_up,,,,
9771,act_99_69,empty_room,5.0,2,,,,,b,c,,,,,pick_up,lie_down
1221,act_13_33,classroom,2.4,4,d,e,a,b,,,lie_down,pick_up,sit_down,stand_up,,
8352,act_85_36,empty_room,2.4,4,d,e,a,b,,,stand_up,nothing,walk,rotation,,
1766,act_18_83,classroom,2.4,5,e,,b,c,d,a,walk,,walk,walk,rotation,walk
3835,act_39_73,meeting_room,2.4,1,,,a,,,,,,nothing,,,
2457,act_25_81,classroom,5.0,2,d,e,,,,,stand_up,stand_up,,,,
6956,act_71_26,meeting_room,5.0,5,,d,e,a,b,c,,stand_up,nothing,walk,rotation,sit_down
9839,act_100_38,empty_room,5.0,3,e,a,b,,,,walk,rotation,jump,,,
1514,act_16_29,classroom,2.4,5,d,e,a,b,c,,walk,rotation,jump,wave,lie_down,
10395,act_105_99,empty_room,5.0,4,a,,c,,e,b,stand_up,,stand_up,,stand_up,stand_up
4420,act_45_64,meeting_room,2.4,2,,,,,b,c,,,,,walk,nothing
10066,act_102_67,empty_room,5.0,3,c,,,,b,d,jump,,,,wave,jump
2524,act_26_49,classroom,5.0,2,,,c,d,,,,,wave,wave,,
3380,act_35_14,classroom,5.0,5,,c,d,e,a,b,,lie_down,pick_up,sit_down,stand_up,wave
8665,act_88_52,empty_room,2.4,5,a,b,c,d,e,,pick_up,pick_up,sit_down,sit_down,stand_up,
9729,act_99_27,empty_room,5.0,2,,,,,b,c,,,,,jump,stand_up
4465,act_46_10,meeting_room,2.4,3,b,c,d,,,,nothing,walk,rotation,,,
3942,act_40_81,meeting_room,2.4,1,,,,b,,,,,,nothing,,
8729,act_89_17,empty_room,2.4,5,,c,d,e,a,b,,stand_up,nothing,walk,rotation,sit_down
9717,act_99_15,empty_room,5.0,2,,,,,a,b,,,,,nothing,lie_down
2111,act_22_32,classroom,5.0,1,,,,b,,,,,,sit_down,,
2376,act_24_99,classroom,5.0,1,,,,,,a,,,,,,stand_up
8606,act_87_92,empty_room,2.4,4,a,,c,,e,b,walk,,walk,,walk,walk
3379,act_35_13,classroom,5.0,5,,c,d,e,a,b,,wave,lie_down,pick_up,sit_down,jump
3061,act_31_91,classroom,5.0,4,a,b,c,d,,,nothing,nothing,nothing,nothing,,
6663,act_68_30,meeting_room,5.0,4,,e,,b,c,d,,jump,,lie_down,pick_up,rotation
6158,act_63_20,meeting_room,5.0,2,,,,,b,c,,,,,lie_down,walk
9038,act_92_29,empty_room,5.0,1,,e,,,,,,rotation,,,,
9565,act_97_61,empty_room,5.0,2,b,c,,,,,pick_up,pick_up,,,,
2910,act_30_39,classroom,5.0,3,e,,,,d,a,rotation,,,,pick_up,jump
618,act_7_24,classroom,2.4,2,c,d,,,,,lie_down,pick_up,,,,
2848,act_29_76,classroom,5.0,3,,e,,b,,d,,jump,,wave,,jump
9532,act_97_28,empty_room,5.0,2,d,e,,,,,nothing,walk,,,,
7260,act_74_33,empty_room,2.4,1,,e,,,,,,pick_up,,,,
3708,act_38_45,meeting_room,2.4,1,,a,,,,,,nothing,,,,
7750,act_79_28,empty_room,2.4,2,d,e,,,,,nothing,walk,,,,
5488,act_56_43,meeting_room,5.0,1,,a,,,,,,sit_down,,,,
10025,act_102_26,empty_room,5.0,3,c,,,,b,d,sit_down,,,,rotation,stand_up
746,act_8_53,classroom,2.4,2,,,c,d,,,,,stand_up,stand_up,,
10797,act_202_6,classroom,5.0,0,,,,,,,,,,,,
8487,act_86_72,empty_room,2.4,4,,d,,a,b,c,,stand_up,,nothing,nothing,stand_up
6538,act_67_4,meeting_room,5.0,4,a,b,c,d,,,jump,wave,lie_down,pick_up,,
4085,act_42_26,meeting_room,2.4,1,,,,,,c,,,,,,sit_down
10791,act_201_99,classroom,2.4,0,,,,,,,,,,,,
10754,act_201_62,classroom,2.4,0,,,,,,,,,,,,
10007,act_102_8,empty_room,5.0,3,a,,,,e,b,sit_down,,,,rotation,stand_up
1337,act_14_50,classroom,2.4,4,,b,,d,e,a,,wave,,lie_down,pick_up,wave
5378,act_55_32,meeting_room,5.0,1,d,,,,,,wave,,,,,
10405,act_106_10,empty_room,5.0,5,b,c,d,e,a,,nothing,walk,rotation,jump,wave,
5219,act_53_71,meeting_room,2.4,5,,d,e,a,b,c,,sit_down,sit_down,stand_up,stand_up,sit_down
5768,act_59_26,meeting_room,5.0,1,,,,,b,,,,,,rotation,
4190,act_43_32,meeting_room,2.4,2,d,e,,,,,wave,lie_down,,,,
4666,act_48_13,meeting_room,2.4,3,b,,,,a,c,jump,,,,sit_down,wave
8810,act_89_98,empty_room,2.4,5,,b,c,d,e,a,,sit_down,sit_down,sit_down,sit_down,sit_down
9923,act_101_23,empty_room,5.0,3,,d,,a,,c,,lie_down,,sit_down,,wave
1314,act_14_27,classroom,2.4,4,,d,,a,b,c,,nothing,,rotation,jump,stand_up
3870,act_40_9,meeting_room,2.4,1,,,,d,,,,,,rotation,,
10951,act_203_61,meeting_room,2.4,0,,,,,,,,,,,,
5122,act_52_73,meeting_room,2.4,5,d,e,a,b,c,,nothing,nothing,nothing,walk,walk,
5881,act_60_40,meeting_room,5.0,1,,,,,,e,,,,,,jump
7519,act_76_94,empty_room,2.4,1,,,,d,,,,,,jump,,
8371,act_85_55,empty_room,2.4,4,b,c,d,e,,,nothing,nothing,walk,walk,,
7559,act_77_35,empty_room,2.4,1,,,,,c,,,,,,rotation,
9145,act_93_37,empty_room,5.0,1,,,b,,,,,,rotation,,,
9354,act_95_48,empty_room,5.0,1,,,,,e,,,,,,wave,
654,act_7_60,classroom,2.4,2,b,c,,,,,lie_down,lie_down,,,,
9141,act_93_33,empty_room,5.0,1,,,a,,,,,,sit_down,,,
2270,act_23_92,classroom,5.0,1,,,,,e,,,,,,walk,
4561,act_47_7,meeting_room,2.4,3,,b,,d,,a,,sit_down,,nothing,,pick_up
6871,act_70_40,meeting_room,5.0,5,e,a,b,c,d,,jump,wave,lie_down,pick_up,sit_down,
3510,act_36_45,classroom,5.0,5,e,,b,c,d,a,stand_up,,walk,rotation,jump,nothing
8058,act_82_39,empty_room,2.4,3,e,a,b,,,,rotation,jump,wave,,,
7678,act_78_55,empty_room,2.4,1,,,,,,b,,,,,,nothing
4825,act_49_73,meeting_room,2.4,4,d,e,a,b,,,nothing,nothing,nothing,walk,,
6658,act_68_25,meeting_room,5.0,4,,d,,a,b,c,,sit_down,,nothing,walk,pick_up
9186,act_93_78,empty_room,5.0,1,,,a,,,,,,lie_down,,,
612,act_7_18,classroom,2.4,2,b,c,,,,,stand_up,nothing,,,,
5355,act_55_9,meeting_room,5.0,1,a,,,,,,stand_up,,,,,
2115,act_22_36,classroom,5.0,1,,,,b,,,,,,rotation,,
4130,act_42_71,meeting_room,2.4,1,,,,,,c,,,,,,sit_down
6182,act_63_44,meeting_room,5.0,2,,,,,d,e,,,,,rotation,sit_down
10861,act_202_70,classroom,5.0,0,,,,,,,,,,,,
8986,act_91_76,empty_room,5.0,1,d,,,,,,jump,,,,,
2603,act_27_29,classroom,5.0,2,,,,,c,d,,,,,lie_down,walk
512,act_6_17,classroom,2.4,1,,,,,,b,,,,,,sit_down
7543,act_77_19,empty_room,2.4,1,,,,,b,,,,,,wave,
5557,act_57_13,meeting_room,5.0,1,,,d,,,,,,lie_down,,,
5358,act_55_12,meeting_room,5.0,1,b,,,,,,rotation,,,,,
8994,act_91_84,empty_room,5.0,1,e,,,,,,rotation,,,,,
8409,act_85_93,empty_room,2.4,4,a,b,c,d,,,rotation,rotation,rotation,rotation,,
8419,act_86_4,empty_room,2.4,4,,b,,d,e,a,,wave,,pick_up,sit_down,jump
7112,act_72_83,meeting_room,5.0,5,e,,b,c,d,a,walk,,walk,walk,rotation,walk
7560,act_77_36,empty_room,2.4,1,,,,,c,,,,,,jump,
7573,act_77_49,empty_room,2.4,1,,,,,e,,,,,,lie_down,
11052,act_204_63,meeting_room,5.0,0,,,,,,,,,,,,
6118,act_62_79,meeting_room,5.0,2,,,a,b,,,,,pick_up,sit_down,,
5432,act_55_86,meeting_room,5.0,1,e,,,,,,wave,,,,,
8780,act_89_68,empty_room,2.4,5,,d,e,a,b,c,,wave,wave,lie_down,lie_down,wave
4105,act_42_46,meeting_room,2.4,1,,,,,,a,,,,,,nothing
5861,act_60_20,meeting_room,5.0,1,,,,,,c,,,,,,walk
9545,act_97_41,empty_room,5.0,2,e,a,,,,,wave,lie_down,,,,
11183,act_205_95,empty_room,2.4,0,,,,,,,,,,,,
4949,act_50_98,meeting_room,2.4,4,,b,,d,e,a,,sit_down,,sit_down,sit_down,sit_down
3185,act_33_17,classroom,5.0,4,b,,d,,a,c,sit_down,,nothing,,rotation,stand_up
1110,act_12_21,classroom,2.4,3,c,,,,b,d,rotation,,,,pick_up,jump
7301,act_74_74,empty_room,2.4,1,,e,,,,,,walk,,,,
6456,act_66_21,meeting_room,5.0,3,c,,,,b,d,rotation,,,,pick_up,jump
1039,act_11_49,classroom,2.4,3,,b,,d,,a,,jump,,wave,,jump
21,act_1_21,classroom,2.4,1,c,,,,,,rotation,,,,,
4851,act_49_99,meeting_room,2.4,4,a,b,c,d,,,stand_up,stand_up,stand_up,stand_up,,
5611,act_57_67,meeting_room,5.0,1,,,e,,,,,,jump,,,
9451,act_96_46,empty_room,5.0,1,,,,,,a,,,,,,nothing
11219,act_206_32,empty_room,5.0,0,,,,,,,,,,,,
935,act_10_44,classroom,2.4,3,e,a,b,,,,sit_down,stand_up,nothing,,,
5615,act_57_71,meeting_room,5.0,1,,,e,,,,,,sit_down,,,
8521,act_87_7,empty_room,2.4,4,a,,c,,e,b,pick_up,,stand_up,,walk,sit_down
395,act_4_98,classroom,2.4,1,,,,d,,,,,,sit_down,,
3743,act_38_80,meeting_room,2.4,1,,e,,,,,,sit_down,,,,
1738,act_18_55,classroom,2.4,5,b,,d,e,a,c,nothing,,walk,walk,rotation,nothing
2166,act_22_87,classroom,5.0,1,,,,c,,,,,,lie_down,,
562,act_6_67,classroom,2.4,1,,,,,,c,,,,,,jump
4792,act_49_40,meeting_room,2.4,4,e,a,b,c,,,jump,wave,lie_down,pick_up,,
1163,act_12_74,classroom,2.4,3,d,,,,c,e,walk,,,,rotation,walk
5418,act_55_72,meeting_room,5.0,1,c,,,,,,stand_up,,,,,
4978,act_51_28,meeting_room,2.4,4,d,,a,,c,e,nothing,,rotation,,wave,walk
1730,act_18_47,classroom,2.4,5,a,,c,d,e,b,walk,,rotation,rotation,jump,walk
1528,act_16_43,classroom,2.4,5,e,a,b,c,d,,pick_up,sit_down,stand_up,nothing,walk,
843,act_9_51,classroom,2.4,2,,,,,e,a,,,,,sit_down,lie_down
6115,act_62_76,meeting_room,5.0,2,,,a,b,,,,,jump,wave,,
59,act_1_59,classroom,2.4,1,b,,,,,,wave,,,,,
2866,act_29_94,classroom,5.0,3,,b,,d,,a,,jump,,jump,,jump
3064,act_31_94,classroom,5.0,4,a,b,c,d,,,jump,jump,jump,jump,,
9543,act_97_39,empty_room,5.0,2,e,a,,,,,rotation,jump,,,,
2292,act_24_15,classroom,5.0,1,,,,,,b,,,,,,lie_down
3799,act_39_37,meeting_room,2.4,1,,,b,,,,,,rotation,,,
7679,act_78_56,empty_room,2.4,1,,,,,,b,,,,,,walk
6782,act_69_50,meeting_room,5.0,4,a,,c,,e,b,wave,,lie_down,,pick_up,wave
10836,act_202_45,classroom,5.0,0,,,,,,,,,,,,
6691,act_68_58,meeting_room,5.0,4,,c,,e,a,b,,jump,,wave,lie_down,jump
8855,act_90_44,empty_room,2.4,5,e,,b,c,d,a,sit_down,,nothing,walk,rotation,stand_up
2725,act_28_52,classroom,5.0,3,a,b,c,,,,pick_up,pick_up,sit_down,,,
9190,act_93_82,empty_room,5.0,1,,,b,,,,,,nothing,,,
7230,act_74_3,empty_room,2.4,1,,b,,,,,,jump,,,,
415,act_5_19,classroom,2.4,1,,,,,b,,,,,,wave,
10727,act_201_35,classroom,2.4,0,,,,,,,,,,,,
7693,act_78_70,empty_room,2.4,1,,,,,,c,,,,,,pick_up
5917,act_60_76,meeting_room,5.0,1,,,,,,d,,,,,,jump
6665,act_68_32,meeting_room,5.0,4,,e,,b,c,d,,lie_down,,sit_down,stand_up,wave
8118,act_82_99,empty_room,2.4,3,a,b,c,,,,stand_up,stand_up,stand_up,,,
5226,act_53_78,meeting_room,2.4,5,,e,a,b,c,d,,lie_down,lie_down,pick_up,pick_up,lie_down
3048,act_31_78,classroom,5.0,4,d,e,a,b,,,lie_down,lie_down,lie_down,pick_up,,
9625,act_98_22,empty_room,5.0,2,,,e,a,,,,,lie_down,pick_up,,
6706,act_68_73,meeting_room,5.0,4,,e,,b,c,d,,nothing,,walk,walk,nothing
10736,act_201_44,classroom,2.4,0,,,,,,,,,,,,
2908,act_30_37,classroom,5.0,3,e,,,,d,a,nothing,,,,wave,walk
8055,act_82_36,empty_room,2.4,3,d,e,a,,,,stand_up,nothing,walk,,,
5827,act_59_85,meeting_room,5.0,1,,,,,d,,,,,,wave,
2134,act_22_55,classroom,5.0,1,,,,e,,,,,,walk,,
1898,act_20_17,classroom,5.0,1,,c,,,,,,stand_up,,,,
6752,act_69_20,meeting_room,5.0,4,c,,e,,b,d,walk,,jump,,lie_down,rotation
8247,act_84_30,empty_room,2.4,3,d,,,,c,e,rotation,,,,pick_up,jump
10850,act_202_59,classroom,5.0,0,,,,,,,,,,,,
10190,act_103_92,empty_room,5.0,4,a,b,c,d,,,walk,walk,walk,walk,,
8754,act_89_42,empty_room,2.4,5,,a,b,c,d,e,,pick_up,sit_down,stand_up,nothing,lie_down
10769,act_201_77,classroom,2.4,0,,,,,,,,,,,,
7024,act_71_94,meeting_room,5.0,5,,b,c,d,e,a,,jump,jump,jump,jump,jump
1818,act_19_36,classroom,5.0,1,d,,,,,,stand_up,,,,,
1938,act_20_57,classroom,5.0,1,,c,,,,,,rotation,,,,
3856,act_39_94,meeting_room,2.4,1,,,c,,,,,,jump,,,
2336,act_24_59,classroom,5.0,1,,,,,,b,,,,,,wave
2073,act_21_93,classroom,5.0,1,,,c,,,,,,rotation,,,
8302,act_84_85,empty_room,2.4,3,e,,,,d,a,jump,,,,wave,jump
1727,act_18_44,classroom,2.4,5,e,,b,c,d,a,sit_down,,nothing,walk,rotation,stand_up
1048,act_11_58,classroom,2.4,3,,c,,e,,b,,jump,,wave,,jump
5808,act_59_66,meeting_room,5.0,1,,,,,b,,,,,,jump,
2816,act_29_44,classroom,5.0,3,,a,,c,,e,,stand_up,,walk,,sit_down
9067,act_92_58,empty_room,5.0,1,,c,,,,,,jump,,,,
2321,act_24_44,classroom,5.0,1,,,,,,e,,,,,,sit_down
4717,act_48_64,meeting_room,2.4,3,c,,,,b,d,nothing,,,,walk,nothing
4366,act_45_10,meeting_room,2.4,2,,,,,a,b,,,,,wave,nothing
4303,act_44_46,meeting_room,2.4,2,,,c,d,,,,,walk,walk,,
4900,act_50_49,meeting_room,2.4,4,,b,,d,e,a,,jump,,wave,lie_down,jump
767,act_8_74,classroom,2.4,2,,,a,b,,,,,walk,rotation,,
2862,act_29_90,classroom,5.0,3,,a,,c,,e,,stand_up,,stand_up,,stand_up
4709,act_48_56,meeting_room,2.4,3,b,,,,a,c,walk,,,,jump,walk
1145,act_12_56,classroom,2.4,3,b,,,,a,c,walk,,,,jump,walk
9237,act_94_30,empty_room,5.0,1,,,,b,,,,,,lie_down,,
2511,act_26_36,classroom,5.0,2,,,a,b,,,,,walk,rotation,,
2274,act_23_96,classroom,5.0,1,,,,,e,,,,,,lie_down,
5236,act_53_88,meeting_room,2.4,5,,a,b,c,d,e,,pick_up,pick_up,pick_up,sit_down,pick_up
5020,act_51_70,meeting_room,2.4,4,c,,e,,b,d,pick_up,,pick_up,,sit_down,pick_up
6249,act_64_12,meeting_room,5.0,3,b,c,d,,,,rotation,jump,wave,,,
10456,act_106_61,empty_room,5.0,5,b,c,d,e,a,,pick_up,pick_up,sit_down,sit_down,stand_up,
5028,act_51_78,meeting_room,2.4,4,d,,a,,c,e,lie_down,,lie_down,,pick_up,lie_down
103,act_2_4,classroom,2.4,1,,b,,,,,,wave,,,,
1990,act_21_10,classroom,5.0,1,,,d,,,,,,rotation,,,
9339,act_95_33,empty_room,5.0,1,,,,,c,,,,,,nothing,
7594,act_77_70,empty_room,2.4,1,,,,,b,,,,,,sit_down,
7146,act_73_18,empty_room,2.4,1,b,,,,,,stand_up,,,,,
829,act_9_37,classroom,2.4,2,,,,,d,e,,,,,wave,nothing
11224,act_206_37,empty_room,5.0,0,,,,,,,,,,,,
1673,act_17_89,classroom,2.4,5,,a,b,c,d,e,,sit_down,sit_down,sit_down,stand_up,sit_down
10989,act_203_99,meeting_room,2.4,0,,,,,,,,,,,,
7740,act_79_18,empty_room,2.4,2,b,c,,,,,stand_up,nothing,,,,
8922,act_91_12,empty_room,5.0,1,b,,,,,,rotation,,,,,
2857,act_29_85,classroom,5.0,3,,a,,c,,e,,jump,,jump,,jump
7373,act_75_47,empty_room,2.4,1,,,c,,,,,,rotation,,,
9033,act_92_24,empty_room,5.0,1,,d,,,,,,pick_up,,,,
2276,act_23_98,classroom,5.0,1,,,,,e,,,,,,sit_down,
8696,act_88_83,empty_room,2.4,5,e,a,b,c,d,,walk,walk,walk,walk,rotation,
10153,act_103_55,empty_room,5.0,4,b,c,d,e,,,nothing,nothing,walk,walk,,
4873,act_50_22,meeting_room,2.4,4,,d,,a,b,c,,wave,,pick_up,sit_down,jump
2046,act_21_66,classroom,5.0,1,,,e,,,,,,rotation,,,
10354,act_105_58,empty_room,5.0,4,b,,d,,a,c,jump,,wave,,lie_down,jump
4569,act_47_15,meeting_room,2.4,3,,c,,e,,b,,pick_up,,stand_up,,lie_down
3882,act_40_21,meeting_room,2.4,1,,,,a,,,,,,lie_down,,
1296,act_14_9,classroom,2.4,4,,b,,d,e,a,,nothing,,rotation,jump,stand_up
7927,act_81_7,empty_room,2.4,2,,,,,e,a,,,,,walk,pick_up
592,act_6_97,classroom,2.4,1,,,,,,a,,,,,,pick_up
222,act_3_24,classroom,2.4,1,,,e,,,,,,sit_down,,,
6976,act_71_46,meeting_room,5.0,5,,b,c,d,e,a,,nothing,walk,walk,rotation,nothing
7177,act_73_49,empty_room,2.4,1,a,,,,,,jump,,,,,
9536,act_97_32,empty_room,5.0,2,d,e,,,,,wave,lie_down,,,,
859,act_9_67,classroom,2.4,2,,,,,b,c,,,,,wave,jump
9814,act_100_13,empty_room,5.0,3,b,c,d,,,,jump,wave,lie_down,,,
8601,act_87_87,empty_room,2.4,4,e,,b,,d,a,lie_down,,lie_down,,pick_up,lie_down
6496,act_66_61,meeting_room,5.0,3,b,,,,a,c,pick_up,,,,stand_up,pick_up
842,act_9_50,classroom,2.4,2,,,,,e,a,,,,,pick_up,wave
3112,act_32_43,classroom,5.0,4,,a,,c,d,e,,sit_down,,nothing,walk,pick_up
3843,act_39_81,meeting_room,2.4,1,,,a,,,,,,stand_up,,,
10449,act_106_54,empty_room,5.0,5,a,b,c,d,e,,stand_up,stand_up,nothing,nothing,walk,
8719,act_89_7,empty_room,2.4,5,,b,c,d,e,a,,sit_down,stand_up,nothing,walk,pick_up
995,act_11_5,classroom,2.4,3,,b,,d,,a,,lie_down,,sit_down,,wave
8819,act_90_8,empty_room,2.4,5,a,,c,d,e,b,sit_down,,nothing,walk,rotation,stand_up
5585,act_57_41,meeting_room,5.0,1,,,b,,,,,,pick_up,,,
1555,act_16_70,classroom,2.4,5,c,d,e,a,b,,pick_up,pick_up,pick_up,sit_down,sit_down,
8150,act_83_32,empty_room,2.4,3,,e,,b,,d,,lie_down,,sit_down,,wave
4355,act_44_98,meeting_room,2.4,2,,,c,d,,,,,sit_down,sit_down,,
6595,act_67_61,meeting_room,5.0,4,b,c,d,e,,,pick_up,pick_up,sit_down,sit_down,,
8537,act_87_23,empty_room,2.4,4,c,,e,,b,d,wave,,pick_up,,stand_up,lie_down
3547,act_36_82,classroom,5.0,5,e,,b,c,d,a,nothing,,nothing,nothing,walk,nothing
5866,act_60_25,meeting_room,5.0,1,,,,,,c,,,,,,pick_up
2849,act_29_77,classroom,5.0,3,,e,,b,,d,,wave,,lie_down,,wave
5466,act_56_21,meeting_room,5.0,1,,d,,,,,,jump,,,,
7840,act_80_19,empty_room,2.4,2,,,e,a,,,,,rotation,jump,,
2514,act_26_39,classroom,5.0,2,,,b,c,,,,,wave,lie_down,,
5689,act_58_46,meeting_room,5.0,1,,,,d,,,,,,walk,,
1464,act_15_78,classroom,2.4,4,d,,a,,c,e,lie_down,,lie_down,,pick_up,lie_down
9648,act_98_45,empty_room,5.0,2,,,b,c,,,,,walk,rotation,,
9995,act_101_95,empty_room,5.0,3,,b,,d,,a,,wave,,wave,,wave
2836,act_29_64,classroom,5.0,3,,d,,a,,c,,nothing,,walk,,nothing
7304,act_74_77,empty_room,2.4,1,,e,,,,,,wave,,,,
6135,act_62_96,meeting_room,5.0,2,,,c,d,,,,,lie_down,lie_down,,
2234,act_23_56,classroom,5.0,1,,,,,a,,,,,,jump,
10565,act_107_71,empty_room,5.0,5,,d,e,a,b,c,,sit_down,sit_down,stand_up,stand_up,sit_down
401,act_5_5,classroom,2.4,1,,,,,e,,,,,,stand_up,
9250,act_94_43,empty_room,5.0,1,,,,c,,,,,,nothing,,
9774,act_99_72,empty_room,5.0,2,,,,,b,c,,,,,nothing,stand_up
9007,act_91_97,empty_room,5.0,1,a,,,,,,pick_up,,,,,
9380,act_95_74,empty_room,5.0,1,,,,,c,,,,,,rotation,
7244,act_74_17,empty_room,2.4,1,,c,,,,,,stand_up,,,,
3195,act_33_27,classroom,5.0,4,c,,e,,b,d,stand_up,,walk,,jump,nothing
4817,act_49_65,meeting_room,2.4,4,c,d,e,a,,,walk,walk,walk,rotation,,
10613,act_108_20,empty_room,5.0,5,c,,e,a,b,d,walk,,jump,wave,lie_down,rotation
3334,act_34_67,classroom,5.0,5,c,d,e,a,b,,jump,jump,jump,wave,wave,
60,act_1_60,classroom,2.4,1,b,,,,,,lie_down,,,,,
8812,act_90_1,empty_room,2.4,5,a,,c,d,e,b,nothing,,rotation,jump,wave,walk
10945,act_203_55,meeting_room,2.4,0,,,,,,,,,,,,
4402,act_45_46,meeting_room,2.4,2,,,,,e,a,,,,,rotation,nothing
9085,act_92_76,empty_room,5.0,1,,e,,,,,,jump,,,,
1329,act_14_42,classroom,2.4,4,,a,,c,d,e,,pick_up,,stand_up,nothing,lie_down
3413,act_35_47,classroom,5.0,5,,b,c,d,e,a,,walk,rotation,rotation,jump,walk
6192,act_63_54,meeting_room,5.0,2,,,,,e,a,,,,,walk,stand_up
9626,act_98_23,empty_room,5.0,2,,,e,a,,,,,pick_up,sit_down,,
4820,act_49_68,meeting_room,2.4,4,c,d,e,a,,,wave,wave,wave,lie_down,,
6846,act_70_15,meeting_room,5.0,5,b,c,d,e,a,,lie_down,pick_up,sit_down,stand_up,nothing,
1551,act_16_66,classroom,2.4,5,c,d,e,a,b,,rotation,rotation,rotation,jump,jump,
1010,act_11_20,classroom,2.4,3,,d,,a,,c,,rotation,,wave,,walk
3081,act_32_12,classroom,5.0,4,,c,,e,a,b,,jump,,lie_down,pick_up,rotation
2555,act_26_80,classroom,5.0,2,,,a,b,,,,,sit_down,stand_up,,
10470,act_106_75,empty_room,5.0,5,d,e,a,b,c,,rotation,rotation,rotation,jump,jump,
1613,act_17_29,classroom,2.4,5,,e,a,b,c,d,,rotation,jump,wave,lie_down,walk
2738,act_28_65,classroom,5.0,3,c,d,e,,,,walk,walk,walk,,,
9550,act_97_46,empty_room,5.0,2,a,b,,,,,nothing,nothing,,,,
3089,act_32_20,classroom,5.0,4,,d,,a,b,c,,rotation,,wave,lie_down,walk
7459,act_76_34,empty_room,2.4,1,,,,b,,,,,,nothing,,
649,act_7_55,classroom,2.4,2,b,c,,,,,nothing,nothing,,,,
2863,act_29_91,classroom,5.0,3,,b,,d,,a,,nothing,,nothing,,nothing
880,act_9_88,classroom,2.4,2,,,,,d,e,,,,,sit_down,pick_up
4029,act_41_69,meeting_room,2.4,1,,,,,b,,,,,,pick_up,
4668,act_48_15,meeting_room,2.4,3,b,,,,a,c,lie_down,,,,nothing,pick_up
2304,act_24_27,classroom,5.0,1,,,,,,c,,,,,,stand_up
5517,act_56_72,meeting_room,5.0,1,,d,,,,,,stand_up,,,,
1625,act_17_41,classroom,2.4,5,,a,b,c,d,e,,lie_down,pick_up,sit_down,stand_up,wave
551,act_6_56,classroom,2.4,1,,,,,,b,,,,,,walk
6114,act_62_75,meeting_room,5.0,2,,,a,b,,,,,rotation,jump,,
8486,act_86_71,empty_room,2.4,4,,d,,a,b,c,,sit_down,,stand_up,stand_up,sit_down
5906,act_60_65,meeting_room,5.0,1,,,,,,c,,,,,,walk
3754,act_38_91,meeting_room,2.4,1,,b,,,,,,nothing,,,,
9009,act_91_99,empty_room,5.0,1,a,,,,,,stand_up,,,,,
5419,act_55_73,meeting_room,5.0,1,d,,,,,,nothing,,,,,
212,act_3_14,classroom,2.4,1,,,d,,,,,,pick_up,,,
3980,act_41_20,meeting_room,2.4,1,,,,,b,,,,,,lie_down,
9286,act_94_79,empty_room,5.0,1,,,,b,,,,,,sit_down,,
9061,act_92_52,empty_room,5.0,1,,b,,,,,,pick_up,,,,
5936,act_60_95,meeting_room,5.0,1,,,,,,a,,,,,,wave
69,act_1_69,classroom,2.4,1,c,,,,,,lie_down,,,,,
1439,act_15_53,classroom,2.4,4,a,,c,,e,b,sit_down,,stand_up,,nothing,sit_down
2516,act_26_41,classroom,5.0,2,,,b,c,,,,,pick_up,sit_down,,
2869,act_29_97,classroom,5.0,3,,b,,d,,a,,pick_up,,pick_up,,pick_up
7205,act_73_77,empty_room,2.4,1,d,,,,,,wave,,,,,
5801,act_59_59,meeting_room,5.0,1,,,,,a,,,,,,pick_up,
9483,act_96_78,empty_room,5.0,1,,,,,,d,,,,,,lie_down
697,act_8_4,classroom,2.4,2,,,c,d,,,,,lie_down,pick_up,,
8210,act_83_92,empty_room,2.4,3,,b,,d,,a,,walk,,walk,,walk
5901,act_60_60,meeting_room,5.0,1,,,,,,b,,,,,,lie_down
10767,act_201_75,classroom,2.4,0,,,,,,,,,,,,
4101,act_42_42,meeting_room,2.4,1,,,,,,e,,,,,,lie_down
1315,act_14_28,classroom,2.4,4,,e,,b,c,d,,walk,,jump,wave,nothing
5981,act_61_41,meeting_room,5.0,2,e,a,,,,,wave,lie_down,,,,
5200,act_53_52,meeting_room,2.4,5,,b,c,d,e,a,,pick_up,sit_down,sit_down,stand_up,pick_up
5717,act_58_74,meeting_room,5.0,1,,,,b,,,,,,rotation,,
4439,act_45_83,meeting_room,2.4,2,,,,,d,e,,,,,rotation,walk
13,act_1_13,classroom,2.4,1,b,,,,,,jump,,,,,
3354,act_34_87,classroom,5.0,5,e,a,b,c,d,,lie_down,lie_down,lie_down,lie_down,pick_up,
10412,act_106_17,empty_room,5.0,5,b,c,d,e,a,,sit_down,stand_up,nothing,walk,rotation,
7236,act_74_9,empty_room,2.4,1,,b,,,,,,nothing,,,,
1347,act_14_60,classroom,2.4,4,,c,,e,a,b,,lie_down,,pick_up,sit_down,lie_down
9769,act_99_67,empty_room,5.0,2,,,,,b,c,,,,,wave,jump
454,act_5_58,classroom,2.4,1,,,,,a,,,,,,lie_down,
5539,act_56_94,meeting_room,5.0,1,,b,,,,,,jump,,,,
10940,act_203_50,meeting_room,2.4,0,,,,,,,,,,,,
1657,act_17_73,classroom,2.4,5,,e,a,b,c,d,,nothing,nothing,walk,walk,nothing
7111,act_72_82,meeting_room,5.0,5,e,,b,c,d,a,nothing,,nothing,nothing,walk,nothing
9862,act_100_61,empty_room,5.0,3,b,c,d,,,,pick_up,pick_up,sit_down,,,
8884,act_90_73,empty_room,2.4,5,d,,a,b,c,e,nothing,,nothing,walk,walk,nothing
38,act_1_38,classroom,2.4,1,e,,,,,,walk,,,,,
1044,act_11_54,classroom,2.4,3,,b,,d,,a,,stand_up,,nothing,,stand_up
2909,act_30_38,classroom,5.0,3,e,,,,d,a,walk,,,,lie_down,rotation
10100,act_103_2,empty_room,5.0,4,a,b,c,d,,,walk,rotation,jump,wave,,
941,act_10_50,classroom,2.4,3,a,b,c,,,,wave,wave,lie_down,,,
5787,act_59_45,meeting_room,5.0,1,,,,,d,,,,,,jump,
4951,act_51_1,meeting_room,2.4,4,a,,c,,e,b,nothing,,rotation,,wave,walk
10226,act_104_29,empty_room,5.0,4,,e,,b,c,d,,rotation,,wave,lie_down,walk
3543,act_36_78,classroom,5.0,5,d,,a,b,c,e,lie_down,,lie_down,pick_up,pick_up,lie_down
4681,act_48_28,meeting_room,2.4,3,d,,,,c,e,nothing,,,,wave,walk
9379,act_95_73,empty_room,5.0,1,,,,,c,,,,,,walk,
10344,act_105_48,empty_room,5.0,4,a,,c,,e,b,rotation,,jump,,wave,rotation
539,act_6_44,classroom,2.4,1,,,,,,e,,,,,,sit_down
10646,act_108_53,empty_room,5.0,5,a,,c,d,e,b,sit_down,,stand_up,stand_up,nothing,sit_down
6661,act_68_28,meeting_room,5.0,4,,e,,b,c,d,,walk,,jump,wave,nothing
1401,act_15_15,classroom,2.4,4,b,,d,,a,c,lie_down,,sit_down,,nothing,pick_up
5199,act_53_51,meeting_room,2.4,5,,b,c,d,e,a,,lie_down,pick_up,pick_up,sit_down,lie_down
6392,act_65_56,meeting_room,5.0,3,,c,,e,,b,,walk,,rotation,,walk
2268,act_23_90,classroom,5.0,1,,,,,d,,,,,,nothing,
9781,act_99_79,empty_room,5.0,2,,,,,c,d,,,,,sit_down,pick_up
7073,act_72_44,meeting_room,5.0,5,e,,b,c,d,a,sit_down,,nothing,walk,rotation,stand_up
2471,act_25_95,classroom,5.0,2,a,b,,,,,wave,wave,,,,
5442,act_55_96,meeting_room,5.0,1,a,,,,,,lie_down,,,,,
8978,act_91_68,empty_room,5.0,1,c,,,,,,wave,,,,,
11144,act_205_56,empty_room,2.4,0,,,,,,,,,,,,
5201,act_53_53,meeting_room,2.4,5,,b,c,d,e,a,,sit_down,stand_up,stand_up,nothing,sit_down
5157,act_53_9,meeting_room,2.4,5,,b,c,d,e,a,,nothing,walk,rotation,jump,stand_up
4813,act_49_61,meeting_room,2.4,4,b,c,d,e,,,pick_up,pick_up,sit_down,sit_down,,
3509,act_36_44,classroom,5.0,5,e,,b,c,d,a,sit_down,,nothing,walk,rotation,stand_up
267,act_3_69,classroom,2.4,1,,,e,,,,,,lie_down,,,
1109,act_12_20,classroom,2.4,3,c,,,,b,d,walk,,,,lie_down,rotation
11019,act_204_30,meeting_room,5.0,0,,,,,,,,,,,,
10218,act_104_21,empty_room,5.0,4,,d,,a,b,c,,jump,,lie_down,pick_up,rotation
10608,act_108_15,empty_room,5.0,5,b,,d,e,a,c,lie_down,,sit_down,stand_up,nothing,pick_up
6149,act_63_11,meeting_room,5.0,2,,,,,a,b,,,,,lie_down,walk
6074,act_62_35,meeting_room,5.0,2,,,a,b,,,,,nothing,walk,,
10272,act_104_75,empty_room,5.0,4,,e,,b,c,d,,rotation,,jump,jump,rotation
1740,act_18_57,classroom,2.4,5,b,,d,e,a,c,rotation,,jump,jump,wave,rotation
231,act_3_33,classroom,2.4,1,,,a,,,,,,sit_down,,,
10932,act_203_42,meeting_room,2.4,0,,,,,,,,,,,,
899,act_10_8,classroom,2.4,3,a,b,c,,,,sit_down,stand_up,nothing,,,
3541,act_36_76,classroom,5.0,5,d,,a,b,c,e,jump,,jump,wave,wave,jump
8418,act_86_3,empty_room,2.4,4,,b,,d,e,a,,jump,,lie_down,pick_up,rotation
7170,act_73_42,empty_room,2.4,1,e,,,,,,lie_down,,,,,
9587,act_97_83,empty_room,5.0,2,e,a,,,,,walk,walk,,,,
10738,act_201_46,classroom,2.4,0,,,,,,,,,,,,
4195,act_43_37,meeting_room,2.4,2,e,a,,,,,nothing,walk,,,,
1564,act_16_79,classroom,2.4,5,d,e,a,b,c,,pick_up,pick_up,pick_up,sit_down,sit_down,
3220,act_33_52,classroom,5.0,4,a,,c,,e,b,pick_up,,sit_down,,stand_up,pick_up
3371,act_35_5,classroom,5.0,5,,b,c,d,e,a,,lie_down,pick_up,sit_down,stand_up,wave
3072,act_32_3,classroom,5.0,4,,b,,d,e,a,,jump,,lie_down,pick_up,rotation
7432,act_76_7,empty_room,2.4,1,,,,d,,,,,,nothing,,
8169,act_83_51,empty_room,2.4,3,,b,,d,,a,,lie_down,,pick_up,,lie_down
4970,act_51_20,meeting_room,2.4,4,c,,e,,b,d,walk,,jump,,lie_down,rotation
3705,act_38_42,meeting_room,2.4,1,,a,,,,,,pick_up,,,,
8950,act_91_40,empty_room,5.0,1,e,,,,,,jump,,,,,
10101,act_103_3,empty_room,5.0,4,a,b,c,d,,,rotation,jump,wave,lie_down,,
10472,act_106_77,empty_room,5.0,5,d,e,a,b,c,,wave,wave,wave,lie_down,lie_down,
5304,act_54_57,meeting_room,2.4,5,b,,d,e,a,c,rotation,,jump,jump,wave,rotation
5523,act_56_78,meeting_room,5.0,1,,e,,,,,,lie_down,,,,
3423,act_35_57,classroom,5.0,5,,c,d,e,a,b,,rotation,jump,jump,wave,rotation
10962,act_203_72,meeting_room,2.4,0,,,,,,,,,,,,
8608,act_87_94,empty_room,2.4,4,a,,c,,e,b,jump,,jump,,jump,jump
10862,act_202_71,classroom,5.0,0,,,,,,,,,,,,
2841,act_29_69,classroom,5.0,3,,d,,a,,c,,lie_down,,pick_up,,lie_down
4609,act_47_55,meeting_room,2.4,3,,c,,e,,b,,nothing,,walk,,nothing
7429,act_76_4,empty_room,2.4,1,,,,d,,,,,,pick_up,,
9805,act_100_4,empty_room,5.0,3,a,b,c,,,,jump,wave,lie_down,,,
4090,act_42_31,meeting_room,2.4,1,,,,,,d,,,,,,jump
10658,act_108_65,empty_room,5.0,5,c,,e,a,b,d,walk,,walk,rotation,rotation,walk
2214,act_23_36,classroom,5.0,1,,,,,c,,,,,,jump,
834,act_9_42,classroom,2.4,2,,,,,d,e,,,,,nothing,lie_down
8237,act_84_20,empty_room,2.4,3,c,,,,b,d,walk,,,,lie_down,rotation
9015,act_92_6,empty_room,5.0,1,,b,,,,,,pick_up,,,,
3529,act_36_64,classroom,5.0,5,c,,e,a,b,d,nothing,,nothing,walk,walk,nothing
4455,act_45_99,meeting_room,2.4,2,,,,,e,a,,,,,stand_up,stand_up
6425,act_65_89,meeting_room,5.0,3,,a,,c,,e,,sit_down,,sit_down,,sit_down
5026,act_51_76,meeting_room,2.4,4,d,,a,,c,e,jump,,jump,,wave,jump
10236,act_104_39,empty_room,5.0,4,,a,,c,d,e,,jump,,lie_down,pick_up,rotation
1744,act_18_61,classroom,2.4,5,b,,d,e,a,c,pick_up,,sit_down,sit_down,stand_up,pick_up
10783,act_201_91,classroom,2.4,0,,,,,,,,,,,,
4048,act_41_88,meeting_room,2.4,1,,,,,d,,,,,,sit_down,
3709,act_38_46,meeting_room,2.4,1,,b,,,,,,nothing,,,,
10598,act_108_5,empty_room,5.0,5,a,,c,d,e,b,wave,,pick_up,sit_down,stand_up,lie_down
10207,act_104_10,empty_room,5.0,4,,c,,e,a,b,,walk,,jump,wave,nothing
8484,act_86_69,empty_room,2.4,4,,d,,a,b,c,,lie_down,,pick_up,pick_up,lie_down
11095,act_205_7,empty_room,2.4,0,,,,,,,,,,,,
2544,act_26_69,classroom,5.0,2,,,e,a,,,,,lie_down,pick_up,,
931,act_10_40,classroom,2.4,3,e,a,b,,,,jump,wave,lie_down,,,
3874,act_40_13,meeting_room,2.4,1,,,,e,,,,,,pick_up,,
1198,act_13_10,classroom,2.4,4,b,c,d,e,,,nothing,walk,rotation,jump,,
8077,act_82_58,empty_room,2.4,3,b,c,d,,,,jump,jump,wave,,,
11055,act_204_66,meeting_room,5.0,0,,,,,,,,,,,,
8268,act_84_51,empty_room,2.4,3,a,,,,e,b,lie_down,,,,sit_down,lie_down
1430,act_15_44,classroom,2.4,4,e,,b,,d,a,sit_down,,nothing,,rotation,stand_up
5029,act_51_79,meeting_room,2.4,4,d,,a,,c,e,pick_up,,pick_up,,sit_down,pick_up
3096,act_32_27,classroom,5.0,4,,d,,a,b,c,,nothing,,rotation,jump,stand_up
2992,act_31_22,classroom,5.0,4,c,d,e,a,,,jump,wave,lie_down,pick_up,,
9452,act_96_47,empty_room,5.0,1,,,,,,a,,,,,,walk
8129,act_83_11,empty_room,2.4,3,,c,,e,,b,,rotation,,wave,,walk
1154,act_12_65,classroom,2.4,3,c,,,,b,d,walk,,,,rotation,walk
333,act_4_36,classroom,2.4,1,,,,b,,,,,,rotation,,
5385,act_55_39,meeting_room,5.0,1,e,,,,,,rotation,,,,,
2770,act_28_97,classroom,5.0,3,a,b,c,,,,pick_up,pick_up,pick_up,,,
7647,act_78_24,empty_room,2.4,1,,,,,,c,,,,,,lie_down
1599,act_17_15,classroom,2.4,5,,c,d,e,a,b,,pick_up,sit_down,stand_up,nothing,lie_down
7730,act_79_8,empty_room,2.4,2,a,b,,,,,sit_down,stand_up,,,,
6966,act_71_36,meeting_room,5.0,5,,e,a,b,c,d,,nothing,walk,rotation,jump,stand_up
965,act_10_74,classroom,2.4,3,d,e,a,,,,walk,walk,walk,,,
7609,act_77_85,empty_room,2.4,1,,,,,d,,,,,,wave,
6391,act_65_55,meeting_room,5.0,3,,c,,e,,b,,nothing,,walk,,nothing
7144,act_73_16,empty_room,2.4,1,b,,,,,,pick_up,,,,,
2699,act_28_26,classroom,5.0,3,c,d,e,,,,sit_down,stand_up,nothing,,,
8894,act_90_83,empty_room,2.4,5,e,,b,c,d,a,walk,,walk,walk,rotation,walk
8067,act_82_48,empty_room,2.4,3,a,b,c,,,,rotation,rotation,jump,,,
1484,act_15_98,classroom,2.4,4,a,,c,,e,b,sit_down,,sit_down,,sit_down,sit_down
9221,act_94_14,empty_room,5.0,1,,,,e,,,,,,sit_down,,
7718,act_78_95,empty_room,2.4,1,,,,,,a,,,,,,wave
7832,act_80_11,empty_room,2.4,2,,,d,e,,,,,jump,wave,,
6907,act_70_76,meeting_room,5.0,5,d,e,a,b,c,,jump,jump,jump,wave,wave,
1427,act_15_41,classroom,2.4,4,e,,b,,d,a,wave,,pick_up,,stand_up,lie_down
2545,act_26_70,classroom,5.0,2,,,e,a,,,,,pick_up,sit_down,,
7677,act_78_54,empty_room,2.4,1,,,,,,a,,,,,,stand_up
9058,act_92_49,empty_room,5.0,1,,b,,,,,,jump,,,,
3818,act_39_56,meeting_room,2.4,1,,,d,,,,,,rotation,,,
8332,act_85_16,empty_room,2.4,4,b,c,d,e,,,pick_up,sit_down,stand_up,nothing,,
3071,act_32_2,classroom,5.0,4,,b,,d,e,a,,rotation,,wave,lie_down,walk
2179,act_23_1,classroom,5.0,1,,,,,e,,,,,,wave,
7172,act_73_44,empty_room,2.4,1,e,,,,,,sit_down,,,,,
7128,act_72_99,meeting_room,5.0,5,a,,c,d,e,b,stand_up,,stand_up,stand_up,stand_up,stand_up
1058,act_11_68,classroom,2.4,3,,d,,a,,c,,wave,,lie_down,,wave
5361,act_55_15,meeting_room,5.0,1,b,,,,,,lie_down,,,,,
6707,act_68_74,meeting_room,5.0,4,,e,,b,c,d,,walk,,rotation,rotation,walk
4330,act_44_73,meeting_room,2.4,2,,,a,b,,,,,nothing,walk,,
9393,act_95_87,empty_room,5.0,1,,,,,d,,,,,,pick_up,
2969,act_30_98,classroom,5.0,3,a,,,,e,b,sit_down,,,,sit_down,sit_down
7614,act_77_90,empty_room,2.4,1,,,,,d,,,,,,nothing,
3124,act_32_55,classroom,5.0,4,,c,,e,a,b,,nothing,,walk,rotation,nothing
9059,act_92_50,empty_room,5.0,1,,b,,,,,,wave,,,,
1545,act_16_60,classroom,2.4,5,b,c,d,e,a,,lie_down,lie_down,pick_up,pick_up,sit_down,
9756,act_99_54,empty_room,5.0,2,,,,,e,a,,,,,walk,stand_up
8861,act_90_50,empty_room,2.4,5,a,,c,d,e,b,wave,,lie_down,lie_down,pick_up,wave
8683,act_88_70,empty_room,2.4,5,c,d,e,a,b,,pick_up,pick_up,pick_up,sit_down,sit_down,
8145,act_83_27,empty_room,2.4,3,,d,,a,,c,,nothing,,rotation,,stand_up
725,act_8_32,classroom,2.4,2,,,a,b,,,,,pick_up,sit_down,,
7071,act_72_42,meeting_room,5.0,5,e,,b,c,d,a,lie_down,,sit_down,stand_up,nothing,pick_up
5492,act_56_47,meeting_room,5.0,1,,b,,,,,,walk,,,,
9932,act_101_32,empty_room,5.0,3,,e,,b,,d,,lie_down,,sit_down,,wave
1128,act_12_39,classroom,2.4,3,e,,,,d,a,rotation,,,,pick_up,jump
7175,act_73_47,empty_room,2.4,1,a,,,,,,walk,,,,,
6588,act_67_54,meeting_room,5.0,4,a,b,c,d,,,stand_up,stand_up,nothing,nothing,,
9575,act_97_71,empty_room,5.0,2,c,d,,,,,sit_down,sit_down,,,,
1587,act_17_3,classroom,2.4,5,,b,c,d,e,a,,jump,wave,lie_down,pick_up,rotation
4793,act_49_41,meeting_room,2.4,4,e,a,b,c,,,wave,lie_down,pick_up,sit_down,,
3920,act_40_59,meeting_room,2.4,1,,,,e,,,,,,lie_down,,
8752,act_89_40,empty_room,2.4,5,,a,b,c,d,e,,wave,lie_down,pick_up,sit_down,jump
1562,act_16_77,classroom,2.4,5,d,e,a,b,c,,wave,wave,wave,lie_down,lie_down,
6324,act_64_87,meeting_room,5.0,3,e,a,b,,,,lie_down,lie_down,lie_down,,,
5925,act_60_84,meeting_room,5.0,1,,,,,,e,,,,,,rotation
3545,act_36_80,classroom,5.0,5,d,,a,b,c,e,sit_down,,sit_down,stand_up,stand_up,sit_down
6160,act_63_22,meeting_room,5.0,2,,,,,b,c,,,,,sit_down,jump
8972,act_91_62,empty_room,5.0,1,b,,,,,,sit_down,,,,,
7013,act_71_83,meeting_room,5.0,5,,a,b,c,d,e,,walk,walk,walk,rotation,walk
5786,act_59_44,meeting_room,5.0,1,,,,,d,,,,,,rotation,
5377,act_55_31,meeting_room,5.0,1,d,,,,,,jump,,,,,
4054,act_41_94,meeting_room,2.4,1,,,,,e,,,,,,jump,
10073,act_102_74,empty_room,5.0,3,d,,,,c,e,walk,,,,rotation,walk
3896,act_40_35,meeting_room,2.4,1,,,,b,,,,,,walk,,
10616,act_108_23,empty_room,5.0,5,c,,e,a,b,d,wave,,pick_up,sit_down,stand_up,lie_down
9232,act_94_25,empty_room,5.0,1,,,,a,,,,,,nothing,,
7889,act_80_68,empty_room,2.4,2,,,e,a,,,,,wave,lie_down,,
10481,act_106_86,empty_room,5.0,5,e,a,b,c,d,,wave,wave,wave,wave,lie_down,
3288,act_34_21,classroom,5.0,5,c,d,e,a,b,,rotation,jump,wave,lie_down,pick_up,
9344,act_95_38,empty_room,5.0,1,,,,,d,,,,,,lie_down,
8348,act_85_32,empty_room,2.4,4,d,e,a,b,,,wave,lie_down,pick_up,sit_down,,
8873,act_90_62,empty_room,2.4,5,b,,d,e,a,c,sit_down,,stand_up,stand_up,nothing,sit_down
2606,act_27_32,classroom,5.0,2,,,,,c,d,,,,,stand_up,wave
5158,act_53_10,meeting_room,2.4,5,,c,d,e,a,b,,walk,rotation,jump,wave,nothing
1393,act_15_7,classroom,2.4,4,a,,c,,e,b,pick_up,,stand_up,,walk,sit_down
7890,act_80_69,empty_room,2.4,2,,,e,a,,,,,lie_down,pick_up,,
753,act_8_60,classroom,2.4,2,,,d,e,,,,,pick_up,pick_up,,
6189,act_63_51,meeting_room,5.0,2,,,,,e,a,,,,,sit_down,lie_down
11040,act_204_51,meeting_room,5.0,0,,,,,,,,,,,,
5099,act_52_50,meeting_room,2.4,5,a,b,c,d,e,,wave,wave,lie_down,lie_down,pick_up,
3216,act_33_48,classroom,5.0,4,a,,c,,e,b,rotation,,jump,,wave,rotation
5471,act_56_26,meeting_room,5.0,1,,d,,,,,,stand_up,,,,
9643,act_98_40,empty_room,5.0,2,,,b,c,,,,,lie_down,pick_up,,
1778,act_18_95,classroom,2.4,5,a,,c,d,e,b,wave,,wave,wave,wave,wave
18,act_1_18,classroom,2.4,1,b,,,,,,stand_up,,,,,
1771,act_18_88,classroom,2.4,5,e,,b,c,d,a,pick_up,,pick_up,pick_up,sit_down,pick_up
1889,act_20_8,classroom,5.0,1,,b,,,,,,stand_up,,,,
10860,act_202_69,classroom,5.0,0,,,,,,,,,,,,
1643,act_17_59,classroom,2.4,5,,c,d,e,a,b,,wave,lie_down,lie_down,pick_up,wave
9620,act_98_17,empty_room,5.0,2,,,d,e,,,,,nothing,walk,,
2317,act_24_40,classroom,5.0,1,,,,,,e,,,,,,jump
3023,act_31_53,classroom,5.0,4,a,b,c,d,,,sit_down,sit_down,stand_up,stand_up,,
6012,act_61_72,meeting_room,5.0,2,c,d,,,,,stand_up,stand_up,,,,
133,act_2_34,classroom,2.4,1,,e,,,,,,sit_down,,,,
6209,act_63_71,meeting_room,5.0,2,,,,,b,c,,,,,stand_up,sit_down
3013,act_31_43,classroom,5.0,4,e,a,b,c,,,pick_up,sit_down,stand_up,nothing,,
9482,act_96_77,empty_room,5.0,1,,,,,,d,,,,,,wave
4475,act_46_20,meeting_room,2.4,3,c,d,e,,,,walk,rotation,jump,,,
4865,act_50_14,meeting_room,2.4,4,,c,,e,a,b,,lie_down,,sit_down,stand_up,wave
9044,act_92_35,empty_room,5.0,1,,e,,,,,,stand_up,,,,
1096,act_12_7,classroom,2.4,3,a,,,,e,b,pick_up,,,,walk,sit_down
8369,act_85_53,empty_room,2.4,4,a,b,c,d,,,sit_down,sit_down,stand_up,stand_up,,
10788,act_201_96,classroom,2.4,0,,,,,,,,,,,,
528,act_6_33,classroom,2.4,1,,,,,,d,,,,,,lie_down
10438,act_106_43,empty_room,5.0,5,e,a,b,c,d,,pick_up,sit_down,stand_up,nothing,walk,
2003,act_21_23,classroom,5.0,1,,,e,,,,,,pick_up,,,
4903,act_50_52,meeting_room,2.4,4,,b,,d,e,a,,pick_up,,sit_down,stand_up,pick_up
169,act_2_70,classroom,2.4,1,,d,,,,,,pick_up,,,,
11240,act_206_53,empty_room,5.0,0,,,,,,,,,,,,
8185,act_83_67,empty_room,2.4,3,,d,,a,,c,,jump,,wave,,jump
6388,act_65_52,meeting_room,5.0,3,,b,,d,,a,,pick_up,,sit_down,,pick_up
1920,act_20_39,classroom,5.0,1,,a,,,,,,jump,,,,
3155,act_32_86,classroom,5.0,4,,a,,c,d,e,,wave,,wave,lie_down,wave
702,act_8_9,classroom,2.4,2,,,c,d,,,,,walk,rotation,,
7611,act_77_87,empty_room,2.4,1,,,,,d,,,,,,pick_up,
3394,act_35_28,classroom,5.0,5,,e,a,b,c,d,,walk,rotation,jump,wave,nothing
5490,act_56_45,meeting_room,5.0,1,,a,,,,,,nothing,,,,
4097,act_42_38,meeting_room,2.4,1,,,,,,e,,,,,,walk
5333,act_54_86,meeting_room,2.4,5,e,,b,c,d,a,wave,,wave,wave,lie_down,wave
3527,act_36_62,classroom,5.0,5,b,,d,e,a,c,sit_down,,stand_up,stand_up,nothing,sit_down
8644,act_88_31,empty_room,2.4,5,d,e,a,b,c,,jump,wave,lie_down,pick_up,sit_down,
2767,act_28_94,classroom,5.0,3,a,b,c,,,,jump,jump,jump,,,
9346,act_95_40,empty_room,5.0,1,,,,,d,,,,,,sit_down,
773,act_8_80,classroom,2.4,2,,,a,b,,,,,sit_down,stand_up,,
1299,act_14_12,classroom,2.4,4,,c,,e,a,b,,jump,,lie_down,pick_up,rotation
9956,act_101_56,empty_room,5.0,3,,c,,e,,b,,walk,,rotation,,walk
6746,act_69_14,meeting_room,5.0,4,b,,d,,a,c,wave,,pick_up,,stand_up,lie_down
10047,act_102_48,empty_room,5.0,3,a,,,,e,b,rotation,,,,wave,rotation
1353,act_14_66,classroom,2.4,4,,d,,a,b,c,,rotation,,jump,jump,rotation
2927,act_30_56,classroom,5.0,3,b,,,,a,c,walk,,,,jump,walk
7628,act_78_5,empty_room,2.4,1,,,,,,a,,,,,,wave
8787,act_89_75,empty_room,2.4,5,,e,a,b,c,d,,rotation,rotation,jump,jump,rotation
1288,act_14_1,classroom,2.4,4,,b,,d,e,a,,walk,,jump,wave,nothing
10954,act_203_64,meeting_room,2.4,0,,,,,,,,,,,,
8110,act_82_91,empty_room,2.4,3,a,b,c,,,,nothing,nothing,nothing,,,
9257,act_94_50,empty_room,5.0,1,,,,d,,,,,,lie_down,,
4382,act_45_26,meeting_room,2.4,2,,,,,b,c,,,,,rotation,sit_down
5175,act_53_27,meeting_room,2.4,5,,d,e,a,b,c,,nothing,walk,rotation,jump,stand_up
2014,act_21_34,classroom,5.0,1,,,a,,,,,,stand_up,,,
11116,act_205_28,empty_room,2.4,0,,,,,,,,,,,,
6724,act_68_91,meeting_room,5.0,4,,b,,d,e,a,,nothing,,nothing,nothing,nothing
8109,act_82_90,empty_room,2.4,3,e,a,b,,,,stand_up,stand_up,stand_up,,,
3694,act_38_31,meeting_room,2.4,1,,e,,,,,,wave,,,,
8631,act_88_18,empty_room,2.4,5,b,c,d,e,a,,stand_up,nothing,walk,rotation,jump,
2148,act_22_69,classroom,5.0,1,,,,a,,,,,,pick_up,,
10969,act_203_79,meeting_room,2.4,0,,,,,,,,,,,,
6597,act_67_63,meeting_room,5.0,4,b,c,d,e,,,stand_up,stand_up,nothing,nothing,,
3034,act_31_64,classroom,5.0,4,c,d,e,a,,,nothing,nothing,nothing,walk,,
10944,act_203_54,meeting_room,2.4,0,,,,,,,,,,,,
4982,act_51_32,meeting_room,2.4,4,d,,a,,c,e,wave,,pick_up,,stand_up,lie_down
5860,act_60_19,meeting_room,5.0,1,,,,,,c,,,,,,nothing
450,act_5_54,classroom,2.4,1,,,,,e,,,,,,walk,
3644,act_37_80,meeting_room,2.4,1,d,,,,,,sit_down,,,,,
6441,act_66_6,meeting_room,5.0,3,a,,,,e,b,lie_down,,,,nothing,pick_up
6928,act_70_97,meeting_room,5.0,5,a,b,c,d,e,,pick_up,pick_up,pick_up,pick_up,pick_up,
5271,act_54_24,meeting_room,2.4,5,c,,e,a,b,d,lie_down,,sit_down,stand_up,nothing,pick_up
10634,act_108_41,empty_room,5.0,5,e,,b,c,d,a,wave,,pick_up,sit_down,stand_up,lie_down
8878,act_90_67,empty_room,2.4,5,c,,e,a,b,d,jump,,jump,wave,wave,jump
811,act_9_19,classroom,2.4,2,,,,,b,c,,,,,wave,nothing
6635,act_68_2,meeting_room,5.0,4,,b,,d,e,a,,rotation,,wave,lie_down,walk
8230,act_84_13,empty_room,2.4,3,b,,,,a,c,jump,,,,sit_down,wave
4808,act_49_56,meeting_room,2.4,4,b,c,d,e,,,walk,walk,rotation,rotation,,
5478,act_56_33,meeting_room,5.0,1,,e,,,,,,pick_up,,,,
2074,act_21_94,classroom,5.0,1,,,c,,,,,,jump,,,
7506,act_76_81,empty_room,2.4,1,,,,b,,,,,,nothing,,
8777,act_89_65,empty_room,2.4,5,,d,e,a,b,c,,walk,walk,rotation,rotation,walk
7829,act_80_8,empty_room,2.4,2,,,c,d,,,,,nothing,walk,,
1478,act_15_92,classroom,2.4,4,a,,c,,e,b,walk,,walk,,walk,walk
1791,act_19_9,classroom,5.0,1,a,,,,,,stand_up,,,,,
10275,act_104_78,empty_room,5.0,4,,e,,b,c,d,,lie_down,,pick_up,pick_up,lie_down
2334,act_24_57,classroom,5.0,1,,,,,,b,,,,,,rotation
4408,act_45_52,meeting_room,2.4,2,,,,,e,a,,,,,stand_up,pick_up
3234,act_33_66,classroom,5.0,4,c,,e,,b,d,rotation,,rotation,,jump,rotation
2009,act_21_29,classroom,5.0,1,,,a,,,,,,jump,,,
683,act_7_89,classroom,2.4,2,e,a,,,,,sit_down,sit_down,,,,
8583,act_87_69,empty_room,2.4,4,c,,e,,b,d,lie_down,,lie_down,,pick_up,lie_down
5329,act_54_82,meeting_room,2.4,5,e,,b,c,d,a,nothing,,nothing,nothing,walk,nothing
2860,act_29_88,classroom,5.0,3,,a,,c,,e,,pick_up,,pick_up,,pick_up
6854,act_70_23,meeting_room,5.0,5,c,d,e,a,b,,wave,lie_down,pick_up,sit_down,stand_up,
58,act_1_58,classroom,2.4,1,b,,,,,,jump,,,,,
10072,act_102_73,empty_room,5.0,3,d,,,,c,e,nothing,,,,walk,nothing
7210,act_73_82,empty_room,2.4,1,e,,,,,,nothing,,,,,
6144,act_63_6,meeting_room,5.0,2,,,,,e,a,,,,,nothing,lie_down
2400,act_25_24,classroom,5.0,2,c,d,,,,,lie_down,pick_up,,,,
4694,act_48_41,meeting_room,2.4,3,e,,,,d,a,wave,,,,stand_up,lie_down
47,act_1_47,classroom,2.4,1,a,,,,,,walk,,,,,
31,act_1_31,classroom,2.4,1,d,,,,,,jump,,,,,
4460,act_46_5,meeting_room,2.4,3,a,b,c,,,,wave,lie_down,pick_up,,,
7449,act_76_24,empty_room,2.4,1,,,,a,,,,,,stand_up,,
5933,act_60_92,meeting_room,5.0,1,,,,,,a,,,,,,walk
1469,act_15_83,classroom,2.4,4,e,,b,,d,a,walk,,walk,,rotation,walk
1666,act_17_82,classroom,2.4,5,,a,b,c,d,e,,nothing,nothing,nothing,walk,nothing
1417,act_15_31,classroom,2.4,4,d,,a,,c,e,jump,,lie_down,,sit_down,wave
7622,act_77_98,empty_room,2.4,1,,,,,e,,,,,,sit_down,
2359,act_24_82,classroom,5.0,1,,,,,,e,,,,,,nothing
6052,act_62_13,meeting_room,5.0,2,,,d,e,,,,,lie_down,pick_up,,
3934,act_40_73,meeting_room,2.4,1,,,,b,,,,,,walk,,
10782,act_201_90,classroom,2.4,0,,,,,,,,,,,,
9224,act_94_17,empty_room,5.0,1,,,,e,,,,,,walk,,
9572,act_97_68,empty_room,5.0,2,c,d,,,,,wave,wave,,,,
10385,act_105_89,empty_room,5.0,4,e,,b,,d,a,sit_down,,sit_down,,stand_up,sit_down
430,act_5_34,classroom,2.4,1,,,,,c,,,,,,walk,
10649,act_108_56,empty_room,5.0,5,b,,d,e,a,c,walk,,rotation,rotation,jump,walk
6287,act_64_50,meeting_room,5.0,3,a,b,c,,,,wave,wave,lie_down,,,
386,act_4_89,classroom,2.4,1,,,,c,,,,,,sit_down,,
1946,act_20_65,classroom,5.0,1,,d,,,,,,walk,,,,
5381,act_55_35,meeting_room,5.0,1,d,,,,,,sit_down,,,,,
9909,act_101_9,empty_room,5.0,3,,b,,d,,a,,nothing,,rotation,,stand_up
8448,act_86_33,empty_room,2.4,4,,e,,b,c,d,,pick_up,,stand_up,nothing,lie_down
474,act_5_78,classroom,2.4,1,,,,,c,,,,,,pick_up,
6621,act_67_87,meeting_room,5.0,4,e,a,b,c,,,lie_down,lie_down,lie_down,lie_down,,
7863,act_80_42,empty_room,2.4,2,,,b,c,,,,,sit_down,stand_up,,
3781,act_39_19,meeting_room,2.4,1,,,e,,,,,,rotation,,,
9654,act_98_51,empty_room,5.0,2,,,c,d,,,,,pick_up,pick_up,,
8900,act_90_89,empty_room,2.4,5,e,,b,c,d,a,sit_down,,sit_down,sit_down,stand_up,sit_down
579,act_6_84,classroom,2.4,1,,,,,,e,,,,,,rotation
10968,act_203_78,meeting_room,2.4,0,,,,,,,,,,,,
1056,act_11_66,classroom,2.4,3,,d,,a,,c,,rotation,,jump,,rotation
2282,act_24_5,classroom,5.0,1,,,,,,a,,,,,,wave
6322,act_64_85,meeting_room,5.0,3,e,a,b,,,,jump,jump,jump,,,
9855,act_100_54,empty_room,5.0,3,a,b,c,,,,stand_up,stand_up,nothing,,,
10477,act_106_82,empty_room,5.0,5,e,a,b,c,d,,nothing,nothing,nothing,nothing,walk,
7188,act_73_60,empty_room,2.4,1,b,,,,,,lie_down,,,,,
3446,act_35_80,classroom,5.0,5,,e,a,b,c,d,,sit_down,sit_down,stand_up,stand_up,sit_down
7421,act_75_95,empty_room,2.4,1,,,c,,,,,,wave,,,
6465,act_66_30,meeting_room,5.0,3,d,,,,c,e,rotation,,,,pick_up,jump
3170,act_33_2,classroom,5.0,4,a,,c,,e,b,walk,,jump,,lie_down,rotation
812,act_9_20,classroom,2.4,2,,,,,b,c,,,,,lie_down,walk
10809,act_202_18,classroom,5.0,0,,,,,,,,,,,,
9193,act_93_85,empty_room,5.0,1,,,b,,,,,,jump,,,
6876,act_70_45,meeting_room,5.0,5,e,a,b,c,d,,stand_up,nothing,walk,rotation,jump,
8331,act_85_15,empty_room,2.4,4,b,c,d,e,,,lie_down,pick_up,sit_down,stand_up,,
2756,act_28_83,classroom,5.0,3,e,a,b,,,,walk,walk,walk,,,
7924,act_81_4,empty_room,2.4,2,,,,,e,a,,,,,sit_down,jump
3046,act_31_76,classroom,5.0,4,d,e,a,b,,,jump,jump,jump,wave,,
8804,act_89_92,empty_room,2.4,5,,b,c,d,e,a,,walk,walk,walk,walk,walk
3033,act_31_63,classroom,5.0,4,b,c,d,e,,,stand_up,stand_up,nothing,nothing,,
112,act_2_13,classroom,2.4,1,,c,,,,,,wave,,,,
6555,act_67_21,meeting_room,5.0,4,c,d,e,a,,,rotation,jump,wave,lie_down,,
10060,act_102_61,empty_room,5.0,3,b,,,,a,c,pick_up,,,,stand_up,pick_up
9137,act_93_29,empty_room,5.0,1,,,a,,,,,,jump,,,
8775,act_89_63,empty_room,2.4,5,,c,d,e,a,b,,stand_up,nothing,nothing,walk,stand_up
1746,act_18_63,classroom,2.4,5,b,,d,e,a,c,stand_up,,nothing,nothing,walk,stand_up
6500,act_66_65,meeting_room,5.0,3,c,,,,b,d,walk,,,,rotation,walk
1453,act_15_67,classroom,2.4,4,c,,e,,b,d,jump,,jump,,wave,jump
2150,act_22_71,classroom,5.0,1,,,,a,,,,,,stand_up,,
320,act_4_23,classroom,2.4,1,,,,a,,,,,,sit_down,,
10699,act_201_7,classroom,2.4,0,,,,,,,,,,,,
62,act_1_62,classroom,2.4,1,b,,,,,,sit_down,,,,,
2674,act_28_1,classroom,5.0,3,a,b,c,,,,nothing,walk,rotation,,,
1923,act_20_42,classroom,5.0,1,,a,,,,,,pick_up,,,,
7478,act_76_53,empty_room,2.4,1,,,,d,,,,,,stand_up,,
10033,act_102_34,empty_room,5.0,3,d,,,,c,e,pick_up,,,,walk,sit_down
4705,act_48_52,meeting_room,2.4,3,a,,,,e,b,pick_up,,,,stand_up,pick_up
4094,act_42_35,meeting_room,2.4,1,,,,,,d,,,,,,sit_down
9749,act_99_47,empty_room,5.0,2,,,,,e,a,,,,,jump,walk
6367,act_65_31,meeting_room,5.0,3,,e,,b,,d,,wave,,pick_up,,jump
10346,act_105_50,empty_room,5.0,4,a,,c,,e,b,wave,,lie_down,,pick_up,wave
2130,act_22_51,classroom,5.0,1,,,,d,,,,,,pick_up,,
8512,act_86_97,empty_room,2.4,4,,b,,d,e,a,,pick_up,,pick_up,pick_up,pick_up
6914,act_70_83,meeting_room,5.0,5,e,a,b,c,d,,walk,walk,walk,walk,rotation,
7963,act_81_43,empty_room,2.4,2,,,,,d,e,,,,,walk,pick_up
3937,act_40_76,meeting_room,2.4,1,,,,b,,,,,,wave,,
8837,act_90_26,empty_room,2.4,5,c,,e,a,b,d,sit_down,,nothing,walk,rotation,stand_up
8193,act_83_75,empty_room,2.4,3,,e,,b,,d,,rotation,,jump,,rotation
6968,act_71_38,meeting_room,5.0,5,,a,b,c,d,e,,rotation,jump,wave,lie_down,walk
11241,act_206_54,empty_room,5.0,0,,,,,,,,,,,,
6714,act_68_81,meeting_room,5.0,4,,e,,b,c,d,,stand_up,,nothing,nothing,stand_up
7748,act_79_26,empty_room,2.4,2,c,d,,,,,sit_down,stand_up,,,,
1053,act_11_63,classroom,2.4,3,,c,,e,,b,,stand_up,,nothing,,stand_up
10823,act_202_32,classroom,5.0,0,,,,,,,,,,,,
5298,act_54_51,meeting_room,2.4,5,a,,c,d,e,b,lie_down,,pick_up,pick_up,sit_down,lie_down
9143,act_93_35,empty_room,5.0,1,,,a,,,,,,nothing,,,
100,act_2_1,classroom,2.4,1,,b,,,,,,walk,,,,
8144,act_83_26,empty_room,2.4,3,,d,,a,,c,,stand_up,,walk,,sit_down
1457,act_15_71,classroom,2.4,4,c,,e,,b,d,sit_down,,sit_down,,stand_up,sit_down
362,act_4_65,classroom,2.4,1,,,,a,,,,,,rotation,,
813,act_9_21,classroom,2.4,2,,,,,b,c,,,,,pick_up,rotation
1093,act_12_4,classroom,2.4,3,a,,,,e,b,jump,,,,sit_down,wave
4049,act_41_89,meeting_room,2.4,1,,,,,d,,,,,,stand_up,
11132,act_205_44,empty_room,2.4,0,,,,,,,,,,,,
3146,act_32_77,classroom,5.0,4,,e,,b,c,d,,wave,,lie_down,lie_down,wave
7133,act_73_5,empty_room,2.4,1,a,,,,,,wave,,,,,
10746,act_201_54,classroom,2.4,0,,,,,,,,,,,,
5621,act_57_77,meeting_room,5.0,1,,,a,,,,,,wave,,,
9032,act_92_23,empty_room,5.0,1,,d,,,,,,lie_down,,,,
7992,act_81_72,empty_room,2.4,2,,,,,b,c,,,,,nothing,stand_up
7846,act_80_25,empty_room,2.4,2,,,e,a,,,,,stand_up,nothing,,
1036,act_11_46,classroom,2.4,3,,b,,d,,a,,nothing,,walk,,nothing
8056,act_82_37,empty_room,2.4,3,e,a,b,,,,nothing,walk,rotation,,,
1415,act_15_29,classroom,2.4,4,d,,a,,c,e,walk,,jump,,lie_down,rotation
541,act_6_46,classroom,2.4,1,,,,,,a,,,,,,nothing
10664,act_108_71,empty_room,5.0,5,c,,e,a,b,d,sit_down,,sit_down,stand_up,stand_up,sit_down
9734,act_99_32,empty_room,5.0,2,,,,,c,d,,,,,stand_up,wave
8964,act_91_54,empty_room,5.0,1,a,,,,,,stand_up,,,,,
1147,act_12_58,classroom,2.4,3,b,,,,a,c,jump,,,,lie_down,jump
5545,act_57_1,meeting_room,5.0,1,,,c,,,,,,rotation,,,
10194,act_103_96,empty_room,5.0,4,a,b,c,d,,,lie_down,lie_down,lie_down,lie_down,,
755,act_8_62,classroom,2.4,2,,,d,e,,,,,stand_up,stand_up,,
4599,act_47_45,meeting_room,2.4,3,,a,,c,,e,,nothing,,rotation,,stand_up
7732,act_79_10,empty_room,2.4,2,b,c,,,,,nothing,walk,,,,
7316,act_74_89,empty_room,2.4,1,,a,,,,,,sit_down,,,,
6516,act_66_81,meeting_room,5.0,3,d,,,,c,e,stand_up,,,,nothing,stand_up
6071,act_62_32,meeting_room,5.0,2,,,a,b,,,,,pick_up,sit_down,,
5036,act_51_86,meeting_room,2.4,4,e,,b,,d,a,wave,,wave,,lie_down,wave
11226,act_206_39,empty_room,5.0,0,,,,,,,,,,,,
3131,act_32_62,classroom,5.0,4,,c,,e,a,b,,sit_down,,stand_up,nothing,sit_down
2958,act_30_87,classroom,5.0,3,e,,,,d,a,lie_down,,,,pick_up,lie_down
4573,act_47_19,meeting_room,2.4,3,,d,,a,,c,,walk,,jump,,nothing
7646,act_78_23,empty_room,2.4,1,,,,,,c,,,,,,wave
5092,act_52_43,meeting_room,2.4,5,e,a,b,c,d,,pick_up,sit_down,stand_up,nothing,walk,
8024,act_82_5,empty_room,2.4,3,a,b,c,,,,wave,lie_down,pick_up,,,
101,act_2_2,classroom,2.4,1,,b,,,,,,rotation,,,,
2609,act_27_35,classroom,5.0,2,,,,,c,d,,,,,rotation,sit_down
5007,act_51_57,meeting_room,2.4,4,b,,d,,a,c,rotation,,jump,,wave,rotation
4246,act_43_88,meeting_room,2.4,2,e,a,,,,,pick_up,pick_up,,,,
3725,act_38_62,meeting_room,2.4,1,,c,,,,,,sit_down,,,,
9571,act_97_67,empty_room,5.0,2,c,d,,,,,jump,jump,,,,
6885,act_70_54,meeting_room,5.0,5,a,b,c,d,e,,stand_up,stand_up,nothing,nothing,walk,
6148,act_63_10,meeting_room,5.0,2,,,,,a,b,,,,,wave,nothing
4011,act_41_51,meeting_room,2.4,1,,,,,e,,,,,,sit_down,
5602,act_57_58,meeting_room,5.0,1,,,d,,,,,,wave,,,
10798,act_202_7,classroom,5.0,0,,,,,,,,,,,,
602,act_7_8,classroom,2.4,2,a,b,,,,,sit_down,stand_up,,,,
3929,act_40_68,meeting_room,2.4,1,,,,a,,,,,,lie_down,,
10070,act_102_71,empty_room,5.0,3,c,,,,b,d,sit_down,,,,stand_up,sit_down
4478,act_46_23,meeting_room,2.4,3,c,d,e,,,,wave,lie_down,pick_up,,,
7224,act_73_96,empty_room,2.4,1,a,,,,,,lie_down,,,,,
8541,act_87_27,empty_room,2.4,4,c,,e,,b,d,stand_up,,walk,,jump,nothing
6326,act_64_89,meeting_room,5.0,3,e,a,b,,,,sit_down,sit_down,sit_down,,,
10198,act_104_1,empty_room,5.0,4,,b,,d,e,a,,walk,,jump,wave,nothing
1045,act_11_55,classroom,2.4,3,,c,,e,,b,,nothing,,walk,,nothing
8759,act_89_47,empty_room,2.4,5,,b,c,d,e,a,,walk,rotation,rotation,jump,walk
1558,act_16_73,classroom,2.4,5,d,e,a,b,c,,nothing,nothing,nothing,walk,walk,
4994,act_51_44,meeting_room,2.4,4,e,,b,,d,a,sit_down,,nothing,,rotation,stand_up
1488,act_16_3,classroom,2.4,5,a,b,c,d,e,,rotation,jump,wave,lie_down,pick_up,
4760,act_49_8,meeting_room,2.4,4,a,b,c,d,,,sit_down,stand_up,nothing,walk,,
8983,act_91_73,empty_room,5.0,1,d,,,,,,nothing,,,,,
181,act_2_82,classroom,2.4,1,,a,,,,,,nothing,,,,
10377,act_105_81,empty_room,5.0,4,d,,a,,c,e,stand_up,,stand_up,,nothing,stand_up
5425,act_55_79,meeting_room,5.0,1,d,,,,,,pick_up,,,,,
2116,act_22_37,classroom,5.0,1,,,,c,,,,,,jump,,
1700,act_18_17,classroom,2.4,5,b,,d,e,a,c,sit_down,,nothing,walk,rotation,stand_up
1380,act_14_93,classroom,2.4,4,,b,,d,e,a,,rotation,,rotation,rotation,rotation
3915,act_40_54,meeting_room,2.4,1,,,,d,,,,,,nothing,,
2405,act_25_29,classroom,5.0,2,d,e,,,,,walk,rotation,,,,
1396,act_15_10,classroom,2.4,4,b,,d,,a,c,nothing,,rotation,,wave,walk
7692,act_78_69,empty_room,2.4,1,,,,,,c,,,,,,lie_down
619,act_7_25,classroom,2.4,2,c,d,,,,,pick_up,sit_down,,,,
10382,act_105_86,empty_room,5.0,4,e,,b,,d,a,wave,,wave,,lie_down,wave
11117,act_205_29,empty_room,2.4,0,,,,,,,,,,,,
3397,act_35_31,classroom,5.0,5,,e,a,b,c,d,,wave,lie_down,pick_up,sit_down,jump
1601,act_17_17,classroom,2.4,5,,c,d,e,a,b,,stand_up,nothing,walk,rotation,sit_down
7309,act_74_82,empty_room,2.4,1,,a,,,,,,nothing,,,,
9508,act_97_4,empty_room,5.0,2,a,b,,,,,jump,wave,,,,
1616,act_17_32,classroom,2.4,5,,e,a,b,c,d,,lie_down,pick_up,sit_down,stand_up,wave
7540,act_77_16,empty_room,2.4,1,,,,,a,,,,,,walk,
439,act_5_43,classroom,2.4,1,,,,,d,,,,,,walk,
5096,act_52_47,meeting_room,2.4,5,a,b,c,d,e,,walk,walk,rotation,rotation,jump,
2084,act_22_5,classroom,5.0,1,,,,d,,,,,,sit_down,,
9576,act_97_72,empty_room,5.0,2,c,d,,,,,stand_up,stand_up,,,,
11013,act_204_24,meeting_room,5.0,0,,,,,,,,,,,,
5195,act_53_47,meeting_room,2.4,5,,b,c,d,e,a,,walk,rotation,rotation,jump,walk
10002,act_102_3,empty_room,5.0,3,a,,,,e,b,rotation,,,,pick_up,jump
8028,act_82_9,empty_room,2.4,3,a,b,c,,,,stand_up,nothing,walk,,,
7016,act_71_86,meeting_room,5.0,5,,a,b,c,d,e,,wave,wave,wave,lie_down,wave
5854,act_60_13,meeting_room,5.0,1,,,,,,b,,,,,,jump
9218,act_94_11,empty_room,5.0,1,,,,e,,,,,,wave,,
8444,act_86_29,empty_room,2.4,4,,e,,b,c,d,,rotation,,wave,lie_down,walk
7104,act_72_75,meeting_room,5.0,5,d,,a,b,c,e,rotation,,rotation,jump,jump,rotation
2546,act_26_71,classroom,5.0,2,,,e,a,,,,,sit_down,stand_up,,
6378,act_65_42,meeting_room,5.0,3,,a,,c,,e,,pick_up,,stand_up,,lie_down
9404,act_95_98,empty_room,5.0,1,,,,,e,,,,,,sit_down,
10722,act_201_30,classroom,2.4,0,,,,,,,,,,,,
1919,act_20_38,classroom,5.0,1,,a,,,,,,rotation,,,,
9400,act_95_94,empty_room,5.0,1,,,,,e,,,,,,jump,
6349,act_65_13,meeting_room,5.0,3,,c,,e,,b,,wave,,pick_up,,jump
10498,act_107_4,empty_room,5.0,5,,b,c,d,e,a,,wave,lie_down,pick_up,sit_down,jump
6875,act_70_44,meeting_room,5.0,5,e,a,b,c,d,,sit_down,stand_up,nothing,walk,rotation,
7702,act_78_79,empty_room,2.4,1,,,,,,d,,,,,,pick_up
3610,act_37_46,meeting_room,2.4,1,a,,,,,,nothing,,,,,
8062,act_82_43,empty_room,2.4,3,e,a,b,,,,pick_up,sit_down,stand_up,,,
2055,act_21_75,classroom,5.0,1,,,a,,,,,,rotation,,,
5730,act_58_87,meeting_room,5.0,1,,,,c,,,,,,lie_down,,
10401,act_106_6,empty_room,5.0,5,a,b,c,d,e,,lie_down,pick_up,sit_down,stand_up,nothing,
2363,act_24_86,classroom,5.0,1,,,,,,e,,,,,,wave
3015,act_31_45,classroom,5.0,4,e,a,b,c,,,stand_up,nothing,walk,rotation,,
3287,act_34_20,classroom,5.0,5,c,d,e,a,b,,walk,rotation,jump,wave,lie_down,
2226,act_23_48,classroom,5.0,1,,,,,e,,,,,,wave,
6211,act_63_73,meeting_room,5.0,2,,,,,c,d,,,,,walk,nothing
5141,act_52_92,meeting_room,2.4,5,a,b,c,d,e,,walk,walk,walk,walk,walk,
1127,act_12_38,classroom,2.4,3,e,,,,d,a,walk,,,,lie_down,rotation
4790,act_49_38,meeting_room,2.4,4,e,a,b,c,,,walk,rotation,jump,wave,,
6007,act_61_67,meeting_room,5.0,2,c,d,,,,,jump,jump,,,,
11149,act_205_61,empty_room,2.4,0,,,,,,,,,,,,
2442,act_25_66,classroom,5.0,2,c,d,,,,,rotation,rotation,,,,
2445,act_25_69,classroom,5.0,2,c,d,,,,,lie_down,lie_down,,,,
7329,act_75_3,empty_room,2.4,1,,,c,,,,,,wave,,,
5275,act_54_28,meeting_room,2.4,5,d,,a,b,c,e,nothing,,rotation,jump,wave,walk
1323,act_14_36,classroom,2.4,4,,e,,b,c,d,,nothing,,rotation,jump,stand_up
1604,act_17_20,classroom,2.4,5,,d,e,a,b,c,,rotation,jump,wave,lie_down,walk
8807,act_89_95,empty_room,2.4,5,,b,c,d,e,a,,wave,wave,wave,wave,wave
8808,act_89_96,empty_room,2.4,5,,b,c,d,e,a,,lie_down,lie_down,lie_down,lie_down,lie_down
9724,act_99_22,empty_room,5.0,2,,,,,b,c,,,,,sit_down,jump
5527,act_56_82,meeting_room,5.0,1,,a,,,,,,nothing,,,,
11276,act_206_89,empty_room,5.0,0,,,,,,,,,,,,
9374,act_95_68,empty_room,5.0,1,,,,,b,,,,,,lie_down,
8125,act_83_7,empty_room,2.4,3,,b,,d,,a,,sit_down,,nothing,,pick_up
6822,act_69_90,meeting_room,5.0,4,e,,b,,d,a,stand_up,,stand_up,,nothing,stand_up
7337,act_75_11,empty_room,2.4,1,,,d,,,,,,jump,,,
2291,act_24_14,classroom,5.0,1,,,,,,b,,,,,,wave
10555,act_107_61,empty_room,5.0,5,,c,d,e,a,b,,pick_up,sit_down,sit_down,stand_up,pick_up
7739,act_79_17,empty_room,2.4,2,b,c,,,,,sit_down,stand_up,,,,
1508,act_16_23,classroom,2.4,5,c,d,e,a,b,,wave,lie_down,pick_up,sit_down,stand_up,
7591,act_77_67,empty_room,2.4,1,,,,,b,,,,,,wave,
1560,act_16_75,classroom,2.4,5,d,e,a,b,c,,rotation,rotation,rotation,jump,jump,
4731,act_48_78,meeting_room,2.4,3,d,,,,c,e,lie_down,,,,pick_up,lie_down
7793,act_79_71,empty_room,2.4,2,c,d,,,,,sit_down,sit_down,,,,
8834,act_90_23,empty_room,2.4,5,c,,e,a,b,d,wave,,pick_up,sit_down,stand_up,lie_down
5197,act_53_49,meeting_room,2.4,5,,b,c,d,e,a,,jump,wave,wave,lie_down,jump
9214,act_94_7,empty_room,5.0,1,,,,d,,,,,,nothing,,
4405,act_45_49,meeting_room,2.4,2,,,,,e,a,,,,,lie_down,jump
1837,act_19_55,classroom,5.0,1,b,,,,,,nothing,,,,,
5012,act_51_62,meeting_room,2.4,4,b,,d,,a,c,sit_down,,stand_up,,nothing,sit_down
9660,act_98_57,empty_room,5.0,2,,,d,e,,,,,jump,jump,,
982,act_10_91,classroom,2.4,3,a,b,c,,,,nothing,nothing,nothing,,,
9456,act_96_51,empty_room,5.0,1,,,,,,a,,,,,,lie_down
1355,act_14_68,classroom,2.4,4,,d,,a,b,c,,wave,,lie_down,lie_down,wave
2871,act_29_99,classroom,5.0,3,,b,,d,,a,,stand_up,,stand_up,,stand_up
46,act_1_46,classroom,2.4,1,a,,,,,,nothing,,,,,
2543,act_26_68,classroom,5.0,2,,,e,a,,,,,wave,lie_down,,
105,act_2_6,classroom,2.4,1,,b,,,,,,pick_up,,,,
3943,act_40_82,meeting_room,2.4,1,,,,c,,,,,,nothing,,
749,act_8_56,classroom,2.4,2,,,d,e,,,,,rotation,rotation,,
6177,act_63_39,meeting_room,5.0,2,,,,,d,e,,,,,pick_up,rotation
4000,act_41_40,meeting_room,2.4,1,,,,,d,,,,,,sit_down,
7918,act_80_97,empty_room,2.4,2,,,c,d,,,,,pick_up,pick_up,,
6637,act_68_4,meeting_room,5.0,4,,b,,d,e,a,,wave,,pick_up,sit_down,jump
10118,act_103_20,empty_room,5.0,4,c,d,e,a,,,walk,rotation,jump,wave,,
4395,act_45_39,meeting_room,2.4,2,,,,,d,e,,,,,pick_up,rotation
9879,act_100_78,empty_room,5.0,3,d,e,a,,,,lie_down,lie_down,lie_down,,,
6068,act_62_29,meeting_room,5.0,2,,,a,b,,,,,jump,wave,,
536,act_6_41,classroom,2.4,1,,,,,,e,,,,,,wave
7817,act_79_95,empty_room,2.4,2,a,b,,,,,wave,wave,,,,
7745,act_79_23,empty_room,2.4,2,c,d,,,,,wave,lie_down,,,,
6614,act_67_80,meeting_room,5.0,4,d,e,a,b,,,sit_down,sit_down,sit_down,stand_up,,
7088,act_72_59,meeting_room,5.0,5,b,,d,e,a,c,wave,,lie_down,lie_down,pick_up,wave
2252,act_23_74,classroom,5.0,1,,,,,c,,,,,,rotation,
1026,act_11_36,classroom,2.4,3,,e,,b,,d,,nothing,,rotation,,stand_up
7742,act_79_20,empty_room,2.4,2,c,d,,,,,walk,rotation,,,,
7305,act_74_78,empty_room,2.4,1,,e,,,,,,lie_down,,,,
6292,act_64_55,meeting_room,5.0,3,b,c,d,,,,nothing,nothing,walk,,,
4844,act_49_92,meeting_room,2.4,4,a,b,c,d,,,walk,walk,walk,walk,,
11139,act_205_51,empty_room,2.4,0,,,,,,,,,,,,
10450,act_106_55,empty_room,5.0,5,b,c,d,e,a,,nothing,nothing,walk,walk,rotation,
3398,act_35_32,classroom,5.0,5,,e,a,b,c,d,,lie_down,pick_up,sit_down,stand_up,wave
314,act_4_17,classroom,2.4,1,,,,e,,,,,,walk,,
6606,act_67_72,meeting_room,5.0,4,c,d,e,a,,,stand_up,stand_up,stand_up,nothing,,
5957,act_61_17,meeting_room,5.0,2,b,c,,,,,sit_down,stand_up,,,,
5071,act_52_22,meeting_room,2.4,5,c,d,e,a,b,,jump,wave,lie_down,pick_up,sit_down,
10884,act_202_93,classroom,5.0,0,,,,,,,,,,,,
10152,act_103_54,empty_room,5.0,4,a,b,c,d,,,stand_up,stand_up,nothing,nothing,,
665,act_7_71,classroom,2.4,2,c,d,,,,,sit_down,sit_down,,,,
7050,act_72_21,meeting_room,5.0,5,c,,e,a,b,d,rotation,,wave,lie_down,pick_up,jump
8023,act_82_4,empty_room,2.4,3,a,b,c,,,,jump,wave,lie_down,,,
2890,act_30_19,classroom,5.0,3,c,,,,b,d,nothing,,,,wave,walk
7278,act_74_51,empty_room,2.4,1,,b,,,,,,lie_down,,,,
9105,act_92_96,empty_room,5.0,1,,b,,,,,,lie_down,,,,
2971,act_31_1,classroom,5.0,4,a,b,c,d,,,nothing,walk,rotation,jump,,
10304,act_105_8,empty_room,5.0,4,a,,c,,e,b,sit_down,,nothing,,rotation,stand_up
6108,act_62_69,meeting_room,5.0,2,,,e,a,,,,,lie_down,pick_up,,
4688,act_48_35,meeting_room,2.4,3,d,,,,c,e,sit_down,,,,rotation,stand_up
8107,act_82_88,empty_room,2.4,3,e,a,b,,,,pick_up,pick_up,pick_up,,,
10842,act_202_51,classroom,5.0,0,,,,,,,,,,,,
8726,act_89_14,empty_room,2.4,5,,c,d,e,a,b,,lie_down,pick_up,sit_down,stand_up,wave
4755,act_49_3,meeting_room,2.4,4,a,b,c,d,,,rotation,jump,wave,lie_down,,
676,act_7_82,classroom,2.4,2,e,a,,,,,nothing,nothing,,,,
10723,act_201_31,classroom,2.4,0,,,,,,,,,,,,
8636,act_88_23,empty_room,2.4,5,c,d,e,a,b,,wave,lie_down,pick_up,sit_down,stand_up,
10372,act_105_76,empty_room,5.0,4,d,,a,,c,e,jump,,jump,,wave,jump
6995,act_71_65,meeting_room,5.0,5,,d,e,a,b,c,,walk,walk,rotation,rotation,walk
8499,act_86_84,empty_room,2.4,4,,a,,c,d,e,,rotation,,rotation,jump,rotation
9841,act_100_40,empty_room,5.0,3,e,a,b,,,,jump,wave,lie_down,,,
11244,act_206_57,empty_room,5.0,0,,,,,,,,,,,,
3036,act_31_66,classroom,5.0,4,c,d,e,a,,,rotation,rotation,rotation,jump,,
1963,act_20_82,classroom,5.0,1,,a,,,,,,nothing,,,,
1841,act_19_59,classroom,5.0,1,b,,,,,,wave,,,,,
6075,act_62_36,meeting_room,5.0,2,,,a,b,,,,,walk,rotation,,
3674,act_38_11,meeting_room,2.4,1,,c,,,,,,rotation,,,,
11164,act_205_76,empty_room,2.4,0,,,,,,,,,,,,
6330,act_64_93,meeting_room,5.0,3,a,b,c,,,,rotation,rotation,rotation,,,
7199,act_73_71,empty_room,2.4,1,c,,,,,,sit_down,,,,,
11260,act_206_73,empty_room,5.0,0,,,,,,,,,,,,
3321,act_34_54,classroom,5.0,5,a,b,c,d,e,,stand_up,stand_up,nothing,nothing,walk,
6210,act_63_72,meeting_room,5.0,2,,,,,b,c,,,,,nothing,stand_up
7664,act_78_41,empty_room,2.4,1,,,,,,e,,,,,,wave
9777,act_99_75,empty_room,5.0,2,,,,,c,d,,,,,jump,rotation
4206,act_43_48,meeting_room,2.4,2,a,b,,,,,rotation,rotation,,,,
7239,act_74_12,empty_room,2.4,1,,c,,,,,,jump,,,,
9529,act_97_25,empty_room,5.0,2,c,d,,,,,pick_up,sit_down,,,,
8569,act_87_55,empty_room,2.4,4,b,,d,,a,c,nothing,,walk,,rotation,nothing
8590,act_87_76,empty_room,2.4,4,d,,a,,c,e,jump,,jump,,wave,jump
412,act_5_16,classroom,2.4,1,,,,,a,,,,,,walk,
614,act_7_20,classroom,2.4,2,c,d,,,,,walk,rotation,,,,
848,act_9_56,classroom,2.4,2,,,,,a,b,,,,,jump,walk
4100,act_42_41,meeting_room,2.4,1,,,,,,e,,,,,,wave
6652,act_68_19,meeting_room,5.0,4,,d,,a,b,c,,walk,,jump,wave,nothing
1431,act_15_45,classroom,2.4,4,e,,b,,d,a,stand_up,,walk,,jump,nothing
8543,act_87_29,empty_room,2.4,4,d,,a,,c,e,walk,,jump,,lie_down,rotation
10674,act_108_81,empty_room,5.0,5,d,,a,b,c,e,stand_up,,stand_up,nothing,nothing,stand_up
9895,act_100_94,empty_room,5.0,3,a,b,c,,,,jump,jump,jump,,,
5027,act_51_77,meeting_room,2.4,4,d,,a,,c,e,wave,,wave,,lie_down,wave
10975,act_203_85,meeting_room,2.4,0,,,,,,,,,,,,
4282,act_44_25,meeting_room,2.4,2,,,e,a,,,,,stand_up,nothing,,
10291,act_104_94,empty_room,5.0,4,,b,,d,e,a,,jump,,jump,jump,jump
7198,act_73_70,empty_room,2.4,1,c,,,,,,pick_up,,,,,
10484,act_106_89,empty_room,5.0,5,e,a,b,c,d,,sit_down,sit_down,sit_down,sit_down,stand_up,
1418,act_15_32,classroom,2.4,4,d,,a,,c,e,wave,,pick_up,,stand_up,lie_down
8188,act_83_70,empty_room,2.4,3,,d,,a,,c,,pick_up,,sit_down,,pick_up
3678,act_38_15,meeting_room,2.4,1,,c,,,,,,pick_up,,,,
4550,act_46_95,meeting_room,2.4,3,a,b,c,,,,wave,wave,wave,,,
605,act_7_11,classroom,2.4,2,b,c,,,,,walk,rotation,,,,
1273,act_13_85,classroom,2.4,4,e,a,b,c,,,jump,jump,jump,jump,,
10778,act_201_86,classroom,2.4,0,,,,,,,,,,,,
8102,act_82_83,empty_room,2.4,3,e,a,b,,,,walk,walk,walk,,,
6508,act_66_73,meeting_room,5.0,3,d,,,,c,e,nothing,,,,walk,nothing
6809,act_69_77,meeting_room,5.0,4,d,,a,,c,e,wave,,wave,,lie_down,wave
2312,act_24_35,classroom,5.0,1,,,,,,d,,,,,,sit_down
8427,act_86_12,empty_room,2.4,4,,c,,e,a,b,,jump,,lie_down,pick_up,rotation
248,act_3_50,classroom,2.4,1,,,c,,,,,,lie_down,,,
7018,act_71_88,meeting_room,5.0,5,,a,b,c,d,e,,pick_up,pick_up,pick_up,sit_down,pick_up
2901,act_30_30,classroom,5.0,3,d,,,,c,e,rotation,,,,pick_up,jump
1983,act_21_3,classroom,5.0,1,,,c,,,,,,wave,,,
4344,act_44_87,meeting_room,2.4,2,,,b,c,,,,,lie_down,lie_down,,
6815,act_69_83,meeting_room,5.0,4,e,,b,,d,a,walk,,walk,,rotation,walk
200,act_3_2,classroom,2.4,1,,,c,,,,,,jump,,,
5153,act_53_5,meeting_room,2.4,5,,b,c,d,e,a,,lie_down,pick_up,sit_down,stand_up,wave
486,act_5_90,classroom,2.4,1,,,,,d,,,,,,nothing,
2880,act_30_9,classroom,5.0,3,a,,,,e,b,stand_up,,,,jump,nothing
7934,act_81_14,empty_room,2.4,2,,,,,a,b,,,,,stand_up,wave
7744,act_79_22,empty_room,2.4,2,c,d,,,,,jump,wave,,,,
6356,act_65_20,meeting_room,5.0,3,,d,,a,,c,,rotation,,wave,,walk
2824,act_29_52,classroom,5.0,3,,b,,d,,a,,pick_up,,sit_down,,pick_up
456,act_5_60,classroom,2.4,1,,,,,a,,,,,,sit_down,
11058,act_204_69,meeting_room,5.0,0,,,,,,,,,,,,
9971,act_101_71,empty_room,5.0,3,,d,,a,,c,,sit_down,,stand_up,,sit_down
3246,act_33_78,classroom,5.0,4,d,,a,,c,e,lie_down,,lie_down,,pick_up,lie_down
358,act_4_61,classroom,2.4,1,,,,e,,,,,,sit_down,,
1722,act_18_39,classroom,2.4,5,e,,b,c,d,a,rotation,,wave,lie_down,pick_up,jump
7967,act_81_47,empty_room,2.4,2,,,,,e,a,,,,,jump,walk
3750,act_38_87,meeting_room,2.4,1,,a,,,,,,lie_down,,,,
6587,act_67_53,meeting_room,5.0,4,a,b,c,d,,,sit_down,sit_down,stand_up,stand_up,,
10856,act_202_65,classroom,5.0,0,,,,,,,,,,,,
9229,act_94_22,empty_room,5.0,1,,,,a,,,,,,pick_up,,
2795,act_29_23,classroom,5.0,3,,d,,a,,c,,lie_down,,sit_down,,wave
4124,act_42_65,meeting_room,2.4,1,,,,,,c,,,,,,walk
7349,act_75_23,empty_room,2.4,1,,,e,,,,,,pick_up,,,
10576,act_107_82,empty_room,5.0,5,,a,b,c,d,e,,nothing,nothing,nothing,walk,nothing
525,act_6_30,classroom,2.4,1,,,,,,d,,,,,,rotation
863,act_9_71,classroom,2.4,2,,,,,b,c,,,,,stand_up,sit_down
2095,act_22_16,classroom,5.0,1,,,,e,,,,,,nothing,,
948,act_10_57,classroom,2.4,3,b,c,d,,,,rotation,rotation,jump,,,
8650,act_88_37,empty_room,2.4,5,e,a,b,c,d,,nothing,walk,rotation,jump,wave,
1445,act_15_59,classroom,2.4,4,b,,d,,a,c,wave,,lie_down,,pick_up,wave
8960,act_91_50,empty_room,5.0,1,a,,,,,,wave,,,,,
1281,act_13_93,classroom,2.4,4,a,b,c,d,,,rotation,rotation,rotation,rotation,,
10615,act_108_22,empty_room,5.0,5,c,,e,a,b,d,jump,,lie_down,pick_up,sit_down,wave
123,act_2_24,classroom,2.4,1,,d,,,,,,pick_up,,,,
10672,act_108_79,empty_room,5.0,5,d,,a,b,c,e,pick_up,,pick_up,sit_down,sit_down,pick_up
10865,act_202_74,classroom,5.0,0,,,,,,,,,,,,
6180,act_63_42,meeting_room,5.0,2,,,,,d,e,,,,,nothing,lie_down
5654,act_58_11,meeting_room,5.0,1,,,,e,,,,,,wave,,
9320,act_95_14,empty_room,5.0,1,,,,,a,,,,,,stand_up,
7476,act_76_51,empty_room,2.4,1,,,,d,,,,,,pick_up,,
2303,act_24_26,classroom,5.0,1,,,,,,c,,,,,,sit_down
5973,act_61_33,meeting_room,5.0,2,d,e,,,,,lie_down,pick_up,,,,
10641,act_108_48,empty_room,5.0,5,a,,c,d,e,b,rotation,,jump,jump,wave,rotation
8501,act_86_86,empty_room,2.4,4,,a,,c,d,e,,wave,,wave,lie_down,wave
2005,act_21_25,classroom,5.0,1,,,e,,,,,,stand_up,,,
6195,act_63_57,meeting_room,5.0,2,,,,,a,b,,,,,wave,rotation
10208,act_104_11,empty_room,5.0,4,,c,,e,a,b,,rotation,,wave,lie_down,walk
1006,act_11_16,classroom,2.4,3,,c,,e,,b,,sit_down,,nothing,,pick_up
3461,act_35_95,classroom,5.0,5,,b,c,d,e,a,,wave,wave,wave,wave,wave
3834,act_39_72,meeting_room,2.4,1,,,e,,,,,,stand_up,,,
8041,act_82_22,empty_room,2.4,3,c,d,e,,,,jump,wave,lie_down,,,
10144,act_103_46,empty_room,5.0,4,a,b,c,d,,,nothing,nothing,walk,walk,,
3056,act_31_86,classroom,5.0,4,e,a,b,c,,,wave,wave,wave,wave,,
2886,act_30_15,classroom,5.0,3,b,,,,a,c,lie_down,,,,nothing,pick_up
3567,act_37_3,meeting_room,2.4,1,a,,,,,,rotation,,,,,
3956,act_40_95,meeting_room,2.4,1,,,,d,,,,,,wave,,
2133,act_22_54,classroom,5.0,1,,,,d,,,,,,nothing,,
10340,act_105_44,empty_room,5.0,4,e,,b,,d,a,sit_down,,nothing,,rotation,stand_up
8607,act_87_93,empty_room,2.4,4,a,,c,,e,b,rotation,,rotation,,rotation,rotation
10828,act_202_37,classroom,5.0,0,,,,,,,,,,,,
10005,act_102_6,empty_room,5.0,3,a,,,,e,b,lie_down,,,,nothing,pick_up
2058,act_21_78,classroom,5.0,1,,,a,,,,,,lie_down,,,
6715,act_68_82,meeting_room,5.0,4,,a,,c,d,e,,nothing,,nothing,walk,nothing
189,act_2_90,classroom,2.4,1,,a,,,,,,stand_up,,,,
230,act_3_32,classroom,2.4,1,,,a,,,,,,pick_up,,,
9034,act_92_25,empty_room,5.0,1,,d,,,,,,sit_down,,,,
9345,act_95_39,empty_room,5.0,1,,,,,d,,,,,,pick_up,
10313,act_105_17,empty_room,5.0,4,b,,d,,a,c,sit_down,,nothing,,rotation,stand_up
7633,act_78_10,empty_room,2.4,1,,,,,,b,,,,,,nothing
7136,act_73_8,empty_room,2.4,1,a,,,,,,sit_down,,,,,
3008,act_31_38,classroom,5.0,4,e,a,b,c,,,walk,rotation,jump,wave,,
5065,act_52_16,meeting_room,2.4,5,b,c,d,e,a,,pick_up,sit_down,stand_up,nothing,walk,
9035,act_92_26,empty_room,5.0,1,,d,,,,,,stand_up,,,,
9454,act_96_49,empty_room,5.0,1,,,,,,a,,,,,,jump
210,act_3_12,classroom,2.4,1,,,d,,,,,,wave,,,
11209,act_206_22,empty_room,5.0,0,,,,,,,,,,,,
2751,act_28_78,classroom,5.0,3,d,e,a,,,,lie_down,lie_down,lie_down,,,
5649,act_58_6,meeting_room,5.0,1,,,,d,,,,,,stand_up,,
6537,act_67_3,meeting_room,5.0,4,a,b,c,d,,,rotation,jump,wave,lie_down,,
4707,act_48_54,meeting_room,2.4,3,a,,,,e,b,stand_up,,,,walk,stand_up
4722,act_48_69,meeting_room,2.4,3,c,,,,b,d,lie_down,,,,pick_up,lie_down
281,act_3_83,classroom,2.4,1,,,b,,,,,,walk,,,
2945,act_30_74,classroom,5.0,3,d,,,,c,e,walk,,,,rotation,walk
9444,act_96_39,empty_room,5.0,1,,,,,,e,,,,,,rotation
11214,act_206_27,empty_room,5.0,0,,,,,,,,,,,,
2719,act_28_46,classroom,5.0,3,a,b,c,,,,nothing,nothing,walk,,,
9357,act_95_51,empty_room,5.0,1,,,,,e,,,,,,sit_down,
6111,act_62_72,meeting_room,5.0,2,,,e,a,,,,,stand_up,nothing,,
8204,act_83_86,empty_room,2.4,3,,a,,c,,e,,wave,,wave,,wave
1729,act_18_46,classroom,2.4,5,a,,c,d,e,b,nothing,,walk,walk,rotation,nothing
5323,act_54_76,meeting_room,2.4,5,d,,a,b,c,e,jump,,jump,wave,wave,jump
338,act_4_41,classroom,2.4,1,,,,c,,,,,,sit_down,,
6358,act_65_22,meeting_room,5.0,3,,d,,a,,c,,wave,,pick_up,,jump
4443,act_45_87,meeting_room,2.4,2,,,,,d,e,,,,,pick_up,lie_down
2651,act_27_77,classroom,5.0,2,,,,,c,d,,,,,lie_down,wave
5578,act_57_34,meeting_room,5.0,1,,,a,,,,,,stand_up,,,
9623,act_98_20,empty_room,5.0,2,,,e,a,,,,,jump,wave,,
8702,act_88_89,empty_room,2.4,5,e,a,b,c,d,,sit_down,sit_down,sit_down,sit_down,stand_up,
6490,act_66_55,meeting_room,5.0,3,b,,,,a,c,nothing,,,,rotation,nothing
4025,act_41_65,meeting_room,2.4,1,,,,,b,,,,,,rotation,
5101,act_52_52,meeting_room,2.4,5,a,b,c,d,e,,pick_up,pick_up,sit_down,sit_down,stand_up,
9302,act_94_95,empty_room,5.0,1,,,,d,,,,,,wave,,
3483,act_36_18,classroom,5.0,5,b,,d,e,a,c,stand_up,,walk,rotation,jump,nothing
1227,act_13_39,classroom,2.4,4,e,a,b,c,,,rotation,jump,wave,lie_down,,
10545,act_107_51,empty_room,5.0,5,,b,c,d,e,a,,lie_down,pick_up,pick_up,sit_down,lie_down
5501,act_56_56,meeting_room,5.0,1,,c,,,,,,walk,,,,
2145,act_22_66,classroom,5.0,1,,,,a,,,,,,jump,,
10065,act_102_66,empty_room,5.0,3,c,,,,b,d,rotation,,,,jump,rotation
10464,act_106_69,empty_room,5.0,5,c,d,e,a,b,,lie_down,lie_down,lie_down,pick_up,pick_up,
6952,act_71_22,meeting_room,5.0,5,,d,e,a,b,c,,wave,lie_down,pick_up,sit_down,jump
2112,act_22_33,classroom,5.0,1,,,,b,,,,,,stand_up,,
5701,act_58_58,meeting_room,5.0,1,,,,e,,,,,,wave,,
10205,act_104_8,empty_room,5.0,4,,b,,d,e,a,,stand_up,,walk,rotation,sit_down
6067,act_62_28,meeting_room,5.0,2,,,a,b,,,,,rotation,jump,,
4327,act_44_70,meeting_room,2.4,2,,,e,a,,,,,pick_up,sit_down,,
3111,act_32_42,classroom,5.0,4,,a,,c,d,e,,pick_up,,stand_up,nothing,lie_down
9084,act_92_75,empty_room,5.0,1,,e,,,,,,rotation,,,,
1018,act_11_28,classroom,2.4,3,,e,,b,,d,,walk,,jump,,nothing
9148,act_93_40,empty_room,5.0,1,,,b,,,,,,lie_down,,,
182,act_2_83,classroom,2.4,1,,a,,,,,,walk,,,,
6396,act_65_60,meeting_room,5.0,3,,c,,e,,b,,lie_down,,pick_up,,lie_down
3648,act_37_84,meeting_room,2.4,1,e,,,,,,rotation,,,,,
1929,act_20_48,classroom,5.0,1,,b,,,,,,rotation,,,,
5313,act_54_66,meeting_room,2.4,5,c,,e,a,b,d,rotation,,rotation,jump,jump,rotation
351,act_4_54,classroom,2.4,1,,,,d,,,,,,nothing,,
6235,act_63_97,meeting_room,5.0,2,,,,,e,a,,,,,pick_up,pick_up
2202,act_23_24,classroom,5.0,1,,,,,b,,,,,,nothing,
8998,act_91_88,empty_room,5.0,1,e,,,,,,pick_up,,,,,
1935,act_20_54,classroom,5.0,1,,b,,,,,,stand_up,,,,
10549,act_107_55,empty_room,5.0,5,,c,d,e,a,b,,nothing,walk,walk,rotation,nothing
11201,act_206_14,empty_room,5.0,0,,,,,,,,,,,,
9569,act_97_65,empty_room,5.0,2,c,d,,,,,walk,walk,,,,
7991,act_81_71,empty_room,2.4,2,,,,,b,c,,,,,stand_up,sit_down
6506,act_66_71,meeting_room,5.0,3,c,,,,b,d,sit_down,,,,stand_up,sit_down
9952,act_101_52,empty_room,5.0,3,,b,,d,,a,,pick_up,,sit_down,,pick_up
6424,act_65_88,meeting_room,5.0,3,,a,,c,,e,,pick_up,,pick_up,,pick_up
565,act_6_70,classroom,2.4,1,,,,,,c,,,,,,pick_up
1583,act_16_98,classroom,2.4,5,a,b,c,d,e,,sit_down,sit_down,sit_down,sit_down,sit_down,
4886,act_50_35,meeting_room,2.4,4,,e,,b,c,d,,stand_up,,walk,rotation,sit_down
5454,act_56_9,meeting_room,5.0,1,,b,,,,,,nothing,,,,
2176,act_22_97,classroom,5.0,1,,,,d,,,,,,pick_up,,
6223,act_63_85,meeting_room,5.0,2,,,,,d,e,,,,,wave,jump
2541,act_26_66,classroom,5.0,2,,,e,a,,,,,rotation,jump,,
9062,act_92_53,empty_room,5.0,1,,b,,,,,,sit_down,,,,
6880,act_70_49,meeting_room,5.0,5,a,b,c,d,e,,jump,jump,wave,wave,lie_down,
6246,act_64_9,meeting_room,5.0,3,a,b,c,,,,stand_up,nothing,walk,,,
10926,act_203_36,meeting_room,2.4,0,,,,,,,,,,,,
2708,act_28_35,classroom,5.0,3,d,e,a,,,,sit_down,stand_up,nothing,,,
3373,act_35_7,classroom,5.0,5,,b,c,d,e,a,,sit_down,stand_up,nothing,walk,pick_up
11142,act_205_54,empty_room,2.4,0,,,,,,,,,,,,
2229,act_23_51,classroom,5.0,1,,,,,e,,,,,,sit_down,
1116,act_12_27,classroom,2.4,3,c,,,,b,d,stand_up,,,,jump,nothing
5033,act_51_83,meeting_room,2.4,4,e,,b,,d,a,walk,,walk,,rotation,walk
4177,act_43_19,meeting_room,2.4,2,c,d,,,,,nothing,walk,,,,
4706,act_48_53,meeting_room,2.4,3,a,,,,e,b,sit_down,,,,nothing,sit_down
3536,act_36_71,classroom,5.0,5,c,,e,a,b,d,sit_down,,sit_down,stand_up,stand_up,sit_down
4727,act_48_74,meeting_room,2.4,3,d,,,,c,e,walk,,,,rotation,walk
6444,act_66_9,meeting_room,5.0,3,a,,,,e,b,stand_up,,,,jump,nothing
5964,act_61_24,meeting_room,5.0,2,c,d,,,,,lie_down,pick_up,,,,
6818,act_69_86,meeting_room,5.0,4,e,,b,,d,a,wave,,wave,,lie_down,wave
3740,act_38_77,meeting_room,2.4,1,,e,,,,,,wave,,,,
4339,act_44_82,meeting_room,2.4,2,,,b,c,,,,,nothing,nothing,,
8841,act_90_30,empty_room,2.4,5,d,,a,b,c,e,rotation,,wave,lie_down,pick_up,jump
3430,act_35_64,classroom,5.0,5,,d,e,a,b,c,,nothing,nothing,walk,walk,nothing
822,act_9_30,classroom,2.4,2,,,,,c,d,,,,,pick_up,rotation
2064,act_21_84,classroom,5.0,1,,,b,,,,,,rotation,,,
2273,act_23_95,classroom,5.0,1,,,,,e,,,,,,wave,
9869,act_100_68,empty_room,5.0,3,c,d,e,,,,wave,wave,wave,,,
82,act_1_82,classroom,2.4,1,e,,,,,,nothing,,,,,
1324,act_14_37,classroom,2.4,4,,a,,c,d,e,,walk,,jump,wave,nothing
6748,act_69_16,meeting_room,5.0,4,b,,d,,a,c,pick_up,,stand_up,,walk,sit_down
3707,act_38_44,meeting_room,2.4,1,,a,,,,,,stand_up,,,,
5525,act_56_80,meeting_room,5.0,1,,e,,,,,,sit_down,,,,
1615,act_17_31,classroom,2.4,5,,e,a,b,c,d,,wave,lie_down,pick_up,sit_down,jump
2698,act_28_25,classroom,5.0,3,c,d,e,,,,pick_up,sit_down,stand_up,,,
832,act_9_40,classroom,2.4,2,,,,,d,e,,,,,sit_down,jump
7783,act_79_61,empty_room,2.4,2,b,c,,,,,pick_up,pick_up,,,,
3827,act_39_65,meeting_room,2.4,1,,,e,,,,,,walk,,,
9961,act_101_61,empty_room,5.0,3,,c,,e,,b,,pick_up,,sit_down,,pick_up
6579,act_67_45,meeting_room,5.0,4,e,a,b,c,,,stand_up,nothing,walk,rotation,,
2421,act_25_45,classroom,5.0,2,e,a,,,,,stand_up,nothing,,,,
6214,act_63_76,meeting_room,5.0,2,,,,,c,d,,,,,wave,jump
8177,act_83_59,empty_room,2.4,3,,c,,e,,b,,wave,,lie_down,,wave
2834,act_29_62,classroom,5.0,3,,c,,e,,b,,sit_down,,stand_up,,sit_down
6792,act_69_60,meeting_room,5.0,4,b,,d,,a,c,lie_down,,pick_up,,sit_down,lie_down
10490,act_106_95,empty_room,5.0,5,a,b,c,d,e,,wave,wave,wave,wave,wave,
4302,act_44_45,meeting_room,2.4,2,,,b,c,,,,,walk,rotation,,
1650,act_17_66,classroom,2.4,5,,d,e,a,b,c,,rotation,rotation,jump,jump,rotation
6175,act_63_37,meeting_room,5.0,2,,,,,d,e,,,,,wave,nothing
9510,act_97_6,empty_room,5.0,2,a,b,,,,,lie_down,pick_up,,,,
9955,act_101_55,empty_room,5.0,3,,c,,e,,b,,nothing,,walk,,nothing
49,act_1_49,classroom,2.4,1,a,,,,,,jump,,,,,
8769,act_89_57,empty_room,2.4,5,,c,d,e,a,b,,rotation,jump,jump,wave,rotation
6551,act_67_17,meeting_room,5.0,4,b,c,d,e,,,sit_down,stand_up,nothing,walk,,
6128,act_62_89,meeting_room,5.0,2,,,b,c,,,,,sit_down,sit_down,,
8383,act_85_67,empty_room,2.4,4,c,d,e,a,,,jump,jump,jump,wave,,
8645,act_88_32,empty_room,2.4,5,d,e,a,b,c,,wave,lie_down,pick_up,sit_down,stand_up,
9637,act_98_34,empty_room,5.0,2,,,a,b,,,,,stand_up,nothing,,
8705,act_88_92,empty_room,2.4,5,a,b,c,d,e,,walk,walk,walk,walk,walk,
8496,act_86_81,empty_room,2.4,4,,e,,b,c,d,,stand_up,,nothing,nothing,stand_up
6495,act_66_60,meeting_room,5.0,3,b,,,,a,c,lie_down,,,,sit_down,lie_down
2690,act_28_17,classroom,5.0,3,b,c,d,,,,sit_down,stand_up,nothing,,,
4986,act_51_36,meeting_room,2.4,4,d,,a,,c,e,stand_up,,walk,,jump,nothing
6728,act_68_95,meeting_room,5.0,4,,b,,d,e,a,,wave,,wave,wave,wave
750,act_8_57,classroom,2.4,2,,,d,e,,,,,jump,jump,,
6742,act_69_10,meeting_room,5.0,4,b,,d,,a,c,nothing,,rotation,,wave,walk
10204,act_104_7,empty_room,5.0,4,,b,,d,e,a,,sit_down,,nothing,walk,pick_up
2374,act_24_97,classroom,5.0,1,,,,,,a,,,,,,pick_up
2443,act_25_67,classroom,5.0,2,c,d,,,,,jump,jump,,,,
5986,act_61_46,meeting_room,5.0,2,a,b,,,,,nothing,nothing,,,,
3729,act_38_66,meeting_room,2.4,1,,d,,,,,,rotation,,,,
6428,act_65_92,meeting_room,5.0,3,,b,,d,,a,,walk,,walk,,walk
2759,act_28_86,classroom,5.0,3,e,a,b,,,,wave,wave,wave,,,
4030,act_41_70,meeting_room,2.4,1,,,,,b,,,,,,sit_down,
6381,act_65_45,meeting_room,5.0,3,,a,,c,,e,,nothing,,rotation,,stand_up
9441,act_96_36,empty_room,5.0,1,,,,,,d,,,,,,stand_up
10289,act_104_92,empty_room,5.0,4,,b,,d,e,a,,walk,,walk,walk,walk
5759,act_59_17,meeting_room,5.0,1,,,,,a,,,,,,rotation,
4824,act_49_72,meeting_room,2.4,4,c,d,e,a,,,stand_up,stand_up,stand_up,nothing,,
9029,act_92_20,empty_room,5.0,1,,d,,,,,,rotation,,,,
8082,act_82_63,empty_room,2.4,3,b,c,d,,,,stand_up,stand_up,nothing,,,
3881,act_40_20,meeting_room,2.4,1,,,,a,,,,,,wave,,
6954,act_71_24,meeting_room,5.0,5,,d,e,a,b,c,,pick_up,sit_down,stand_up,nothing,lie_down
9431,act_96_26,empty_room,5.0,1,,,,,,c,,,,,,sit_down
10686,act_108_93,empty_room,5.0,5,a,,c,d,e,b,rotation,,rotation,rotation,rotation,rotation
6134,act_62_95,meeting_room,5.0,2,,,c,d,,,,,wave,wave,,
3659,act_37_95,meeting_room,2.4,1,a,,,,,,wave,,,,,
10360,act_105_64,empty_room,5.0,4,c,,e,,b,d,nothing,,nothing,,walk,nothing
6623,act_67_89,meeting_room,5.0,4,e,a,b,c,,,sit_down,sit_down,sit_down,sit_down,,
3651,act_37_87,meeting_room,2.4,1,e,,,,,,lie_down,,,,,
6334,act_64_97,meeting_room,5.0,3,a,b,c,,,,pick_up,pick_up,pick_up,,,
1140,act_12_51,classroom,2.4,3,a,,,,e,b,lie_down,,,,sit_down,lie_down
3946,act_40_85,meeting_room,2.4,1,,,,c,,,,,,jump,,
10697,act_201_5,classroom,2.4,0,,,,,,,,,,,,
2232,act_23_54,classroom,5.0,1,,,,,e,,,,,,walk,
2165,act_22_86,classroom,5.0,1,,,,c,,,,,,wave,,
2887,act_30_16,classroom,5.0,3,b,,,,a,c,pick_up,,,,walk,sit_down
6861,act_70_30,meeting_room,5.0,5,d,e,a,b,c,,rotation,jump,wave,lie_down,pick_up,
8141,act_83_23,empty_room,2.4,3,,d,,a,,c,,lie_down,,sit_down,,wave
2778,act_29_6,classroom,5.0,3,,b,,d,,a,,pick_up,,stand_up,,lie_down
7637,act_78_14,empty_room,2.4,1,,,,,,b,,,,,,wave
8815,act_90_4,empty_room,2.4,5,a,,c,d,e,b,jump,,lie_down,pick_up,sit_down,wave
10013,act_102_14,empty_room,5.0,3,b,,,,a,c,wave,,,,stand_up,lie_down
1571,act_16_86,classroom,2.4,5,e,a,b,c,d,,wave,wave,wave,wave,lie_down,
173,act_2_74,classroom,2.4,1,,e,,,,,,walk,,,,
640,act_7_46,classroom,2.4,2,a,b,,,,,nothing,nothing,,,,
6274,act_64_37,meeting_room,5.0,3,e,a,b,,,,nothing,walk,rotation,,,
5509,act_56_64,meeting_room,5.0,1,,d,,,,,,nothing,,,,
2088,act_22_9,classroom,5.0,1,,,,d,,,,,,rotation,,
3129,act_32_60,classroom,5.0,4,,c,,e,a,b,,lie_down,,pick_up,sit_down,lie_down
2401,act_25_25,classroom,5.0,2,c,d,,,,,pick_up,sit_down,,,,
5825,act_59_83,meeting_room,5.0,1,,,,,d,,,,,,rotation,
1144,act_12_55,classroom,2.4,3,b,,,,a,c,nothing,,,,rotation,nothing
8064,act_82_45,empty_room,2.4,3,e,a,b,,,,stand_up,nothing,walk,,,
6598,act_67_64,meeting_room,5.0,4,c,d,e,a,,,nothing,nothing,nothing,walk,,
6281,act_64_44,meeting_room,5.0,3,e,a,b,,,,sit_down,stand_up,nothing,,,
9458,act_96_53,empty_room,5.0,1,,,,,,a,,,,,,sit_down
4234,act_43_76,meeting_room,2.4,2,d,e,,,,,jump,jump,,,,
1833,act_19_51,classroom,5.0,1,a,,,,,,lie_down,,,,,
6525,act_66_90,meeting_room,5.0,3,e,,,,d,a,stand_up,,,,nothing,stand_up
5412,act_55_66,meeting_room,5.0,1,c,,,,,,rotation,,,,,
3687,act_38_24,meeting_room,2.4,1,,d,,,,,,pick_up,,,,
4563,act_47_9,meeting_room,2.4,3,,b,,d,,a,,nothing,,rotation,,stand_up
10307,act_105_11,empty_room,5.0,4,b,,d,,a,c,walk,,jump,,lie_down,rotation
10166,act_103_68,empty_room,5.0,4,c,d,e,a,,,wave,wave,wave,lie_down,,
10367,act_105_71,empty_room,5.0,4,c,,e,,b,d,sit_down,,sit_down,,stand_up,sit_down
4897,act_50_46,meeting_room,2.4,4,,b,,d,e,a,,nothing,,walk,rotation,nothing
5263,act_54_16,meeting_room,2.4,5,b,,d,e,a,c,pick_up,,stand_up,nothing,walk,sit_down
6454,act_66_19,meeting_room,5.0,3,c,,,,b,d,nothing,,,,wave,walk
835,act_9_43,classroom,2.4,2,,,,,d,e,,,,,walk,pick_up
2487,act_26_12,classroom,5.0,2,,,d,e,,,,,wave,lie_down,,
8451,act_86_36,empty_room,2.4,4,,e,,b,c,d,,nothing,,rotation,jump,stand_up
5021,act_51_71,meeting_room,2.4,4,c,,e,,b,d,sit_down,,sit_down,,stand_up,sit_down
9622,act_98_19,empty_room,5.0,2,,,e,a,,,,,rotation,jump,,
4831,act_49_79,meeting_room,2.4,4,d,e,a,b,,,pick_up,pick_up,pick_up,sit_down,,
4852,act_50_1,meeting_room,2.4,4,,b,,d,e,a,,walk,,jump,wave,nothing
5728,act_58_85,meeting_room,5.0,1,,,,c,,,,,,jump,,
820,act_9_28,classroom,2.4,2,,,,,c,d,,,,,wave,nothing
66,act_1_66,classroom,2.4,1,c,,,,,,rotation,,,,,
4464,act_46_9,meeting_room,2.4,3,a,b,c,,,,stand_up,nothing,walk,,,
3661,act_37_97,meeting_room,2.4,1,a,,,,,,pick_up,,,,,
4962,act_51_12,meeting_room,2.4,4,b,,d,,a,c,rotation,,wave,,pick_up,jump
9071,act_92_62,empty_room,5.0,1,,c,,,,,,sit_down,,,,
2025,act_21_45,classroom,5.0,1,,,b,,,,,,walk,,,
5453,act_56_8,meeting_room,5.0,1,,b,,,,,,stand_up,,,,
355,act_4_58,classroom,2.4,1,,,,e,,,,,,wave,,
10365,act_105_69,empty_room,5.0,4,c,,e,,b,d,lie_down,,lie_down,,pick_up,lie_down
5406,act_55_60,meeting_room,5.0,1,b,,,,,,lie_down,,,,,
4338,act_44_81,meeting_room,2.4,2,,,a,b,,,,,stand_up,nothing,,
1809,act_19_27,classroom,5.0,1,c,,,,,,stand_up,,,,,
8399,act_85_83,empty_room,2.4,4,e,a,b,c,,,walk,walk,walk,walk,,
4701,act_48_48,meeting_room,2.4,3,a,,,,e,b,rotation,,,,wave,rotation
5267,act_54_20,meeting_room,2.4,5,c,,e,a,b,d,walk,,jump,wave,lie_down,rotation
9162,act_93_54,empty_room,5.0,1,,,c,,,,,,nothing,,,
5255,act_54_8,meeting_room,2.4,5,a,,c,d,e,b,sit_down,,nothing,walk,rotation,stand_up
5503,act_56_58,meeting_room,5.0,1,,c,,,,,,jump,,,,
4386,act_45_30,meeting_room,2.4,2,,,,,c,d,,,,,pick_up,rotation
10074,act_102_75,empty_room,5.0,3,d,,,,c,e,rotation,,,,jump,rotation
473,act_5_77,classroom,2.4,1,,,,,c,,,,,,lie_down,
9900,act_100_99,empty_room,5.0,3,a,b,c,,,,stand_up,stand_up,stand_up,,,
3128,act_32_59,classroom,5.0,4,,c,,e,a,b,,wave,,lie_down,pick_up,wave
4116,act_42_57,meeting_room,2.4,1,,,,,,b,,,,,,rotation
6740,act_69_8,meeting_room,5.0,4,a,,c,,e,b,sit_down,,nothing,,rotation,stand_up
9211,act_94_4,empty_room,5.0,1,,,,d,,,,,,pick_up,,
4099,act_42_40,meeting_room,2.4,1,,,,,,e,,,,,,jump
8200,act_83_82,empty_room,2.4,3,,a,,c,,e,,nothing,,nothing,,nothing
869,act_9_77,classroom,2.4,2,,,,,c,d,,,,,lie_down,wave
6121,act_62_82,meeting_room,5.0,2,,,b,c,,,,,nothing,nothing,,
5169,act_53_21,meeting_room,2.4,5,,d,e,a,b,c,,jump,wave,lie_down,pick_up,rotation
8727,act_89_15,empty_room,2.4,5,,c,d,e,a,b,,pick_up,sit_down,stand_up,nothing,lie_down
1507,act_16_22,classroom,2.4,5,c,d,e,a,b,,jump,wave,lie_down,pick_up,sit_down,
6591,act_67_57,meeting_room,5.0,4,b,c,d,e,,,rotation,rotation,jump,jump,,
4984,act_51_34,meeting_room,2.4,4,d,,a,,c,e,pick_up,,stand_up,,walk,sit_down
8768,act_89_56,empty_room,2.4,5,,c,d,e,a,b,,walk,rotation,rotation,jump,walk
4111,act_42_52,meeting_room,2.4,1,,,,,,a,,,,,,pick_up
7645,act_78_22,empty_room,2.4,1,,,,,,c,,,,,,jump
9491,act_96_86,empty_room,5.0,1,,,,,,e,,,,,,wave
2771,act_28_98,classroom,5.0,3,a,b,c,,,,sit_down,sit_down,sit_down,,,
10541,act_107_47,empty_room,5.0,5,,b,c,d,e,a,,walk,rotation,rotation,jump,walk
6464,act_66_29,meeting_room,5.0,3,d,,,,c,e,walk,,,,lie_down,rotation
8085,act_82_66,empty_room,2.4,3,c,d,e,,,,rotation,rotation,rotation,,,
7204,act_73_76,empty_room,2.4,1,d,,,,,,jump,,,,,
7625,act_78_2,empty_room,2.4,1,,,,,,a,,,,,,walk
8158,act_83_40,empty_room,2.4,3,,a,,c,,e,,wave,,pick_up,,jump
3795,act_39_33,meeting_room,2.4,1,,,a,,,,,,sit_down,,,
3718,act_38_55,meeting_room,2.4,1,,c,,,,,,nothing,,,,
1076,act_11_86,classroom,2.4,3,,a,,c,,e,,wave,,wave,,wave
4191,act_43_33,meeting_room,2.4,2,d,e,,,,,lie_down,pick_up,,,,
5093,act_52_44,meeting_room,2.4,5,e,a,b,c,d,,sit_down,stand_up,nothing,walk,rotation,
9125,act_93_17,empty_room,5.0,1,,,d,,,,,,nothing,,,
3210,act_33_42,classroom,5.0,4,e,,b,,d,a,lie_down,,sit_down,,nothing,pick_up
10202,act_104_5,empty_room,5.0,4,,b,,d,e,a,,lie_down,,sit_down,stand_up,wave
3906,act_40_45,meeting_room,2.4,1,,,,c,,,,,,rotation,,
5493,act_56_48,meeting_room,5.0,1,,b,,,,,,rotation,,,,
4985,act_51_35,meeting_room,2.4,4,d,,a,,c,e,sit_down,,nothing,,rotation,stand_up
8527,act_87_13,empty_room,2.4,4,b,,d,,a,c,jump,,lie_down,,sit_down,wave
2380,act_25_4,classroom,5.0,2,a,b,,,,,jump,wave,,,,
7521,act_76_96,empty_room,2.4,1,,,,d,,,,,,lie_down,,
6970,act_71_40,meeting_room,5.0,5,,a,b,c,d,e,,wave,lie_down,pick_up,sit_down,jump
8424,act_86_9,empty_room,2.4,4,,b,,d,e,a,,nothing,,rotation,jump,stand_up
3429,act_35_63,classroom,5.0,5,,c,d,e,a,b,,stand_up,nothing,nothing,walk,stand_up
1102,act_12_13,classroom,2.4,3,b,,,,a,c,jump,,,,sit_down,wave
11020,act_204_31,meeting_room,5.0,0,,,,,,,,,,,,
7414,act_75_88,empty_room,2.4,1,,,b,,,,,,pick_up,,,
10768,act_201_76,classroom,2.4,0,,,,,,,,,,,,
8558,act_87_44,empty_room,2.4,4,e,,b,,d,a,sit_down,,nothing,,rotation,stand_up
3558,act_36_93,classroom,5.0,5,a,,c,d,e,b,rotation,,rotation,rotation,rotation,rotation
8651,act_88_38,empty_room,2.4,5,e,a,b,c,d,,walk,rotation,jump,wave,lie_down,
119,act_2_20,classroom,2.4,1,,d,,,,,,rotation,,,,
2023,act_21_43,classroom,5.0,1,,,b,,,,,,stand_up,,,
4140,act_42_81,meeting_room,2.4,1,,,,,,d,,,,,,stand_up
6453,act_66_18,meeting_room,5.0,3,b,,,,a,c,stand_up,,,,jump,nothing
9783,act_99_81,empty_room,5.0,2,,,,,c,d,,,,,nothing,stand_up
7589,act_77_65,empty_room,2.4,1,,,,,b,,,,,,rotation,
8038,act_82_19,empty_room,2.4,3,c,d,e,,,,nothing,walk,rotation,,,
11038,act_204_49,meeting_room,5.0,0,,,,,,,,,,,,
9616,act_98_13,empty_room,5.0,2,,,d,e,,,,,lie_down,pick_up,,
5365,act_55_19,meeting_room,5.0,1,c,,,,,,nothing,,,,,
88,act_1_88,classroom,2.4,1,e,,,,,,pick_up,,,,,
3383,act_35_17,classroom,5.0,5,,c,d,e,a,b,,stand_up,nothing,walk,rotation,sit_down
6804,act_69_72,meeting_room,5.0,4,c,,e,,b,d,stand_up,,stand_up,,nothing,stand_up
404,act_5_8,classroom,2.4,1,,,,,e,,,,,,rotation,
3351,act_34_84,classroom,5.0,5,e,a,b,c,d,,rotation,rotation,rotation,rotation,jump,
9408,act_96_3,empty_room,5.0,1,,,,,,a,,,,,,rotation
4314,act_44_57,meeting_room,2.4,2,,,d,e,,,,,jump,jump,,
7738,act_79_16,empty_room,2.4,2,b,c,,,,,pick_up,sit_down,,,,
2242,act_23_64,classroom,5.0,1,,,,,b,,,,,,walk,
11199,act_206_12,empty_room,5.0,0,,,,,,,,,,,,
11129,act_205_41,empty_room,2.4,0,,,,,,,,,,,,
1028,act_11_38,classroom,2.4,3,,a,,c,,e,,rotation,,wave,,walk
10957,act_203_67,meeting_room,2.4,0,,,,,,,,,,,,
6532,act_66_97,meeting_room,5.0,3,a,,,,e,b,pick_up,,,,pick_up,pick_up
2437,act_25_61,classroom,5.0,2,b,c,,,,,pick_up,pick_up,,,,
9060,act_92_51,empty_room,5.0,1,,b,,,,,,lie_down,,,,
1279,act_13_91,classroom,2.4,4,a,b,c,d,,,nothing,nothing,nothing,nothing,,
11205,act_206_18,empty_room,5.0,0,,,,,,,,,,,,
8242,act_84_25,empty_room,2.4,3,c,,,,b,d,pick_up,,,,walk,sit_down
1426,act_15_40,classroom,2.4,4,e,,b,,d,a,jump,,lie_down,,sit_down,wave
5844,act_60_3,meeting_room,5.0,1,,,,,,a,,,,,,rotation
1503,act_16_18,classroom,2.4,5,b,c,d,e,a,,stand_up,nothing,walk,rotation,jump,
10997,act_204_8,meeting_room,5.0,0,,,,,,,,,,,,
9672,act_98_69,empty_room,5.0,2,,,e,a,,,,,lie_down,pick_up,,
7445,act_76_20,empty_room,2.4,1,,,,a,,,,,,wave,,
9689,act_98_86,empty_room,5.0,2,,,b,c,,,,,wave,wave,,
679,act_7_85,classroom,2.4,2,e,a,,,,,jump,jump,,,,
7502,act_76_77,empty_room,2.4,1,,,,b,,,,,,lie_down,,
9051,act_92_42,empty_room,5.0,1,,a,,,,,,pick_up,,,,
5024,act_51_74,meeting_room,2.4,4,d,,a,,c,e,walk,,walk,,rotation,walk
1071,act_11_81,classroom,2.4,3,,e,,b,,d,,stand_up,,nothing,,stand_up
6640,act_68_7,meeting_room,5.0,4,,b,,d,e,a,,sit_down,,nothing,walk,pick_up
7640,act_78_17,empty_room,2.4,1,,,,,,b,,,,,,sit_down
9391,act_95_85,empty_room,5.0,1,,,,,d,,,,,,wave,
3393,act_35_27,classroom,5.0,5,,d,e,a,b,c,,nothing,walk,rotation,jump,stand_up
7503,act_76_78,empty_room,2.4,1,,,,b,,,,,,pick_up,,
5713,act_58_70,meeting_room,5.0,1,,,,a,,,,,,sit_down,,
9449,act_96_44,empty_room,5.0,1,,,,,,e,,,,,,sit_down
419,act_5_23,classroom,2.4,1,,,,,b,,,,,,stand_up,
6174,act_63_36,meeting_room,5.0,2,,,,,c,d,,,,,jump,stand_up
4481,act_46_26,meeting_room,2.4,3,c,d,e,,,,sit_down,stand_up,nothing,,,
1948,act_20_67,classroom,5.0,1,,d,,,,,,jump,,,,
3337,act_34_70,classroom,5.0,5,c,d,e,a,b,,pick_up,pick_up,pick_up,sit_down,sit_down,
2300,act_24_23,classroom,5.0,1,,,,,,c,,,,,,wave
5782,act_59_40,meeting_room,5.0,1,,,,,d,,,,,,sit_down,
7117,act_72_88,meeting_room,5.0,5,e,,b,c,d,a,pick_up,,pick_up,pick_up,sit_down,pick_up
209,act_3_11,classroom,2.4,1,,,d,,,,,,jump,,,
6404,act_65_68,meeting_room,5.0,3,,d,,a,,c,,wave,,lie_down,,wave
5228,act_53_80,meeting_room,2.4,5,,e,a,b,c,d,,sit_down,sit_down,stand_up,stand_up,sit_down
4680,act_48_27,meeting_room,2.4,3,c,,,,b,d,stand_up,,,,jump,nothing
529,act_6_34,classroom,2.4,1,,,,,,d,,,,,,pick_up
780,act_8_87,classroom,2.4,2,,,b,c,,,,,lie_down,lie_down,,
723,act_8_30,classroom,2.4,2,,,a,b,,,,,wave,lie_down,,
6585,act_67_51,meeting_room,5.0,4,a,b,c,d,,,lie_down,lie_down,pick_up,pick_up,,
1861,act_19_79,classroom,5.0,1,d,,,,,,pick_up,,,,,
9574,act_97_70,empty_room,5.0,2,c,d,,,,,pick_up,pick_up,,,,
10794,act_202_3,classroom,5.0,0,,,,,,,,,,,,
9563,act_97_59,empty_room,5.0,2,b,c,,,,,wave,wave,,,,
10240,act_104_43,empty_room,5.0,4,,a,,c,d,e,,sit_down,,nothing,walk,pick_up
1993,act_21_13,classroom,5.0,1,,,d,,,,,,lie_down,,,
2333,act_24_56,classroom,5.0,1,,,,,,b,,,,,,walk
9227,act_94_20,empty_room,5.0,1,,,,a,,,,,,wave,,
9282,act_94_75,empty_room,5.0,1,,,,b,,,,,,jump,,
4996,act_51_46,meeting_room,2.4,4,a,,c,,e,b,nothing,,walk,,rotation,nothing
3460,act_35_94,classroom,5.0,5,,b,c,d,e,a,,jump,jump,jump,jump,jump
7054,act_72_25,meeting_room,5.0,5,c,,e,a,b,d,pick_up,,stand_up,nothing,walk,sit_down
5921,act_60_80,meeting_room,5.0,1,,,,,,d,,,,,,sit_down
5993,act_61_53,meeting_room,5.0,2,a,b,,,,,sit_down,sit_down,,,,
8053,act_82_34,empty_room,2.4,3,d,e,a,,,,pick_up,sit_down,stand_up,,,
9414,act_96_9,empty_room,5.0,1,,,,,,a,,,,,,stand_up
258,act_3_60,classroom,2.4,1,,,d,,,,,,pick_up,,,
8612,act_87_98,empty_room,2.4,4,a,,c,,e,b,sit_down,,sit_down,,sit_down,sit_down
9728,act_99_26,empty_room,5.0,2,,,,,b,c,,,,,rotation,sit_down
9028,act_92_19,empty_room,5.0,1,,d,,,,,,walk,,,,
10326,act_105_30,empty_room,5.0,4,d,,a,,c,e,rotation,,wave,,pick_up,jump
3626,act_37_62,meeting_room,2.4,1,b,,,,,,sit_down,,,,,
703,act_8_10,classroom,2.4,2,,,d,e,,,,,rotation,jump,,
3190,act_33_22,classroom,5.0,4,c,,e,,b,d,jump,,lie_down,,sit_down,wave
504,act_6_9,classroom,2.4,1,,,,,,a,,,,,,stand_up
9957,act_101_57,empty_room,5.0,3,,c,,e,,b,,rotation,,jump,,rotation
7192,act_73_64,empty_room,2.4,1,c,,,,,,nothing,,,,,
9331,act_95_25,empty_room,5.0,1,,,,,b,,,,,,walk,
2249,act_23_71,classroom,5.0,1,,,,,b,,,,,,stand_up,
373,act_4_76,classroom,2.4,1,,,,b,,,,,,wave,,
4053,act_41_93,meeting_room,2.4,1,,,,,e,,,,,,rotation,
3938,act_40_77,meeting_room,2.4,1,,,,b,,,,,,lie_down,,
11165,act_205_77,empty_room,2.4,0,,,,,,,,,,,,
4077,act_42_18,meeting_room,2.4,1,,,,,,b,,,,,,stand_up
998,act_11_8,classroom,2.4,3,,b,,d,,a,,stand_up,,walk,,sit_down
1177,act_12_88,classroom,2.4,3,e,,,,d,a,pick_up,,,,sit_down,pick_up
10936,act_203_46,meeting_room,2.4,0,,,,,,,,,,,,
552,act_6_57,classroom,2.4,1,,,,,,b,,,,,,rotation
3498,act_36_33,classroom,5.0,5,d,,a,b,c,e,lie_down,,sit_down,stand_up,nothing,pick_up
11022,act_204_33,meeting_room,5.0,0,,,,,,,,,,,,
9262,act_94_55,empty_room,5.0,1,,,,e,,,,,,walk,,
5112,act_52_63,meeting_room,2.4,5,b,c,d,e,a,,stand_up,stand_up,nothing,nothing,walk,
8469,act_86_54,empty_room,2.4,4,,b,,d,e,a,,stand_up,,nothing,walk,stand_up
6848,act_70_17,meeting_room,5.0,5,b,c,d,e,a,,sit_down,stand_up,nothing,walk,rotation,
8116,act_82_97,empty_room,2.4,3,a,b,c,,,,pick_up,pick_up,pick_up,,,
7875,act_80_54,empty_room,2.4,2,,,c,d,,,,,nothing,nothing,,
7293,act_74_66,empty_room,2.4,1,,d,,,,,,rotation,,,,
694,act_8_1,classroom,2.4,2,,,c,d,,,,,rotation,jump,,
2534,act_26_59,classroom,5.0,2,,,d,e,,,,,lie_down,lie_down,,
3444,act_35_78,classroom,5.0,5,,e,a,b,c,d,,lie_down,lie_down,pick_up,pick_up,lie_down
983,act_10_92,classroom,2.4,3,a,b,c,,,,walk,walk,walk,,,
4534,act_46_79,meeting_room,2.4,3,d,e,a,,,,pick_up,pick_up,pick_up,,,
10627,act_108_34,empty_room,5.0,5,d,,a,b,c,e,pick_up,,stand_up,nothing,walk,sit_down
4223,act_43_65,meeting_room,2.4,2,c,d,,,,,walk,walk,,,,
92,act_1_92,classroom,2.4,1,a,,,,,,walk,,,,,
2267,act_23_89,classroom,5.0,1,,,,,d,,,,,,stand_up,
7996,act_81_76,empty_room,2.4,2,,,,,c,d,,,,,wave,jump
6323,act_64_86,meeting_room,5.0,3,e,a,b,,,,wave,wave,wave,,,
262,act_3_64,classroom,2.4,1,,,e,,,,,,nothing,,,
3338,act_34_71,classroom,5.0,5,c,d,e,a,b,,sit_down,sit_down,sit_down,stand_up,stand_up,
9936,act_101_36,empty_room,5.0,3,,e,,b,,d,,nothing,,rotation,,stand_up
7238,act_74_11,empty_room,2.4,1,,c,,,,,,rotation,,,,
10829,act_202_38,classroom,5.0,0,,,,,,,,,,,,
446,act_5_50,classroom,2.4,1,,,,,e,,,,,,pick_up,
3556,act_36_91,classroom,5.0,5,a,,c,d,e,b,nothing,,nothing,nothing,nothing,nothing
2195,act_23_17,classroom,5.0,1,,,,,a,,,,,,rotation,
5719,act_58_76,meeting_room,5.0,1,,,,b,,,,,,wave,,
6498,act_66_63,meeting_room,5.0,3,b,,,,a,c,stand_up,,,,walk,stand_up
2868,act_29_96,classroom,5.0,3,,b,,d,,a,,lie_down,,lie_down,,lie_down
2527,act_26_52,classroom,5.0,2,,,c,d,,,,,sit_down,sit_down,,
6841,act_70_10,meeting_room,5.0,5,b,c,d,e,a,,nothing,walk,rotation,jump,wave,
7342,act_75_16,empty_room,2.4,1,,,d,,,,,,stand_up,,,
11059,act_204_70,meeting_room,5.0,0,,,,,,,,,,,,
1169,act_12_80,classroom,2.4,3,d,,,,c,e,sit_down,,,,stand_up,sit_down
4145,act_42_86,meeting_room,2.4,1,,,,,,e,,,,,,wave
85,act_1_85,classroom,2.4,1,e,,,,,,jump,,,,,
3150,act_32_81,classroom,5.0,4,,e,,b,c,d,,stand_up,,nothing,nothing,stand_up
7572,act_77_48,empty_room,2.4,1,,,,,e,,,,,,wave,
881,act_9_89,classroom,2.4,2,,,,,d,e,,,,,stand_up,sit_down
10076,act_102_77,empty_room,5.0,3,d,,,,c,e,wave,,,,lie_down,wave
4827,act_49_75,meeting_room,2.4,4,d,e,a,b,,,rotation,rotation,rotation,jump,,
1468,act_15_82,classroom,2.4,4,e,,b,,d,a,nothing,,nothing,,walk,nothing
9259,act_94_52,empty_room,5.0,1,,,,d,,,,,,sit_down,,
6106,act_62_67,meeting_room,5.0,2,,,e,a,,,,,jump,wave,,
5965,act_61_25,meeting_room,5.0,2,c,d,,,,,pick_up,sit_down,,,,
4045,act_41_85,meeting_room,2.4,1,,,,,d,,,,,,wave,
4138,act_42_79,meeting_room,2.4,1,,,,,,d,,,,,,pick_up
3040,act_31_70,classroom,5.0,4,c,d,e,a,,,pick_up,pick_up,pick_up,sit_down,,
9993,act_101_93,empty_room,5.0,3,,b,,d,,a,,rotation,,rotation,,rotation
10433,act_106_38,empty_room,5.0,5,e,a,b,c,d,,walk,rotation,jump,wave,lie_down,
580,act_6_85,classroom,2.4,1,,,,,,e,,,,,,jump
7627,act_78_4,empty_room,2.4,1,,,,,,a,,,,,,jump
10855,act_202_64,classroom,5.0,0,,,,,,,,,,,,
9743,act_99_41,empty_room,5.0,2,,,,,d,e,,,,,stand_up,wave
9856,act_100_55,empty_room,5.0,3,b,c,d,,,,nothing,nothing,walk,,,
7169,act_73_41,empty_room,2.4,1,e,,,,,,wave,,,,,
4158,act_42_99,meeting_room,2.4,1,,,,,,a,,,,,,stand_up
9555,act_97_51,empty_room,5.0,2,a,b,,,,,lie_down,lie_down,,,,
414,act_5_18,classroom,2.4,1,,,,,a,,,,,,jump,
403,act_5_7,classroom,2.4,1,,,,,e,,,,,,walk,
2085,act_22_6,classroom,5.0,1,,,,d,,,,,,stand_up,,
3058,act_31_88,classroom,5.0,4,e,a,b,c,,,pick_up,pick_up,pick_up,pick_up,,
8461,act_86_46,empty_room,2.4,4,,b,,d,e,a,,nothing,,walk,rotation,nothing
165,act_2_66,classroom,2.4,1,,d,,,,,,rotation,,,,
10075,act_102_76,empty_room,5.0,3,d,,,,c,e,jump,,,,wave,jump
6546,act_67_12,meeting_room,5.0,4,b,c,d,e,,,rotation,jump,wave,lie_down,,
11005,act_204_16,meeting_room,5.0,0,,,,,,,,,,,,
3318,act_34_51,classroom,5.0,5,a,b,c,d,e,,lie_down,lie_down,pick_up,pick_up,sit_down,
9056,act_92_47,empty_room,5.0,1,,b,,,,,,walk,,,,
3935,act_40_74,meeting_room,2.4,1,,,,b,,,,,,rotation,,
6963,act_71_33,meeting_room,5.0,5,,e,a,b,c,d,,pick_up,sit_down,stand_up,nothing,lie_down
1335,act_14_48,classroom,2.4,4,,b,,d,e,a,,rotation,,jump,wave,rotation
8686,act_88_73,empty_room,2.4,5,d,e,a,b,c,,nothing,nothing,nothing,walk,walk,
754,act_8_61,classroom,2.4,2,,,d,e,,,,,sit_down,sit_down,,
3065,act_31_95,classroom,5.0,4,a,b,c,d,,,wave,wave,wave,wave,,
707,act_8_14,classroom,2.4,2,,,d,e,,,,,pick_up,sit_down,,
7282,act_74_55,empty_room,2.4,1,,c,,,,,,nothing,,,,
4300,act_44_43,meeting_room,2.4,2,,,b,c,,,,,stand_up,nothing,,
3152,act_32_83,classroom,5.0,4,,a,,c,d,e,,walk,,walk,rotation,walk
3800,act_39_38,meeting_room,2.4,1,,,b,,,,,,jump,,,
4023,act_41_63,meeting_room,2.4,1,,,,,a,,,,,,walk,
1075,act_11_85,classroom,2.4,3,,a,,c,,e,,jump,,jump,,jump
6934,act_71_4,meeting_room,5.0,5,,b,c,d,e,a,,wave,lie_down,pick_up,sit_down,jump
3439,act_35_73,classroom,5.0,5,,e,a,b,c,d,,nothing,nothing,walk,walk,nothing
10253,act_104_56,empty_room,5.0,4,,c,,e,a,b,,walk,,rotation,jump,walk
7074,act_72_45,meeting_room,5.0,5,e,,b,c,d,a,stand_up,,walk,rotation,jump,nothing
9150,act_93_42,empty_room,5.0,1,,,b,,,,,,sit_down,,,
2430,act_25_54,classroom,5.0,2,a,b,,,,,stand_up,stand_up,,,,
247,act_3_49,classroom,2.4,1,,,c,,,,,,wave,,,
3816,act_39_54,meeting_room,2.4,1,,,c,,,,,,nothing,,,
3633,act_37_69,meeting_room,2.4,1,c,,,,,,lie_down,,,,,
6890,act_70_59,meeting_room,5.0,5,b,c,d,e,a,,wave,wave,lie_down,lie_down,pick_up,
2263,act_23_85,classroom,5.0,1,,,,,d,,,,,,wave,
2247,act_23_69,classroom,5.0,1,,,,,b,,,,,,pick_up,
836,act_9_44,classroom,2.4,2,,,,,d,e,,,,,rotation,sit_down
433,act_5_37,classroom,2.4,1,,,,,d,,,,,,wave,
7360,act_75_34,empty_room,2.4,1,,,a,,,,,,stand_up,,,
1174,act_12_85,classroom,2.4,3,e,,,,d,a,jump,,,,wave,jump
4848,act_49_96,meeting_room,2.4,4,a,b,c,d,,,lie_down,lie_down,lie_down,lie_down,,
8640,act_88_27,empty_room,2.4,5,c,d,e,a,b,,stand_up,nothing,walk,rotation,jump,
7202,act_73_74,empty_room,2.4,1,d,,,,,,walk,,,,,
10527,act_107_33,empty_room,5.0,5,,e,a,b,c,d,,pick_up,sit_down,stand_up,nothing,lie_down
11044,act_204_55,meeting_room,5.0,0,,,,,,,,,,,,
9460,act_96_55,empty_room,5.0,1,,,,,,b,,,,,,nothing
4514,act_46_59,meeting_room,2.4,3,b,c,d,,,,wave,wave,lie_down,,,
10071,act_102_72,empty_room,5.0,3,c,,,,b,d,stand_up,,,,nothing,stand_up
7461,act_76_36,empty_room,2.4,1,,,,b,,,,,,rotation,,
2730,act_28_57,classroom,5.0,3,b,c,d,,,,rotation,rotation,jump,,,
11172,act_205_84,empty_room,2.4,0,,,,,,,,,,,,
434,act_5_38,classroom,2.4,1,,,,,d,,,,,,lie_down,
10667,act_108_74,empty_room,5.0,5,d,,a,b,c,e,walk,,walk,rotation,rotation,walk
10811,act_202_20,classroom,5.0,0,,,,,,,,,,,,
6197,act_63_59,meeting_room,5.0,2,,,,,a,b,,,,,pick_up,wave
6483,act_66_48,meeting_room,5.0,3,a,,,,e,b,rotation,,,,wave,rotation
6166,act_63_28,meeting_room,5.0,2,,,,,c,d,,,,,wave,nothing
8438,act_86_23,empty_room,2.4,4,,d,,a,b,c,,lie_down,,sit_down,stand_up,wave
4003,act_41_43,meeting_room,2.4,1,,,,,d,,,,,,walk,
1333,act_14_46,classroom,2.4,4,,b,,d,e,a,,nothing,,walk,rotation,nothing
6689,act_68_56,meeting_room,5.0,4,,c,,e,a,b,,walk,,rotation,jump,walk
5119,act_52_70,meeting_room,2.4,5,c,d,e,a,b,,pick_up,pick_up,pick_up,sit_down,sit_down,
6365,act_65_29,meeting_room,5.0,3,,e,,b,,d,,rotation,,wave,,walk
1444,act_15_58,classroom,2.4,4,b,,d,,a,c,jump,,wave,,lie_down,jump
5968,act_61_28,meeting_room,5.0,2,d,e,,,,,nothing,walk,,,,
4415,act_45_59,meeting_room,2.4,2,,,,,a,b,,,,,pick_up,wave
10807,act_202_16,classroom,5.0,0,,,,,,,,,,,,
6302,act_64_65,meeting_room,5.0,3,c,d,e,,,,walk,walk,walk,,,
5737,act_58_94,meeting_room,5.0,1,,,,d,,,,,,jump,,
8924,act_91_14,empty_room,5.0,1,b,,,,,,wave,,,,,
2570,act_26_95,classroom,5.0,2,,,c,d,,,,,wave,wave,,
4278,act_44_21,meeting_room,2.4,2,,,e,a,,,,,wave,lie_down,,
3667,act_38_4,meeting_room,2.4,1,,b,,,,,,wave,,,,
6307,act_64_70,meeting_room,5.0,3,c,d,e,,,,pick_up,pick_up,pick_up,,,
2447,act_25_71,classroom,5.0,2,c,d,,,,,sit_down,sit_down,,,,
4404,act_45_48,meeting_room,2.4,2,,,,,e,a,,,,,wave,rotation
10617,act_108_24,empty_room,5.0,5,c,,e,a,b,d,lie_down,,sit_down,stand_up,nothing,pick_up
9121,act_93_13,empty_room,5.0,1,,,d,,,,,,lie_down,,,
3173,act_33_5,classroom,5.0,4,a,,c,,e,b,wave,,pick_up,,stand_up,lie_down
1224,act_13_36,classroom,2.4,4,d,e,a,b,,,stand_up,nothing,walk,rotation,,
5939,act_60_98,meeting_room,5.0,1,,,,,,a,,,,,,sit_down
8440,act_86_25,empty_room,2.4,4,,d,,a,b,c,,sit_down,,nothing,walk,pick_up
545,act_6_50,classroom,2.4,1,,,,,,a,,,,,,wave
1205,act_13_17,classroom,2.4,4,b,c,d,e,,,sit_down,stand_up,nothing,walk,,
4672,act_48_19,meeting_room,2.4,3,c,,,,b,d,nothing,,,,wave,walk
5362,act_55_16,meeting_room,5.0,1,b,,,,,,pick_up,,,,,
10279,act_104_82,empty_room,5.0,4,,a,,c,d,e,,nothing,,nothing,walk,nothing
2638,act_27_64,classroom,5.0,2,,,,,b,c,,,,,walk,nothing
10930,act_203_40,meeting_room,2.4,0,,,,,,,,,,,,
5891,act_60_50,meeting_room,5.0,1,,,,,,a,,,,,,wave
10187,act_103_89,empty_room,5.0,4,e,a,b,c,,,sit_down,sit_down,sit_down,sit_down,,
5460,act_56_15,meeting_room,5.0,1,,c,,,,,,pick_up,,,,
9842,act_100_41,empty_room,5.0,3,e,a,b,,,,wave,lie_down,pick_up,,,
878,act_9_86,classroom,2.4,2,,,,,d,e,,,,,lie_down,wave
9171,act_93_63,empty_room,5.0,1,,,d,,,,,,nothing,,,
197,act_2_98,classroom,2.4,1,,b,,,,,,sit_down,,,,
11002,act_204_13,meeting_room,5.0,0,,,,,,,,,,,,
3384,act_35_18,classroom,5.0,5,,c,d,e,a,b,,nothing,walk,rotation,jump,stand_up
11079,act_204_90,meeting_room,5.0,0,,,,,,,,,,,,
9108,act_92_99,empty_room,5.0,1,,b,,,,,,stand_up,,,,
2998,act_31_28,classroom,5.0,4,d,e,a,b,,,nothing,walk,rotation,jump,,
6394,act_65_58,meeting_room,5.0,3,,c,,e,,b,,jump,,wave,,jump
2572,act_26_97,classroom,5.0,2,,,c,d,,,,,pick_up,pick_up,,
5004,act_51_54,meeting_room,2.4,4,a,,c,,e,b,stand_up,,nothing,,walk,stand_up
9742,act_99_40,empty_room,5.0,2,,,,,d,e,,,,,sit_down,jump
10583,act_107_89,empty_room,5.0,5,,a,b,c,d,e,,sit_down,sit_down,sit_down,stand_up,sit_down
4164,act_43_6,meeting_room,2.4,2,a,b,,,,,lie_down,pick_up,,,,
4399,act_45_43,meeting_room,2.4,2,,,,,d,e,,,,,walk,pick_up
7380,act_75_54,empty_room,2.4,1,,,c,,,,,,nothing,,,
8492,act_86_77,empty_room,2.4,4,,e,,b,c,d,,wave,,lie_down,lie_down,wave
2683,act_28_10,classroom,5.0,3,b,c,d,,,,nothing,walk,rotation,,,
2509,act_26_34,classroom,5.0,2,,,a,b,,,,,stand_up,nothing,,
4588,act_47_34,meeting_room,2.4,3,,e,,b,,d,,sit_down,,nothing,,pick_up
1511,act_16_26,classroom,2.4,5,c,d,e,a,b,,sit_down,stand_up,nothing,walk,rotation,
10959,act_203_69,meeting_room,2.4,0,,,,,,,,,,,,
9118,act_93_10,empty_room,5.0,1,,,d,,,,,,rotation,,,
1245,act_13_57,classroom,2.4,4,b,c,d,e,,,rotation,rotation,jump,jump,,
5830,act_59_88,meeting_room,5.0,1,,,,,d,,,,,,sit_down,
9953,act_101_53,empty_room,5.0,3,,b,,d,,a,,sit_down,,stand_up,,sit_down
4122,act_42_63,meeting_room,2.4,1,,,,,,b,,,,,,stand_up
8184,act_83_66,empty_room,2.4,3,,d,,a,,c,,rotation,,jump,,rotation
7269,act_74_42,empty_room,2.4,1,,a,,,,,,pick_up,,,,
9442,act_96_37,empty_room,5.0,1,,,,,,e,,,,,,nothing
10621,act_108_28,empty_room,5.0,5,d,,a,b,c,e,nothing,,rotation,jump,wave,walk
255,act_3_57,classroom,2.4,1,,,d,,,,,,jump,,,
9415,act_96_10,empty_room,5.0,1,,,,,,b,,,,,,nothing
9179,act_93_71,empty_room,5.0,1,,,e,,,,,,sit_down,,,
9327,act_95_21,empty_room,5.0,1,,,,,b,,,,,,pick_up,
760,act_8_67,classroom,2.4,2,,,e,a,,,,,jump,wave,,
655,act_7_61,classroom,2.4,2,b,c,,,,,pick_up,pick_up,,,,
6426,act_65_90,meeting_room,5.0,3,,a,,c,,e,,stand_up,,stand_up,,stand_up
3402,act_35_36,classroom,5.0,5,,e,a,b,c,d,,nothing,walk,rotation,jump,stand_up
1421,act_15_35,classroom,2.4,4,d,,a,,c,e,sit_down,,nothing,,rotation,stand_up
3045,act_31_75,classroom,5.0,4,d,e,a,b,,,rotation,rotation,rotation,jump,,
2831,act_29_59,classroom,5.0,3,,c,,e,,b,,wave,,lie_down,,wave
7106,act_72_77,meeting_room,5.0,5,d,,a,b,c,e,wave,,wave,lie_down,lie_down,wave
329,act_4_32,classroom,2.4,1,,,,b,,,,,,sit_down,,
7631,act_78_8,empty_room,2.4,1,,,,,,a,,,,,,sit_down
8457,act_86_42,empty_room,2.4,4,,a,,c,d,e,,pick_up,,stand_up,nothing,lie_down
4378,act_45_22,meeting_room,2.4,2,,,,,b,c,,,,,sit_down,jump
3020,act_31_50,classroom,5.0,4,a,b,c,d,,,wave,wave,lie_down,lie_down,,
3030,act_31_60,classroom,5.0,4,b,c,d,e,,,lie_down,lie_down,pick_up,pick_up,,
2637,act_27_63,classroom,5.0,2,,,,,a,b,,,,,walk,stand_up
7953,act_81_33,empty_room,2.4,2,,,,,c,d,,,,,nothing,lie_down
3019,act_31_49,classroom,5.0,4,a,b,c,d,,,jump,jump,wave,wave,,
2946,act_30_75,classroom,5.0,3,d,,,,c,e,rotation,,,,jump,rotation
3660,act_37_96,meeting_room,2.4,1,a,,,,,,lie_down,,,,,
7781,act_79_59,empty_room,2.4,2,b,c,,,,,wave,wave,,,,
9989,act_101_89,empty_room,5.0,3,,a,,c,,e,,sit_down,,sit_down,,sit_down
7534,act_77_10,empty_room,2.4,1,,,,,a,,,,,,wave,
2664,act_27_90,classroom,5.0,2,,,,,d,e,,,,,nothing,stand_up
4833,act_49_81,meeting_room,2.4,4,d,e,a,b,,,stand_up,stand_up,stand_up,nothing,,
1363,act_14_76,classroom,2.4,4,,e,,b,c,d,,jump,,wave,wave,jump
10693,act_201_1,classroom,2.4,0,,,,,,,,,,,,
3482,act_36_17,classroom,5.0,5,b,,d,e,a,c,sit_down,,nothing,walk,rotation,stand_up
10872,act_202_81,classroom,5.0,0,,,,,,,,,,,,
8280,act_84_63,empty_room,2.4,3,b,,,,a,c,stand_up,,,,walk,stand_up
9566,act_97_62,empty_room,5.0,2,b,c,,,,,sit_down,sit_down,,,,
4533,act_46_78,meeting_room,2.4,3,d,e,a,,,,lie_down,lie_down,lie_down,,,
8132,act_83_14,empty_room,2.4,3,,c,,e,,b,,lie_down,,sit_down,,wave
2881,act_30_10,classroom,5.0,3,b,,,,a,c,nothing,,,,wave,walk
3382,act_35_16,classroom,5.0,5,,c,d,e,a,b,,sit_down,stand_up,nothing,walk,pick_up
1303,act_14_16,classroom,2.4,4,,c,,e,a,b,,sit_down,,nothing,walk,pick_up
5336,act_54_89,meeting_room,2.4,5,e,,b,c,d,a,sit_down,,sit_down,sit_down,stand_up,sit_down
6959,act_71_29,meeting_room,5.0,5,,e,a,b,c,d,,rotation,jump,wave,lie_down,walk
7686,act_78_63,empty_room,2.4,1,,,,,,b,,,,,,stand_up
4581,act_47_27,meeting_room,2.4,3,,d,,a,,c,,nothing,,rotation,,stand_up
943,act_10_52,classroom,2.4,3,a,b,c,,,,pick_up,pick_up,sit_down,,,
3236,act_33_68,classroom,5.0,4,c,,e,,b,d,wave,,wave,,lie_down,wave
3258,act_33_90,classroom,5.0,4,e,,b,,d,a,stand_up,,stand_up,,nothing,stand_up
6933,act_71_3,meeting_room,5.0,5,,b,c,d,e,a,,jump,wave,lie_down,pick_up,rotation
9886,act_100_85,empty_room,5.0,3,e,a,b,,,,jump,jump,jump,,,
177,act_2_78,classroom,2.4,1,,e,,,,,,lie_down,,,,
436,act_5_40,classroom,2.4,1,,,,,d,,,,,,sit_down,
7798,act_79_76,empty_room,2.4,2,d,e,,,,,jump,jump,,,,
309,act_4_12,classroom,2.4,1,,,,e,,,,,,lie_down,,
1566,act_16_81,classroom,2.4,5,d,e,a,b,c,,stand_up,stand_up,stand_up,nothing,nothing,
3965,act_41_5,meeting_room,2.4,1,,,,,e,,,,,,stand_up,
8378,act_85_62,empty_room,2.4,4,b,c,d,e,,,sit_down,sit_down,stand_up,stand_up,,
5658,act_58_15,meeting_room,5.0,1,,,,e,,,,,,stand_up,,
9251,act_94_44,empty_room,5.0,1,,,,c,,,,,,walk,,
596,act_7_2,classroom,2.4,2,a,b,,,,,walk,rotation,,,,
11242,act_206_55,empty_room,5.0,0,,,,,,,,,,,,
7052,act_72_23,meeting_room,5.0,5,c,,e,a,b,d,wave,,pick_up,sit_down,stand_up,lie_down
9392,act_95_86,empty_room,5.0,1,,,,,d,,,,,,lie_down,
2624,act_27_50,classroom,5.0,2,,,,,e,a,,,,,pick_up,wave
8576,act_87_62,empty_room,2.4,4,b,,d,,a,c,sit_down,,stand_up,,nothing,sit_down
10332,act_105_36,empty_room,5.0,4,d,,a,,c,e,stand_up,,walk,,jump,nothing
232,act_3_34,classroom,2.4,1,,,a,,,,,,stand_up,,,
180,act_2_81,classroom,2.4,1,,e,,,,,,stand_up,,,,
738,act_8_45,classroom,2.4,2,,,b,c,,,,,walk,rotation,,
7681,act_78_58,empty_room,2.4,1,,,,,,b,,,,,,jump
8272,act_84_55,empty_room,2.4,3,b,,,,a,c,nothing,,,,rotation,nothing
6522,act_66_87,meeting_room,5.0,3,e,,,,d,a,lie_down,,,,pick_up,lie_down
9792,act_99_90,empty_room,5.0,2,,,,,d,e,,,,,nothing,stand_up
7765,act_79_43,empty_room,2.4,2,e,a,,,,,pick_up,sit_down,,,,
6129,act_62_90,meeting_room,5.0,2,,,b,c,,,,,stand_up,stand_up,,
1322,act_14_35,classroom,2.4,4,,e,,b,c,d,,stand_up,,walk,rotation,sit_down
1996,act_21_16,classroom,5.0,1,,,d,,,,,,stand_up,,,
8154,act_83_36,empty_room,2.4,3,,e,,b,,d,,nothing,,rotation,,stand_up
10301,act_105_5,empty_room,5.0,4,a,,c,,e,b,wave,,pick_up,,stand_up,lie_down
801,act_9_9,classroom,2.4,2,,,,,e,a,,,,,jump,stand_up
9021,act_92_12,empty_room,5.0,1,,c,,,,,,jump,,,,
10546,act_107_52,empty_room,5.0,5,,b,c,d,e,a,,pick_up,sit_down,sit_down,stand_up,pick_up
10394,act_105_98,empty_room,5.0,4,a,,c,,e,b,sit_down,,sit_down,,sit_down,sit_down
70,act_1_70,classroom,2.4,1,c,,,,,,pick_up,,,,,
5427,act_55_81,meeting_room,5.0,1,d,,,,,,stand_up,,,,,
9011,act_92_2,empty_room,5.0,1,,b,,,,,,rotation,,,,
1681,act_17_97,classroom,2.4,5,,b,c,d,e,a,,pick_up,pick_up,pick_up,pick_up,pick_up
378,act_4_81,classroom,2.4,1,,,,b,,,,,,nothing,,
1470,act_15_84,classroom,2.4,4,e,,b,,d,a,rotation,,rotation,,jump,rotation
2604,act_27_30,classroom,5.0,2,,,,,c,d,,,,,pick_up,rotation
4182,act_43_24,meeting_room,2.4,2,c,d,,,,,lie_down,pick_up,,,,
5380,act_55_34,meeting_room,5.0,1,d,,,,,,pick_up,,,,,
4231,act_43_73,meeting_room,2.4,2,d,e,,,,,nothing,nothing,,,,
3092,act_32_23,classroom,5.0,4,,d,,a,b,c,,lie_down,,sit_down,stand_up,wave
2727,act_28_54,classroom,5.0,3,a,b,c,,,,stand_up,stand_up,nothing,,,
478,act_5_82,classroom,2.4,1,,,,,d,,,,,,walk,
1330,act_14_43,classroom,2.4,4,,a,,c,d,e,,sit_down,,nothing,walk,pick_up
2284,act_24_7,classroom,5.0,1,,,,,,a,,,,,,pick_up
3733,act_38_70,meeting_room,2.4,1,,d,,,,,,pick_up,,,,
10888,act_202_97,classroom,5.0,0,,,,,,,,,,,,
752,act_8_59,classroom,2.4,2,,,d,e,,,,,lie_down,lie_down,,
5552,act_57_8,meeting_room,5.0,1,,,c,,,,,,nothing,,,
11255,act_206_68,empty_room,5.0,0,,,,,,,,,,,,
6631,act_67_97,meeting_room,5.0,4,a,b,c,d,,,pick_up,pick_up,pick_up,pick_up,,
7586,act_77_62,empty_room,2.4,1,,,,,a,,,,,,nothing,
1546,act_16_61,classroom,2.4,5,b,c,d,e,a,,pick_up,pick_up,sit_down,sit_down,stand_up,
8030,act_82_11,empty_room,2.4,3,b,c,d,,,,walk,rotation,jump,,,
9666,act_98_63,empty_room,5.0,2,,,d,e,,,,,nothing,nothing,,
2684,act_28_11,classroom,5.0,3,b,c,d,,,,walk,rotation,jump,,,
8671,act_88_58,empty_room,2.4,5,b,c,d,e,a,,jump,jump,wave,wave,lie_down,
10311,act_105_15,empty_room,5.0,4,b,,d,,a,c,lie_down,,sit_down,,nothing,pick_up
7873,act_80_52,empty_room,2.4,2,,,c,d,,,,,sit_down,sit_down,,
3519,act_36_54,classroom,5.0,5,a,,c,d,e,b,stand_up,,nothing,nothing,walk,stand_up
10538,act_107_44,empty_room,5.0,5,,a,b,c,d,e,,stand_up,nothing,walk,rotation,sit_down
2355,act_24_78,classroom,5.0,1,,,,,,d,,,,,,lie_down
4908,act_50_57,meeting_room,2.4,4,,c,,e,a,b,,rotation,,jump,wave,rotation
774,act_8_81,classroom,2.4,2,,,a,b,,,,,stand_up,nothing,,
4685,act_48_32,meeting_room,2.4,3,d,,,,c,e,wave,,,,stand_up,lie_down
9951,act_101_51,empty_room,5.0,3,,b,,d,,a,,lie_down,,pick_up,,lie_down
8941,act_91_31,empty_room,5.0,1,d,,,,,,jump,,,,,
642,act_7_48,classroom,2.4,2,a,b,,,,,rotation,rotation,,,,
5390,act_55_44,meeting_room,5.0,1,e,,,,,,sit_down,,,,,
5045,act_51_95,meeting_room,2.4,4,a,,c,,e,b,wave,,wave,,wave,wave
5240,act_53_92,meeting_room,2.4,5,,b,c,d,e,a,,walk,walk,walk,walk,walk
6430,act_65_94,meeting_room,5.0,3,,b,,d,,a,,jump,,jump,,jump
4310,act_44_53,meeting_room,2.4,2,,,c,d,,,,,stand_up,stand_up,,
866,act_9_74,classroom,2.4,2,,,,,c,d,,,,,rotation,walk
7049,act_72_20,meeting_room,5.0,5,c,,e,a,b,d,walk,,jump,wave,lie_down,rotation
6265,act_64_28,meeting_room,5.0,3,d,e,a,,,,nothing,walk,rotation,,,
11158,act_205_70,empty_room,2.4,0,,,,,,,,,,,,
7110,act_72_81,meeting_room,5.0,5,d,,a,b,c,e,stand_up,,stand_up,nothing,nothing,stand_up
6102,act_62_63,meeting_room,5.0,2,,,d,e,,,,,nothing,nothing,,
7022,act_71_92,meeting_room,5.0,5,,b,c,d,e,a,,walk,walk,walk,walk,walk
963,act_10_72,classroom,2.4,3,c,d,e,,,,stand_up,stand_up,stand_up,,,
8380,act_85_64,empty_room,2.4,4,c,d,e,a,,,nothing,nothing,nothing,walk,,
7600,act_77_76,empty_room,2.4,1,,,,,c,,,,,,wave,
8236,act_84_19,empty_room,2.4,3,c,,,,b,d,nothing,,,,wave,walk
3310,act_34_43,classroom,5.0,5,e,a,b,c,d,,pick_up,sit_down,stand_up,nothing,walk,
2167,act_22_88,classroom,5.0,1,,,,c,,,,,,pick_up,,
364,act_4_67,classroom,2.4,1,,,,a,,,,,,wave,,
3724,act_38_61,meeting_room,2.4,1,,c,,,,,,pick_up,,,,
2826,act_29_54,classroom,5.0,3,,b,,d,,a,,stand_up,,nothing,,stand_up
3598,act_37_34,meeting_room,2.4,1,d,,,,,,pick_up,,,,,
547,act_6_52,classroom,2.4,1,,,,,,a,,,,,,pick_up
2941,act_30_70,classroom,5.0,3,c,,,,b,d,pick_up,,,,sit_down,pick_up
472,act_5_76,classroom,2.4,1,,,,,c,,,,,,wave,
1642,act_17_58,classroom,2.4,5,,c,d,e,a,b,,jump,wave,wave,lie_down,jump
6821,act_69_89,meeting_room,5.0,4,e,,b,,d,a,sit_down,,sit_down,,stand_up,sit_down
3339,act_34_72,classroom,5.0,5,c,d,e,a,b,,stand_up,stand_up,stand_up,nothing,nothing,
5360,act_55_14,meeting_room,5.0,1,b,,,,,,wave,,,,,
1173,act_12_84,classroom,2.4,3,e,,,,d,a,rotation,,,,jump,rotation
6084,act_62_45,meeting_room,5.0,2,,,b,c,,,,,walk,rotation,,
11011,act_204_22,meeting_room,5.0,0,,,,,,,,,,,,
8456,act_86_41,empty_room,2.4,4,,a,,c,d,e,,lie_down,,sit_down,stand_up,wave
9376,act_95_70,empty_room,5.0,1,,,,,b,,,,,,sit_down,
5821,act_59_79,meeting_room,5.0,1,,,,,c,,,,,,sit_down,
4639,act_47_85,meeting_room,2.4,3,,a,,c,,e,,jump,,jump,,jump
4772,act_49_20,meeting_room,2.4,4,c,d,e,a,,,walk,rotation,jump,wave,,
9845,act_100_44,empty_room,5.0,3,e,a,b,,,,sit_down,stand_up,nothing,,,
1411,act_15_25,classroom,2.4,4,c,,e,,b,d,pick_up,,stand_up,,walk,sit_down
7235,act_74_8,empty_room,2.4,1,,b,,,,,,stand_up,,,,
5082,act_52_33,meeting_room,2.4,5,d,e,a,b,c,,lie_down,pick_up,sit_down,stand_up,nothing,
9149,act_93_41,empty_room,5.0,1,,,b,,,,,,pick_up,,,
8407,act_85_91,empty_room,2.4,4,a,b,c,d,,,nothing,nothing,nothing,nothing,,
2695,act_28_22,classroom,5.0,3,c,d,e,,,,jump,wave,lie_down,,,
816,act_9_24,classroom,2.4,2,,,,,b,c,,,,,nothing,lie_down
2132,act_22_53,classroom,5.0,1,,,,d,,,,,,stand_up,,
1798,act_19_16,classroom,5.0,1,b,,,,,,pick_up,,,,,
3123,act_32_54,classroom,5.0,4,,b,,d,e,a,,stand_up,,nothing,walk,stand_up
5633,act_57_89,meeting_room,5.0,1,,,b,,,,,,sit_down,,,
4276,act_44_19,meeting_room,2.4,2,,,e,a,,,,,rotation,jump,,
10446,act_106_51,empty_room,5.0,5,a,b,c,d,e,,lie_down,lie_down,pick_up,pick_up,sit_down,
7056,act_72_27,meeting_room,5.0,5,c,,e,a,b,d,stand_up,,walk,rotation,jump,nothing
5774,act_59_32,meeting_room,5.0,1,,,,,c,,,,,,stand_up,
9568,act_97_64,empty_room,5.0,2,c,d,,,,,nothing,nothing,,,,
9614,act_98_11,empty_room,5.0,2,,,d,e,,,,,jump,wave,,
238,act_3_40,classroom,2.4,1,,,b,,,,,,lie_down,,,
1533,act_16_48,classroom,2.4,5,a,b,c,d,e,,rotation,rotation,jump,jump,wave,
10631,act_108_38,empty_room,5.0,5,e,,b,c,d,a,walk,,jump,wave,lie_down,rotation
9352,act_95_46,empty_room,5.0,1,,,,,e,,,,,,rotation,
3411,act_35_45,classroom,5.0,5,,a,b,c,d,e,,nothing,walk,rotation,jump,stand_up
8021,act_82_2,empty_room,2.4,3,a,b,c,,,,walk,rotation,jump,,,
10283,act_104_86,empty_room,5.0,4,,a,,c,d,e,,wave,,wave,lie_down,wave
1536,act_16_51,classroom,2.4,5,a,b,c,d,e,,lie_down,lie_down,pick_up,pick_up,sit_down,
3880,act_40_19,meeting_room,2.4,1,,,,a,,,,,,jump,,
1300,act_14_13,classroom,2.4,4,,c,,e,a,b,,wave,,pick_up,sit_down,jump
8015,act_81_95,empty_room,2.4,2,,,,,e,a,,,,,wave,wave
7958,act_81_38,empty_room,2.4,2,,,,,d,e,,,,,lie_down,walk
1481,act_15_95,classroom,2.4,4,a,,c,,e,b,wave,,wave,,wave,wave
2794,act_29_22,classroom,5.0,3,,d,,a,,c,,wave,,pick_up,,jump
9778,act_99_76,empty_room,5.0,2,,,,,c,d,,,,,wave,jump
11039,act_204_50,meeting_room,5.0,0,,,,,,,,,,,,
9893,act_100_92,empty_room,5.0,3,a,b,c,,,,walk,walk,walk,,,
8614,act_88_1,empty_room,2.4,5,a,b,c,d,e,,nothing,walk,rotation,jump,wave,
10158,act_103_60,empty_room,5.0,4,b,c,d,e,,,lie_down,lie_down,pick_up,pick_up,,
7145,act_73_17,empty_room,2.4,1,b,,,,,,sit_down,,,,,
5222,act_53_74,meeting_room,2.4,5,,e,a,b,c,d,,walk,walk,rotation,rotation,walk
3662,act_37_98,meeting_room,2.4,1,a,,,,,,sit_down,,,,,
556,act_6_61,classroom,2.4,1,,,,,,b,,,,,,pick_up
1164,act_12_75,classroom,2.4,3,d,,,,c,e,rotation,,,,jump,rotation
6460,act_66_25,meeting_room,5.0,3,c,,,,b,d,pick_up,,,,walk,sit_down
398,act_5_2,classroom,2.4,1,,,,,e,,,,,,lie_down,
7443,act_76_18,empty_room,2.4,1,,,,e,,,,,,rotation,,
6727,act_68_94,meeting_room,5.0,4,,b,,d,e,a,,jump,,jump,jump,jump
9934,act_101_34,empty_room,5.0,3,,e,,b,,d,,sit_down,,nothing,,pick_up
5428,act_55_82,meeting_room,5.0,1,e,,,,,,nothing,,,,,
7672,act_78_49,empty_room,2.4,1,,,,,,a,,,,,,jump
5468,act_56_23,meeting_room,5.0,1,,d,,,,,,lie_down,,,,
724,act_8_31,classroom,2.4,2,,,a,b,,,,,lie_down,pick_up,,
301,act_4_4,classroom,2.4,1,,,,d,,,,,,pick_up,,
9486,act_96_81,empty_room,5.0,1,,,,,,d,,,,,,stand_up
4295,act_44_38,meeting_room,2.4,2,,,b,c,,,,,jump,wave,,
10801,act_202_10,classroom,5.0,0,,,,,,,,,,,,
4186,act_43_28,meeting_room,2.4,2,d,e,,,,,nothing,walk,,,,
8564,act_87_50,empty_room,2.4,4,a,,c,,e,b,wave,,lie_down,,pick_up,wave
9533,act_97_29,empty_room,5.0,2,d,e,,,,,walk,rotation,,,,
11096,act_205_8,empty_room,2.4,0,,,,,,,,,,,,
3143,act_32_74,classroom,5.0,4,,e,,b,c,d,,walk,,rotation,rotation,walk
10454,act_106_59,empty_room,5.0,5,b,c,d,e,a,,wave,wave,lie_down,lie_down,pick_up,
3206,act_33_38,classroom,5.0,4,e,,b,,d,a,walk,,jump,,lie_down,rotation
4583,act_47_29,meeting_room,2.4,3,,e,,b,,d,,rotation,,wave,,walk
10230,act_104_33,empty_room,5.0,4,,e,,b,c,d,,pick_up,,stand_up,nothing,lie_down
10805,act_202_14,classroom,5.0,0,,,,,,,,,,,,
10761,act_201_69,classroom,2.4,0,,,,,,,,,,,,
6201,act_63_63,meeting_room,5.0,2,,,,,a,b,,,,,walk,stand_up
1153,act_12_64,classroom,2.4,3,c,,,,b,d,nothing,,,,walk,nothing
1213,act_13_25,classroom,2.4,4,c,d,e,a,,,pick_up,sit_down,stand_up,nothing,,
4504,act_46_49,meeting_room,2.4,3,a,b,c,,,,jump,jump,wave,,,
7872,act_80_51,empty_room,2.4,2,,,c,d,,,,,pick_up,pick_up,,
10955,act_203_65,meeting_room,2.4,0,,,,,,,,,,,,
10030,act_102_31,empty_room,5.0,3,d,,,,c,e,jump,,,,sit_down,wave
6429,act_65_93,meeting_room,5.0,3,,b,,d,,a,,rotation,,rotation,,rotation
9702,act_98_99,empty_room,5.0,2,,,c,d,,,,,stand_up,stand_up,,
666,act_7_72,classroom,2.4,2,c,d,,,,,stand_up,stand_up,,,,
643,act_7_49,classroom,2.4,2,a,b,,,,,jump,jump,,,,
10436,act_106_41,empty_room,5.0,5,e,a,b,c,d,,wave,lie_down,pick_up,sit_down,stand_up,
3768,act_39_6,meeting_room,2.4,1,,,c,,,,,,sit_down,,,
4273,act_44_16,meeting_room,2.4,2,,,d,e,,,,,stand_up,nothing,,
10327,act_105_31,empty_room,5.0,4,d,,a,,c,e,jump,,lie_down,,sit_down,wave
787,act_8_94,classroom,2.4,2,,,c,d,,,,,jump,jump,,
8128,act_83_10,empty_room,2.4,3,,c,,e,,b,,walk,,jump,,nothing
3203,act_33_35,classroom,5.0,4,d,,a,,c,e,sit_down,,nothing,,rotation,stand_up
8511,act_86_96,empty_room,2.4,4,,b,,d,e,a,,lie_down,,lie_down,lie_down,lie_down
4188,act_43_30,meeting_room,2.4,2,d,e,,,,,rotation,jump,,,,
7343,act_75_17,empty_room,2.4,1,,,d,,,,,,nothing,,,
7308,act_74_81,empty_room,2.4,1,,e,,,,,,stand_up,,,,
2906,act_30_35,classroom,5.0,3,d,,,,c,e,sit_down,,,,rotation,stand_up
4627,act_47_73,meeting_room,2.4,3,,e,,b,,d,,nothing,,walk,,nothing
6435,act_65_99,meeting_room,5.0,3,,b,,d,,a,,stand_up,,stand_up,,stand_up
997,act_11_7,classroom,2.4,3,,b,,d,,a,,sit_down,,nothing,,pick_up
5383,act_55_37,meeting_room,5.0,1,e,,,,,,nothing,,,,,
7959,act_81_39,empty_room,2.4,2,,,,,d,e,,,,,pick_up,rotation
7699,act_78_76,empty_room,2.4,1,,,,,,d,,,,,,jump
157,act_2_58,classroom,2.4,1,,c,,,,,,jump,,,,
8863,act_90_52,empty_room,2.4,5,a,,c,d,e,b,pick_up,,sit_down,sit_down,stand_up,pick_up
3086,act_32_17,classroom,5.0,4,,c,,e,a,b,,stand_up,,walk,rotation,sit_down
7513,act_76_88,empty_room,2.4,1,,,,c,,,,,,pick_up,,
7938,act_81_18,empty_room,2.4,2,,,,,a,b,,,,,jump,stand_up
5303,act_54_56,meeting_room,2.4,5,b,,d,e,a,c,walk,,rotation,rotation,jump,walk
6523,act_66_88,meeting_room,5.0,3,e,,,,d,a,pick_up,,,,sit_down,pick_up
3796,act_39_34,meeting_room,2.4,1,,,a,,,,,,stand_up,,,
496,act_6_1,classroom,2.4,1,,,,,,a,,,,,,nothing
2322,act_24_45,classroom,5.0,1,,,,,,e,,,,,,stand_up
6673,act_68_40,meeting_room,5.0,4,,a,,c,d,e,,wave,,pick_up,sit_down,jump
8192,act_83_74,empty_room,2.4,3,,e,,b,,d,,walk,,rotation,,walk
152,act_2_53,classroom,2.4,1,,b,,,,,,sit_down,,,,
5324,act_54_77,meeting_room,2.4,5,d,,a,b,c,e,wave,,wave,lie_down,lie_down,wave
5630,act_57_86,meeting_room,5.0,1,,,b,,,,,,wave,,,
7266,act_74_39,empty_room,2.4,1,,a,,,,,,jump,,,,
1739,act_18_56,classroom,2.4,5,b,,d,e,a,c,walk,,rotation,rotation,jump,walk
3002,act_31_32,classroom,5.0,4,d,e,a,b,,,wave,lie_down,pick_up,sit_down,,
10666,act_108_73,empty_room,5.0,5,d,,a,b,c,e,nothing,,nothing,walk,walk,nothing
6340,act_65_4,meeting_room,5.0,3,,b,,d,,a,,wave,,pick_up,,jump
5900,act_60_59,meeting_room,5.0,1,,,,,,b,,,,,,wave
10172,act_103_74,empty_room,5.0,4,d,e,a,b,,,walk,walk,walk,rotation,,
2884,act_30_13,classroom,5.0,3,b,,,,a,c,jump,,,,sit_down,wave
3721,act_38_58,meeting_room,2.4,1,,c,,,,,,jump,,,,
11106,act_205_18,empty_room,2.4,0,,,,,,,,,,,,
9630,act_98_27,empty_room,5.0,2,,,e,a,,,,,walk,rotation,,
6278,act_64_41,meeting_room,5.0,3,e,a,b,,,,wave,lie_down,pick_up,,,
6110,act_62_71,meeting_room,5.0,2,,,e,a,,,,,sit_down,stand_up,,
2277,act_23_99,classroom,5.0,1,,,,,e,,,,,,stand_up,
4462,act_46_7,meeting_room,2.4,3,a,b,c,,,,pick_up,sit_down,stand_up,,,
344,act_4_47,classroom,2.4,1,,,,d,,,,,,rotation,,
10698,act_201_6,classroom,2.4,0,,,,,,,,,,,,
4137,act_42_78,meeting_room,2.4,1,,,,,,d,,,,,,lie_down
10916,act_203_26,meeting_room,2.4,0,,,,,,,,,,,,
5372,act_55_26,meeting_room,5.0,1,c,,,,,,sit_down,,,,,
5435,act_55_89,meeting_room,5.0,1,e,,,,,,sit_down,,,,,
2224,act_23_46,classroom,5.0,1,,,,,e,,,,,,rotation,
4197,act_43_39,meeting_room,2.4,2,e,a,,,,,rotation,jump,,,,
6698,act_68_65,meeting_room,5.0,4,,d,,a,b,c,,walk,,rotation,rotation,walk
4708,act_48_55,meeting_room,2.4,3,b,,,,a,c,nothing,,,,rotation,nothing
7467,act_76_42,empty_room,2.4,1,,,,c,,,,,,stand_up,,
6228,act_63_90,meeting_room,5.0,2,,,,,d,e,,,,,nothing,stand_up
5685,act_58_42,meeting_room,5.0,1,,,,c,,,,,,stand_up,,
10319,act_105_23,empty_room,5.0,4,c,,e,,b,d,wave,,pick_up,,stand_up,lie_down
5748,act_59_6,meeting_room,5.0,1,,,,,e,,,,,,nothing,
1466,act_15_80,classroom,2.4,4,d,,a,,c,e,sit_down,,sit_down,,stand_up,sit_down
4594,act_47_40,meeting_room,2.4,3,,a,,c,,e,,wave,,pick_up,,jump
2235,act_23_57,classroom,5.0,1,,,,,a,,,,,,wave,
11176,act_205_88,empty_room,2.4,0,,,,,,,,,,,,
3904,act_40_43,meeting_room,2.4,1,,,,c,,,,,,nothing,,
7291,act_74_64,empty_room,2.4,1,,d,,,,,,nothing,,,,
7756,act_79_34,empty_room,2.4,2,d,e,,,,,pick_up,sit_down,,,,
9715,act_99_13,empty_room,5.0,2,,,,,a,b,,,,,sit_down,jump
9681,act_98_78,empty_room,5.0,2,,,a,b,,,,,lie_down,pick_up,,
7335,act_75_9,empty_room,2.4,1,,,c,,,,,,walk,,,
6413,act_65_77,meeting_room,5.0,3,,e,,b,,d,,wave,,lie_down,,wave
4152,act_42_93,meeting_room,2.4,1,,,,,,a,,,,,,rotation
5581,act_57_37,meeting_room,5.0,1,,,b,,,,,,rotation,,,
2122,act_22_43,classroom,5.0,1,,,,c,,,,,,nothing,,
4748,act_48_95,meeting_room,2.4,3,a,,,,e,b,wave,,,,wave,wave
8973,act_91_63,empty_room,5.0,1,b,,,,,,stand_up,,,,,
9253,act_94_46,empty_room,5.0,1,,,,d,,,,,,walk,,
3162,act_32_93,classroom,5.0,4,,b,,d,e,a,,rotation,,rotation,rotation,rotation
2631,act_27_57,classroom,5.0,2,,,,,a,b,,,,,wave,rotation
6207,act_63_69,meeting_room,5.0,2,,,,,b,c,,,,,pick_up,lie_down
9609,act_98_6,empty_room,5.0,2,,,c,d,,,,,sit_down,stand_up,,
9133,act_93_25,empty_room,5.0,1,,,e,,,,,,stand_up,,,
10135,act_103_37,empty_room,5.0,4,e,a,b,c,,,nothing,walk,rotation,jump,,
1204,act_13_16,classroom,2.4,4,b,c,d,e,,,pick_up,sit_down,stand_up,nothing,,
9151,act_93_43,empty_room,5.0,1,,,b,,,,,,stand_up,,,
617,act_7_23,classroom,2.4,2,c,d,,,,,wave,lie_down,,,,
1927,act_20_46,classroom,5.0,1,,b,,,,,,nothing,,,,
3115,act_32_46,classroom,5.0,4,,b,,d,e,a,,nothing,,walk,rotation,nothing
2642,act_27_68,classroom,5.0,2,,,,,b,c,,,,,lie_down,wave
10129,act_103_31,empty_room,5.0,4,d,e,a,b,,,jump,wave,lie_down,pick_up,,
2563,act_26_88,classroom,5.0,2,,,b,c,,,,,pick_up,pick_up,,
5217,act_53_69,meeting_room,2.4,5,,d,e,a,b,c,,lie_down,lie_down,pick_up,pick_up,lie_down
2729,act_28_56,classroom,5.0,3,b,c,d,,,,walk,walk,rotation,,,
6488,act_66_53,meeting_room,5.0,3,a,,,,e,b,sit_down,,,,nothing,sit_down
10771,act_201_79,classroom,2.4,0,,,,,,,,,,,,
2127,act_22_48,classroom,5.0,1,,,,d,,,,,,jump,,
5472,act_56_27,meeting_room,5.0,1,,d,,,,,,nothing,,,,
9313,act_95_7,empty_room,5.0,1,,,,,e,,,,,,walk,
5887,act_60_46,meeting_room,5.0,1,,,,,,a,,,,,,nothing
10259,act_104_62,empty_room,5.0,4,,c,,e,a,b,,sit_down,,stand_up,nothing,sit_down
806,act_9_14,classroom,2.4,2,,,,,a,b,,,,,stand_up,wave
4695,act_48_42,meeting_room,2.4,3,e,,,,d,a,lie_down,,,,nothing,pick_up
7961,act_81_41,empty_room,2.4,2,,,,,d,e,,,,,stand_up,wave
3141,act_32_72,classroom,5.0,4,,d,,a,b,c,,stand_up,,nothing,nothing,stand_up
4281,act_44_24,meeting_room,2.4,2,,,e,a,,,,,sit_down,stand_up,,
8531,act_87_17,empty_room,2.4,4,b,,d,,a,c,sit_down,,nothing,,rotation,stand_up
7105,act_72_76,meeting_room,5.0,5,d,,a,b,c,e,jump,,jump,wave,wave,jump
7867,act_80_46,empty_room,2.4,2,,,c,d,,,,,walk,walk,,
548,act_6_53,classroom,2.4,1,,,,,,a,,,,,,sit_down
27,act_1_27,classroom,2.4,1,c,,,,,,stand_up,,,,,
8573,act_87_59,empty_room,2.4,4,b,,d,,a,c,wave,,lie_down,,pick_up,wave
3919,act_40_58,meeting_room,2.4,1,,,,e,,,,,,wave,,
4487,act_46_32,meeting_room,2.4,3,d,e,a,,,,wave,lie_down,pick_up,,,
7417,act_75_91,empty_room,2.4,1,,,c,,,,,,nothing,,,
5136,act_52_87,meeting_room,2.4,5,e,a,b,c,d,,lie_down,lie_down,lie_down,lie_down,pick_up,
1222,act_13_34,classroom,2.4,4,d,e,a,b,,,pick_up,sit_down,stand_up,nothing,,
7130,act_73_2,empty_room,2.4,1,a,,,,,,walk,,,,,
2549,act_26_74,classroom,5.0,2,,,a,b,,,,,walk,rotation,,
438,act_5_42,classroom,2.4,1,,,,,d,,,,,,nothing,
8689,act_88_76,empty_room,2.4,5,d,e,a,b,c,,jump,jump,jump,wave,wave,
11120,act_205_32,empty_room,2.4,0,,,,,,,,,,,,
1862,act_19_80,classroom,5.0,1,d,,,,,,sit_down,,,,,
2700,act_28_27,classroom,5.0,3,c,d,e,,,,stand_up,nothing,walk,,,
7537,act_77_13,empty_room,2.4,1,,,,,a,,,,,,sit_down,
5909,act_60_68,meeting_room,5.0,1,,,,,,c,,,,,,wave
2482,act_26_7,classroom,5.0,2,,,c,d,,,,,stand_up,nothing,,
6649,act_68_16,meeting_room,5.0,4,,c,,e,a,b,,sit_down,,nothing,walk,pick_up
9523,act_97_19,empty_room,5.0,2,c,d,,,,,nothing,walk,,,,
2707,act_28_34,classroom,5.0,3,d,e,a,,,,pick_up,sit_down,stand_up,,,
5628,act_57_84,meeting_room,5.0,1,,,b,,,,,,rotation,,,
327,act_4_30,classroom,2.4,1,,,,b,,,,,,lie_down,,
2500,act_26_25,classroom,5.0,2,,,e,a,,,,,stand_up,nothing,,
1005,act_11_15,classroom,2.4,3,,c,,e,,b,,pick_up,,stand_up,,lie_down
7075,act_72_46,meeting_room,5.0,5,a,,c,d,e,b,nothing,,walk,walk,rotation,nothing
5736,act_58_93,meeting_room,5.0,1,,,,d,,,,,,rotation,,
4012,act_41_52,meeting_room,2.4,1,,,,,e,,,,,,stand_up,
10784,act_201_92,classroom,2.4,0,,,,,,,,,,,,
535,act_6_40,classroom,2.4,1,,,,,,e,,,,,,jump
6726,act_68_93,meeting_room,5.0,4,,b,,d,e,a,,rotation,,rotation,rotation,rotation
3961,act_41_1,meeting_room,2.4,1,,,,,e,,,,,,wave,
586,act_6_91,classroom,2.4,1,,,,,,a,,,,,,nothing
9308,act_95_2,empty_room,5.0,1,,,,,e,,,,,,lie_down,
7497,act_76_72,empty_room,2.4,1,,,,a,,,,,,nothing,,
5644,act_58_1,meeting_room,5.0,1,,,,d,,,,,,jump,,
7455,act_76_30,empty_room,2.4,1,,,,b,,,,,,lie_down,,
9406,act_96_1,empty_room,5.0,1,,,,,,a,,,,,,nothing
492,act_5_96,classroom,2.4,1,,,,,e,,,,,,lie_down,
8137,act_83_19,empty_room,2.4,3,,d,,a,,c,,walk,,jump,,nothing
9921,act_101_21,empty_room,5.0,3,,d,,a,,c,,jump,,lie_down,,rotation
7334,act_75_8,empty_room,2.4,1,,,c,,,,,,nothing,,,
6009,act_61_69,meeting_room,5.0,2,c,d,,,,,lie_down,lie_down,,,,
8870,act_90_59,empty_room,2.4,5,b,,d,e,a,c,wave,,lie_down,lie_down,pick_up,wave
3549,act_36_84,classroom,5.0,5,e,,b,c,d,a,rotation,,rotation,rotation,jump,rotation
1917,act_20_36,classroom,5.0,1,,e,,,,,,nothing,,,,
3186,act_33_18,classroom,5.0,4,b,,d,,a,c,stand_up,,walk,,jump,nothing
10489,act_106_94,empty_room,5.0,5,a,b,c,d,e,,jump,jump,jump,jump,jump,
1911,act_20_30,classroom,5.0,1,,e,,,,,,jump,,,,
6803,act_69_71,meeting_room,5.0,4,c,,e,,b,d,sit_down,,sit_down,,stand_up,sit_down
5995,act_61_55,meeting_room,5.0,2,b,c,,,,,nothing,nothing,,,,
1134,act_12_45,classroom,2.4,3,e,,,,d,a,stand_up,,,,jump,nothing
9670,act_98_67,empty_room,5.0,2,,,e,a,,,,,jump,wave,,
2519,act_26_44,classroom,5.0,2,,,b,c,,,,,nothing,walk,,
8142,act_83_24,empty_room,2.4,3,,d,,a,,c,,pick_up,,stand_up,,lie_down
1318,act_14_31,classroom,2.4,4,,e,,b,c,d,,wave,,pick_up,sit_down,jump
4369,act_45_13,meeting_room,2.4,2,,,,,a,b,,,,,sit_down,jump
122,act_2_23,classroom,2.4,1,,d,,,,,,lie_down,,,,
11084,act_204_95,meeting_room,5.0,0,,,,,,,,,,,,
2450,act_25_74,classroom,5.0,2,d,e,,,,,walk,walk,,,,
9757,act_99_55,empty_room,5.0,2,,,,,a,b,,,,,rotation,nothing
5522,act_56_77,meeting_room,5.0,1,,e,,,,,,wave,,,,
2602,act_27_28,classroom,5.0,2,,,,,c,d,,,,,wave,nothing
1523,act_16_38,classroom,2.4,5,e,a,b,c,d,,walk,rotation,jump,wave,lie_down,
10409,act_106_14,empty_room,5.0,5,b,c,d,e,a,,wave,lie_down,pick_up,sit_down,stand_up,
2174,act_22_95,classroom,5.0,1,,,,d,,,,,,wave,,
3284,act_34_17,classroom,5.0,5,b,c,d,e,a,,sit_down,stand_up,nothing,walk,rotation,
4555,act_47_1,meeting_room,2.4,3,,b,,d,,a,,walk,,jump,,nothing
3606,act_37_42,meeting_room,2.4,1,e,,,,,,lie_down,,,,,
8459,act_86_44,empty_room,2.4,4,,a,,c,d,e,,stand_up,,walk,rotation,sit_down
6179,act_63_41,meeting_room,5.0,2,,,,,d,e,,,,,stand_up,wave
10243,act_104_46,empty_room,5.0,4,,b,,d,e,a,,nothing,,walk,rotation,nothing
3769,act_39_7,meeting_room,2.4,1,,,c,,,,,,stand_up,,,
7284,act_74_57,empty_room,2.4,1,,c,,,,,,rotation,,,,
4039,act_41_79,meeting_room,2.4,1,,,,,c,,,,,,sit_down,
3503,act_36_38,classroom,5.0,5,e,,b,c,d,a,walk,,jump,wave,lie_down,rotation
1408,act_15_22,classroom,2.4,4,c,,e,,b,d,jump,,lie_down,,sit_down,wave
4632,act_47_78,meeting_room,2.4,3,,e,,b,,d,,lie_down,,pick_up,,lie_down
5282,act_54_35,meeting_room,2.4,5,d,,a,b,c,e,sit_down,,nothing,walk,rotation,stand_up
7813,act_79_91,empty_room,2.4,2,a,b,,,,,nothing,nothing,,,,
6225,act_63_87,meeting_room,5.0,2,,,,,d,e,,,,,pick_up,lie_down
2580,act_27_6,classroom,5.0,2,,,,,e,a,,,,,nothing,lie_down
4899,act_50_48,meeting_room,2.4,4,,b,,d,e,a,,rotation,,jump,wave,rotation
3270,act_34_3,classroom,5.0,5,a,b,c,d,e,,rotation,jump,wave,lie_down,pick_up,
10787,act_201_95,classroom,2.4,0,,,,,,,,,,,,
1868,act_19_86,classroom,5.0,1,e,,,,,,wave,,,,,
11185,act_205_97,empty_room,2.4,0,,,,,,,,,,,,
5266,act_54_19,meeting_room,2.4,5,c,,e,a,b,d,nothing,,rotation,jump,wave,walk
2522,act_26_47,classroom,5.0,2,,,c,d,,,,,rotation,rotation,,
5660,act_58_17,meeting_room,5.0,1,,,,e,,,,,,walk,,
1821,act_19_39,classroom,5.0,1,e,,,,,,rotation,,,,,
7426,act_76_1,empty_room,2.4,1,,,,d,,,,,,jump,,
52,act_1_52,classroom,2.4,1,a,,,,,,pick_up,,,,,
3889,act_40_28,meeting_room,2.4,1,,,,b,,,,,,jump,,
10032,act_102_33,empty_room,5.0,3,d,,,,c,e,lie_down,,,,nothing,pick_up
3578,act_37_14,meeting_room,2.4,1,b,,,,,,wave,,,,,
4566,act_47_12,meeting_room,2.4,3,,c,,e,,b,,jump,,lie_down,,rotation
9304,act_94_97,empty_room,5.0,1,,,,d,,,,,,pick_up,,
7108,act_72_79,meeting_room,5.0,5,d,,a,b,c,e,pick_up,,pick_up,sit_down,sit_down,pick_up
1859,act_19_77,classroom,5.0,1,d,,,,,,wave,,,,,
6449,act_66_14,meeting_room,5.0,3,b,,,,a,c,wave,,,,stand_up,lie_down
10763,act_201_71,classroom,2.4,0,,,,,,,,,,,,
6386,act_65_50,meeting_room,5.0,3,,b,,d,,a,,wave,,lie_down,,wave
11171,act_205_83,empty_room,2.4,0,,,,,,,,,,,,
8036,act_82_17,empty_room,2.4,3,b,c,d,,,,sit_down,stand_up,nothing,,,
10417,act_106_22,empty_room,5.0,5,c,d,e,a,b,,jump,wave,lie_down,pick_up,sit_down,
426,act_5_30,classroom,2.4,1,,,,,c,,,,,,pick_up,
4285,act_44_28,meeting_room,2.4,2,,,a,b,,,,,rotation,jump,,
7190,act_73_62,empty_room,2.4,1,b,,,,,,sit_down,,,,,
9134,act_93_26,empty_room,5.0,1,,,e,,,,,,nothing,,,
229,act_3_31,classroom,2.4,1,,,a,,,,,,lie_down,,,
6616,act_67_82,meeting_room,5.0,4,e,a,b,c,,,nothing,nothing,nothing,nothing,,
2742,act_28_69,classroom,5.0,3,c,d,e,,,,lie_down,lie_down,lie_down,,,
10857,act_202_66,classroom,5.0,0,,,,,,,,,,,,
5260,act_54_13,meeting_room,2.4,5,b,,d,e,a,c,jump,,lie_down,pick_up,sit_down,wave
6226,act_63_88,meeting_room,5.0,2,,,,,d,e,,,,,sit_down,pick_up
2922,act_30_51,classroom,5.0,3,a,,,,e,b,lie_down,,,,sit_down,lie_down
9520,act_97_16,empty_room,5.0,2,b,c,,,,,pick_up,sit_down,,,,
3654,act_37_90,meeting_room,2.4,1,e,,,,,,stand_up,,,,,
5818,act_59_76,meeting_room,5.0,1,,,,,c,,,,,,wave,
5229,act_53_81,meeting_room,2.4,5,,e,a,b,c,d,,stand_up,stand_up,nothing,nothing,stand_up
1129,act_12_40,classroom,2.4,3,e,,,,d,a,jump,,,,sit_down,wave
6473,act_66_38,meeting_room,5.0,3,e,,,,d,a,walk,,,,lie_down,rotation
2332,act_24_55,classroom,5.0,1,,,,,,b,,,,,,nothing
2209,act_23_31,classroom,5.0,1,,,,,c,,,,,,sit_down,
8858,act_90_47,empty_room,2.4,5,a,,c,d,e,b,walk,,rotation,rotation,jump,walk
10052,act_102_53,empty_room,5.0,3,a,,,,e,b,sit_down,,,,nothing,sit_down
5364,act_55_18,meeting_room,5.0,1,b,,,,,,stand_up,,,,,
3154,act_32_85,classroom,5.0,4,,a,,c,d,e,,jump,,jump,wave,jump
5663,act_58_20,meeting_room,5.0,1,,,,a,,,,,,wave,,
8857,act_90_46,empty_room,2.4,5,a,,c,d,e,b,nothing,,walk,walk,rotation,nothing
8920,act_91_10,empty_room,5.0,1,b,,,,,,nothing,,,,,
10841,act_202_50,classroom,5.0,0,,,,,,,,,,,,
2375,act_24_98,classroom,5.0,1,,,,,,a,,,,,,sit_down
1633,act_17_49,classroom,2.4,5,,b,c,d,e,a,,jump,wave,wave,lie_down,jump
10216,act_104_19,empty_room,5.0,4,,d,,a,b,c,,walk,,jump,wave,nothing
2299,act_24_22,classroom,5.0,1,,,,,,c,,,,,,jump
6422,act_65_86,meeting_room,5.0,3,,a,,c,,e,,wave,,wave,,wave
4253,act_43_95,meeting_room,2.4,2,a,b,,,,,wave,wave,,,,
7535,act_77_11,empty_room,2.4,1,,,,,a,,,,,,lie_down,
2722,act_28_49,classroom,5.0,3,a,b,c,,,,jump,jump,wave,,,
9288,act_94_81,empty_room,5.0,1,,,,b,,,,,,nothing,,
6763,act_69_31,meeting_room,5.0,4,d,,a,,c,e,jump,,lie_down,,sit_down,wave
5350,act_55_4,meeting_room,5.0,1,a,,,,,,jump,,,,,
7039,act_72_10,meeting_room,5.0,5,b,,d,e,a,c,nothing,,rotation,jump,wave,walk
8377,act_85_61,empty_room,2.4,4,b,c,d,e,,,pick_up,pick_up,sit_down,sit_down,,
7220,act_73_92,empty_room,2.4,1,a,,,,,,walk,,,,,
6604,act_67_70,meeting_room,5.0,4,c,d,e,a,,,pick_up,pick_up,pick_up,sit_down,,
9998,act_101_98,empty_room,5.0,3,,b,,d,,a,,sit_down,,sit_down,,sit_down
9590,act_97_86,empty_room,5.0,2,e,a,,,,,wave,wave,,,,
6884,act_70_53,meeting_room,5.0,5,a,b,c,d,e,,sit_down,sit_down,stand_up,stand_up,nothing,
7061,act_72_32,meeting_room,5.0,5,d,,a,b,c,e,wave,,pick_up,sit_down,stand_up,lie_down
9188,act_93_80,empty_room,5.0,1,,,a,,,,,,sit_down,,,
2551,act_26_76,classroom,5.0,2,,,a,b,,,,,jump,wave,,
5399,act_55_53,meeting_room,5.0,1,a,,,,,,sit_down,,,,,
939,act_10_48,classroom,2.4,3,a,b,c,,,,rotation,rotation,jump,,,
6501,act_66_66,meeting_room,5.0,3,c,,,,b,d,rotation,,,,jump,rotation
10721,act_201_29,classroom,2.4,0,,,,,,,,,,,,
6844,act_70_13,meeting_room,5.0,5,b,c,d,e,a,,jump,wave,lie_down,pick_up,sit_down,
10978,act_203_88,meeting_room,2.4,0,,,,,,,,,,,,
4853,act_50_2,meeting_room,2.4,4,,b,,d,e,a,,rotation,,wave,lie_down,walk
2645,act_27_71,classroom,5.0,2,,,,,b,c,,,,,stand_up,sit_down
9867,act_100_66,empty_room,5.0,3,c,d,e,,,,rotation,rotation,rotation,,,
3166,act_32_97,classroom,5.0,4,,b,,d,e,a,,pick_up,,pick_up,pick_up,pick_up
3640,act_37_76,meeting_room,2.4,1,d,,,,,,jump,,,,,
6779,act_69_47,meeting_room,5.0,4,a,,c,,e,b,walk,,rotation,,jump,walk
2062,act_21_82,classroom,5.0,1,,,b,,,,,,nothing,,,
4646,act_47_92,meeting_room,2.4,3,,b,,d,,a,,walk,,walk,,walk
8758,act_89_46,empty_room,2.4,5,,b,c,d,e,a,,nothing,walk,walk,rotation,nothing
2813,act_29_41,classroom,5.0,3,,a,,c,,e,,lie_down,,sit_down,,wave
10597,act_108_4,empty_room,5.0,5,a,,c,d,e,b,jump,,lie_down,pick_up,sit_down,wave
9752,act_99_50,empty_room,5.0,2,,,,,e,a,,,,,pick_up,wave
10156,act_103_58,empty_room,5.0,4,b,c,d,e,,,jump,jump,wave,wave,,
2550,act_26_75,classroom,5.0,2,,,a,b,,,,,rotation,jump,,
7729,act_79_7,empty_room,2.4,2,a,b,,,,,pick_up,sit_down,,,,
6162,act_63_24,meeting_room,5.0,2,,,,,b,c,,,,,nothing,lie_down
9272,act_94_65,empty_room,5.0,1,,,,a,,,,,,rotation,,
4175,act_43_17,meeting_room,2.4,2,b,c,,,,,sit_down,stand_up,,,,
9883,act_100_82,empty_room,5.0,3,e,a,b,,,,nothing,nothing,nothing,,,
1025,act_11_35,classroom,2.4,3,,e,,b,,d,,stand_up,,walk,,sit_down
4849,act_49_97,meeting_room,2.4,4,a,b,c,d,,,pick_up,pick_up,pick_up,pick_up,,
5126,act_52_77,meeting_room,2.4,5,d,e,a,b,c,,wave,wave,wave,lie_down,lie_down,
6888,act_70_57,meeting_room,5.0,5,b,c,d,e,a,,rotation,rotation,jump,jump,wave,
1952,act_20_71,classroom,5.0,1,,d,,,,,,sit_down,,,,
6352,act_65_16,meeting_room,5.0,3,,c,,e,,b,,sit_down,,nothing,,pick_up
352,act_4_55,classroom,2.4,1,,,,e,,,,,,walk,,
6163,act_63_25,meeting_room,5.0,2,,,,,b,c,,,,,walk,pick_up
4798,act_49_46,meeting_room,2.4,4,a,b,c,d,,,nothing,nothing,walk,walk,,
11160,act_205_72,empty_room,2.4,0,,,,,,,,,,,,
3663,act_37_99,meeting_room,2.4,1,a,,,,,,stand_up,,,,,
6836,act_70_5,meeting_room,5.0,5,a,b,c,d,e,,wave,lie_down,pick_up,sit_down,stand_up,
4658,act_48_5,meeting_room,2.4,3,a,,,,e,b,wave,,,,stand_up,lie_down
7857,act_80_36,empty_room,2.4,2,,,a,b,,,,,walk,rotation,,
3151,act_32_82,classroom,5.0,4,,a,,c,d,e,,nothing,,nothing,walk,nothing
5480,act_56_35,meeting_room,5.0,1,,e,,,,,,stand_up,,,,
4814,act_49_62,meeting_room,2.4,4,b,c,d,e,,,sit_down,sit_down,stand_up,stand_up,,
8700,act_88_87,empty_room,2.4,5,e,a,b,c,d,,lie_down,lie_down,lie_down,lie_down,pick_up,
7720,act_78_97,empty_room,2.4,1,,,,,,a,,,,,,pick_up
2940,act_30_69,classroom,5.0,3,c,,,,b,d,lie_down,,,,pick_up,lie_down
4511,act_46_56,meeting_room,2.4,3,b,c,d,,,,walk,walk,rotation,,,
1341,act_14_54,classroom,2.4,4,,b,,d,e,a,,stand_up,,nothing,walk,stand_up
10586,act_107_92,empty_room,5.0,5,,b,c,d,e,a,,walk,walk,walk,walk,walk
7671,act_78_48,empty_room,2.4,1,,,,,,a,,,,,,rotation
6459,act_66_24,meeting_room,5.0,3,c,,,,b,d,lie_down,,,,nothing,pick_up
6170,act_63_32,meeting_room,5.0,2,,,,,c,d,,,,,stand_up,wave
8774,act_89_62,empty_room,2.4,5,,c,d,e,a,b,,sit_down,stand_up,stand_up,nothing,sit_down
5610,act_57_66,meeting_room,5.0,1,,,e,,,,,,rotation,,,
1584,act_16_99,classroom,2.4,5,a,b,c,d,e,,stand_up,stand_up,stand_up,stand_up,stand_up,
1413,act_15_27,classroom,2.4,4,c,,e,,b,d,stand_up,,walk,,jump,nothing
5653,act_58_10,meeting_room,5.0,1,,,,e,,,,,,jump,,
9881,act_100_80,empty_room,5.0,3,d,e,a,,,,sit_down,sit_down,sit_down,,,
2257,act_23_79,classroom,5.0,1,,,,,c,,,,,,sit_down,
8367,act_85_51,empty_room,2.4,4,a,b,c,d,,,lie_down,lie_down,pick_up,pick_up,,
2213,act_23_35,classroom,5.0,1,,,,,c,,,,,,rotation,
2623,act_27_49,classroom,5.0,2,,,,,e,a,,,,,lie_down,jump
6766,act_69_34,meeting_room,5.0,4,d,,a,,c,e,pick_up,,stand_up,,walk,sit_down
4939,act_50_88,meeting_room,2.4,4,,a,,c,d,e,,pick_up,,pick_up,sit_down,pick_up
3625,act_37_61,meeting_room,2.4,1,b,,,,,,pick_up,,,,,
9598,act_97_94,empty_room,5.0,2,a,b,,,,,jump,jump,,,,
4268,act_44_11,meeting_room,2.4,2,,,d,e,,,,,jump,wave,,
10147,act_103_49,empty_room,5.0,4,a,b,c,d,,,jump,jump,wave,wave,,
464,act_5_68,classroom,2.4,1,,,,,b,,,,,,lie_down,
1755,act_18_72,classroom,2.4,5,c,,e,a,b,d,stand_up,,stand_up,nothing,nothing,stand_up
5852,act_60_11,meeting_room,5.0,1,,,,,,b,,,,,,walk
5609,act_57_65,meeting_room,5.0,1,,,e,,,,,,walk,,,
8078,act_82_59,empty_room,2.4,3,b,c,d,,,,wave,wave,lie_down,,,
8467,act_86_52,empty_room,2.4,4,,b,,d,e,a,,pick_up,,sit_down,stand_up,pick_up
379,act_4_82,classroom,2.4,1,,,,c,,,,,,nothing,,
3107,act_32_38,classroom,5.0,4,,a,,c,d,e,,rotation,,wave,lie_down,walk
4804,act_49_52,meeting_room,2.4,4,a,b,c,d,,,pick_up,pick_up,sit_down,sit_down,,
1336,act_14_49,classroom,2.4,4,,b,,d,e,a,,jump,,wave,lie_down,jump
10943,act_203_53,meeting_room,2.4,0,,,,,,,,,,,,
2717,act_28_44,classroom,5.0,3,e,a,b,,,,sit_down,stand_up,nothing,,,
8065,act_82_46,empty_room,2.4,3,a,b,c,,,,nothing,nothing,walk,,,
5560,act_57_16,meeting_room,5.0,1,,,d,,,,,,stand_up,,,
11010,act_204_21,meeting_room,5.0,0,,,,,,,,,,,,
6497,act_66_62,meeting_room,5.0,3,b,,,,a,c,sit_down,,,,nothing,sit_down
1812,act_19_30,classroom,5.0,1,d,,,,,,rotation,,,,,
5853,act_60_12,meeting_room,5.0,1,,,,,,b,,,,,,rotation
1895,act_20_14,classroom,5.0,1,,c,,,,,,lie_down,,,,
8338,act_85_22,empty_room,2.4,4,c,d,e,a,,,jump,wave,lie_down,pick_up,,
5580,act_57_36,meeting_room,5.0,1,,,a,,,,,,walk,,,
6479,act_66_44,meeting_room,5.0,3,e,,,,d,a,sit_down,,,,rotation,stand_up
1190,act_13_2,classroom,2.4,4,a,b,c,d,,,walk,rotation,jump,wave,,
8903,act_90_92,empty_room,2.4,5,a,,c,d,e,b,walk,,walk,walk,walk,walk
10496,act_107_2,empty_room,5.0,5,,b,c,d,e,a,,rotation,jump,wave,lie_down,walk
3455,act_35_89,classroom,5.0,5,,a,b,c,d,e,,sit_down,sit_down,sit_down,stand_up,sit_down
6753,act_69_21,meeting_room,5.0,4,c,,e,,b,d,rotation,,wave,,pick_up,jump
10550,act_107_56,empty_room,5.0,5,,c,d,e,a,b,,walk,rotation,rotation,jump,walk
5118,act_52_69,meeting_room,2.4,5,c,d,e,a,b,,lie_down,lie_down,lie_down,pick_up,pick_up,
11236,act_206_49,empty_room,5.0,0,,,,,,,,,,,,
8421,act_86_6,empty_room,2.4,4,,b,,d,e,a,,pick_up,,stand_up,nothing,lie_down
4614,act_47_60,meeting_room,2.4,3,,c,,e,,b,,lie_down,,pick_up,,lie_down
3993,act_41_33,meeting_room,2.4,1,,,,,c,,,,,,nothing,
10444,act_106_49,empty_room,5.0,5,a,b,c,d,e,,jump,jump,wave,wave,lie_down,
1031,act_11_41,classroom,2.4,3,,a,,c,,e,,lie_down,,sit_down,,wave
6554,act_67_20,meeting_room,5.0,4,c,d,e,a,,,walk,rotation,jump,wave,,
2221,act_23_43,classroom,5.0,1,,,,,d,,,,,,walk,
3775,act_39_13,meeting_room,2.4,1,,,d,,,,,,lie_down,,,
7818,act_79_96,empty_room,2.4,2,a,b,,,,,lie_down,lie_down,,,,
9037,act_92_28,empty_room,5.0,1,,e,,,,,,walk,,,,
1756,act_18_73,classroom,2.4,5,d,,a,b,c,e,nothing,,nothing,walk,walk,nothing
7838,act_80_17,empty_room,2.4,2,,,d,e,,,,,nothing,walk,,
8256,act_84_39,empty_room,2.4,3,e,,,,d,a,rotation,,,,pick_up,jump
4328,act_44_71,meeting_room,2.4,2,,,e,a,,,,,sit_down,stand_up,,
111,act_2_12,classroom,2.4,1,,c,,,,,,jump,,,,
7079,act_72_50,meeting_room,5.0,5,a,,c,d,e,b,wave,,lie_down,lie_down,pick_up,wave
8376,act_85_60,empty_room,2.4,4,b,c,d,e,,,lie_down,lie_down,pick_up,pick_up,,
2918,act_30_47,classroom,5.0,3,a,,,,e,b,walk,,,,jump,walk
1516,act_16_31,classroom,2.4,5,d,e,a,b,c,,jump,wave,lie_down,pick_up,sit_down,
10669,act_108_76,empty_room,5.0,5,d,,a,b,c,e,jump,,jump,wave,wave,jump
10406,act_106_11,empty_room,5.0,5,b,c,d,e,a,,walk,rotation,jump,wave,lie_down,
10250,act_104_53,empty_room,5.0,4,,b,,d,e,a,,sit_down,,stand_up,nothing,sit_down
9495,act_96_90,empty_room,5.0,1,,,,,,e,,,,,,stand_up
2264,act_23_86,classroom,5.0,1,,,,,d,,,,,,lie_down,
9972,act_101_72,empty_room,5.0,3,,d,,a,,c,,stand_up,,nothing,,stand_up
5345,act_54_98,meeting_room,2.4,5,a,,c,d,e,b,sit_down,,sit_down,sit_down,sit_down,sit_down
9588,act_97_84,empty_room,5.0,2,e,a,,,,,rotation,rotation,,,,
7655,act_78_32,empty_room,2.4,1,,,,,,d,,,,,,wave
894,act_10_3,classroom,2.4,3,a,b,c,,,,rotation,jump,wave,,,
1491,act_16_6,classroom,2.4,5,a,b,c,d,e,,lie_down,pick_up,sit_down,stand_up,nothing,
1851,act_19_69,classroom,5.0,1,c,,,,,,lie_down,,,,,
325,act_4_28,classroom,2.4,1,,,,b,,,,,,jump,,
1216,act_13_28,classroom,2.4,4,d,e,a,b,,,nothing,walk,rotation,jump,,
2934,act_30_63,classroom,5.0,3,b,,,,a,c,stand_up,,,,walk,stand_up
4690,act_48_37,meeting_room,2.4,3,e,,,,d,a,nothing,,,,wave,walk
10083,act_102_84,empty_room,5.0,3,e,,,,d,a,rotation,,,,jump,rotation
8016,act_81_96,empty_room,2.4,2,,,,,e,a,,,,,lie_down,lie_down
9691,act_98_88,empty_room,5.0,2,,,b,c,,,,,pick_up,pick_up,,
11259,act_206_72,empty_room,5.0,0,,,,,,,,,,,,
10979,act_203_89,meeting_room,2.4,0,,,,,,,,,,,,
1130,act_12_41,classroom,2.4,3,e,,,,d,a,wave,,,,stand_up,lie_down
6107,act_62_68,meeting_room,5.0,2,,,e,a,,,,,wave,lie_down,,
2919,act_30_48,classroom,5.0,3,a,,,,e,b,rotation,,,,wave,rotation
3085,act_32_16,classroom,5.0,4,,c,,e,a,b,,sit_down,,nothing,walk,pick_up
4589,act_47_35,meeting_room,2.4,3,,e,,b,,d,,stand_up,,walk,,sit_down
4305,act_44_48,meeting_room,2.4,2,,,c,d,,,,,jump,jump,,
2796,act_29_24,classroom,5.0,3,,d,,a,,c,,pick_up,,stand_up,,lie_down
5080,act_52_31,meeting_room,2.4,5,d,e,a,b,c,,jump,wave,lie_down,pick_up,sit_down,
799,act_9_7,classroom,2.4,2,,,,,e,a,,,,,walk,pick_up
735,act_8_42,classroom,2.4,2,,,b,c,,,,,sit_down,stand_up,,
9885,act_100_84,empty_room,5.0,3,e,a,b,,,,rotation,rotation,rotation,,,
2245,act_23_67,classroom,5.0,1,,,,,b,,,,,,wave,
179,act_2_80,classroom,2.4,1,,e,,,,,,sit_down,,,,
7436,act_76_11,empty_room,2.4,1,,,,e,,,,,,wave,,
9863,act_100_62,empty_room,5.0,3,b,c,d,,,,sit_down,sit_down,stand_up,,,
1175,act_12_86,classroom,2.4,3,e,,,,d,a,wave,,,,lie_down,wave
10925,act_203_35,meeting_room,2.4,0,,,,,,,,,,,,
1832,act_19_50,classroom,5.0,1,a,,,,,,wave,,,,,
9135,act_93_27,empty_room,5.0,1,,,e,,,,,,walk,,,
5481,act_56_36,meeting_room,5.0,1,,e,,,,,,nothing,,,,
9074,act_92_65,empty_room,5.0,1,,d,,,,,,walk,,,,
1782,act_18_99,classroom,2.4,5,a,,c,d,e,b,stand_up,,stand_up,stand_up,stand_up,stand_up
3202,act_33_34,classroom,5.0,4,d,,a,,c,e,pick_up,,stand_up,,walk,sit_down
199,act_3_1,classroom,2.4,1,,,c,,,,,,rotation,,,
7259,act_74_32,empty_room,2.4,1,,e,,,,,,lie_down,,,,
4088,act_42_29,meeting_room,2.4,1,,,,,,d,,,,,,walk
549,act_6_54,classroom,2.4,1,,,,,,a,,,,,,stand_up
3340,act_34_73,classroom,5.0,5,d,e,a,b,c,,nothing,nothing,nothing,walk,walk,
10653,act_108_60,empty_room,5.0,5,b,,d,e,a,c,lie_down,,pick_up,pick_up,sit_down,lie_down
5838,act_59_96,meeting_room,5.0,1,,,,,e,,,,,,lie_down,
5806,act_59_64,meeting_room,5.0,1,,,,,b,,,,,,walk,
6058,act_62_19,meeting_room,5.0,2,,,e,a,,,,,rotation,jump,,
2533,act_26_58,classroom,5.0,2,,,d,e,,,,,wave,wave,,
2315,act_24_38,classroom,5.0,1,,,,,,e,,,,,,walk
8345,act_85_29,empty_room,2.4,4,d,e,a,b,,,walk,rotation,jump,wave,,
9319,act_95_13,empty_room,5.0,1,,,,,a,,,,,,sit_down,
5088,act_52_39,meeting_room,2.4,5,e,a,b,c,d,,rotation,jump,wave,lie_down,pick_up,
67,act_1_67,classroom,2.4,1,c,,,,,,jump,,,,,
4713,act_48_60,meeting_room,2.4,3,b,,,,a,c,lie_down,,,,sit_down,lie_down
3261,act_33_93,classroom,5.0,4,a,,c,,e,b,rotation,,rotation,,rotation,rotation
5034,act_51_84,meeting_room,2.4,4,e,,b,,d,a,rotation,,rotation,,jump,rotation
2573,act_26_98,classroom,5.0,2,,,c,d,,,,,sit_down,sit_down,,
7261,act_74_34,empty_room,2.4,1,,e,,,,,,sit_down,,,,
8048,act_82_29,empty_room,2.4,3,d,e,a,,,,walk,rotation,jump,,,
623,act_7_29,classroom,2.4,2,d,e,,,,,walk,rotation,,,,
1682,act_17_98,classroom,2.4,5,,b,c,d,e,a,,sit_down,sit_down,sit_down,sit_down,sit_down
788,act_8_95,classroom,2.4,2,,,c,d,,,,,wave,wave,,
3333,act_34_66,classroom,5.0,5,c,d,e,a,b,,rotation,rotation,rotation,jump,jump,
6331,act_64_94,meeting_room,5.0,3,a,b,c,,,,jump,jump,jump,,,
8224,act_84_7,empty_room,2.4,3,a,,,,e,b,pick_up,,,,walk,sit_down
3281,act_34_14,classroom,5.0,5,b,c,d,e,a,,wave,lie_down,pick_up,sit_down,stand_up,
7066,act_72_37,meeting_room,5.0,5,e,,b,c,d,a,nothing,,rotation,jump,wave,walk
7131,act_73_3,empty_room,2.4,1,a,,,,,,rotation,,,,,
5203,act_53_55,meeting_room,2.4,5,,c,d,e,a,b,,nothing,walk,walk,rotation,nothing
9765,act_99_63,empty_room,5.0,2,,,,,a,b,,,,,walk,stand_up
7954,act_81_34,empty_room,2.4,2,,,,,c,d,,,,,walk,pick_up
479,act_5_83,classroom,2.4,1,,,,,d,,,,,,rotation,
7624,act_78_1,empty_room,2.4,1,,,,,,a,,,,,,nothing
9703,act_99_1,empty_room,5.0,2,,,,,e,a,,,,,wave,nothing
2648,act_27_74,classroom,5.0,2,,,,,c,d,,,,,rotation,walk
9265,act_94_58,empty_room,5.0,1,,,,e,,,,,,wave,,
10867,act_202_76,classroom,5.0,0,,,,,,,,,,,,
6544,act_67_10,meeting_room,5.0,4,b,c,d,e,,,nothing,walk,rotation,jump,,
1034,act_11_44,classroom,2.4,3,,a,,c,,e,,stand_up,,walk,,sit_down
9017,act_92_8,empty_room,5.0,1,,b,,,,,,stand_up,,,,
2599,act_27_25,classroom,5.0,2,,,,,b,c,,,,,walk,pick_up
9834,act_100_33,empty_room,5.0,3,d,e,a,,,,lie_down,pick_up,sit_down,,,
7135,act_73_7,empty_room,2.4,1,a,,,,,,pick_up,,,,,
5799,act_59_57,meeting_room,5.0,1,,,,,a,,,,,,wave,
345,act_4_48,classroom,2.4,1,,,,d,,,,,,jump,,
5191,act_53_43,meeting_room,2.4,5,,a,b,c,d,e,,sit_down,stand_up,nothing,walk,pick_up
1872,act_19_90,classroom,5.0,1,e,,,,,,stand_up,,,,,
9549,act_97_45,empty_room,5.0,2,e,a,,,,,stand_up,nothing,,,,
10233,act_104_36,empty_room,5.0,4,,e,,b,c,d,,nothing,,rotation,jump,stand_up
3987,act_41_27,meeting_room,2.4,1,,,,,b,,,,,,jump,
10843,act_202_52,classroom,5.0,0,,,,,,,,,,,,
2889,act_30_18,classroom,5.0,3,b,,,,a,c,stand_up,,,,jump,nothing
4624,act_47_70,meeting_room,2.4,3,,d,,a,,c,,pick_up,,sit_down,,pick_up
4819,act_49_67,meeting_room,2.4,4,c,d,e,a,,,jump,jump,jump,wave,,
221,act_3_23,classroom,2.4,1,,,e,,,,,,pick_up,,,
10375,act_105_79,empty_room,5.0,4,d,,a,,c,e,pick_up,,pick_up,,sit_down,pick_up
6142,act_63_4,meeting_room,5.0,2,,,,,e,a,,,,,sit_down,jump
9402,act_95_96,empty_room,5.0,1,,,,,e,,,,,,lie_down,
5859,act_60_18,meeting_room,5.0,1,,,,,,b,,,,,,stand_up
5205,act_53_57,meeting_room,2.4,5,,c,d,e,a,b,,rotation,jump,jump,wave,rotation
8206,act_83_88,empty_room,2.4,3,,a,,c,,e,,pick_up,,pick_up,,pick_up
4017,act_41_57,meeting_room,2.4,1,,,,,a,,,,,,wave,
5246,act_53_98,meeting_room,2.4,5,,b,c,d,e,a,,sit_down,sit_down,sit_down,sit_down,sit_down
4249,act_43_91,meeting_room,2.4,2,a,b,,,,,nothing,nothing,,,,
10336,act_105_40,empty_room,5.0,4,e,,b,,d,a,jump,,lie_down,,sit_down,wave
7593,act_77_69,empty_room,2.4,1,,,,,b,,,,,,pick_up,
9467,act_96_62,empty_room,5.0,1,,,,,,b,,,,,,sit_down
5516,act_56_71,meeting_room,5.0,1,,d,,,,,,sit_down,,,,
1265,act_13_77,classroom,2.4,4,d,e,a,b,,,wave,wave,wave,lie_down,,
4242,act_43_84,meeting_room,2.4,2,e,a,,,,,rotation,rotation,,,,
5392,act_55_46,meeting_room,5.0,1,a,,,,,,nothing,,,,,
10265,act_104_68,empty_room,5.0,4,,d,,a,b,c,,wave,,lie_down,lie_down,wave
6238,act_64_1,meeting_room,5.0,3,a,b,c,,,,nothing,walk,rotation,,,
5994,act_61_54,meeting_room,5.0,2,a,b,,,,,stand_up,stand_up,,,,
2882,act_30_11,classroom,5.0,3,b,,,,a,c,walk,,,,lie_down,rotation
1678,act_17_94,classroom,2.4,5,,b,c,d,e,a,,jump,jump,jump,jump,jump
7234,act_74_7,empty_room,2.4,1,,b,,,,,,sit_down,,,,
902,act_10_11,classroom,2.4,3,b,c,d,,,,walk,rotation,jump,,,
8635,act_88_22,empty_room,2.4,5,c,d,e,a,b,,jump,wave,lie_down,pick_up,sit_down,
2297,act_24_20,classroom,5.0,1,,,,,,c,,,,,,walk
10381,act_105_85,empty_room,5.0,4,e,,b,,d,a,jump,,jump,,wave,jump
5351,act_55_5,meeting_room,5.0,1,a,,,,,,wave,,,,,
297,act_3_99,classroom,2.4,1,,,c,,,,,,stand_up,,,
9918,act_101_18,empty_room,5.0,3,,c,,e,,b,,nothing,,rotation,,stand_up
4154,act_42_95,meeting_room,2.4,1,,,,,,a,,,,,,wave
7361,act_75_35,empty_room,2.4,1,,,a,,,,,,nothing,,,
28,act_1_28,classroom,2.4,1,d,,,,,,nothing,,,,,
5617,act_57_73,meeting_room,5.0,1,,,a,,,,,,nothing,,,
8362,act_85_46,empty_room,2.4,4,a,b,c,d,,,nothing,nothing,walk,walk,,
3830,act_39_68,meeting_room,2.4,1,,,e,,,,,,wave,,,
7654,act_78_31,empty_room,2.4,1,,,,,,d,,,,,,jump
3249,act_33_81,classroom,5.0,4,d,,a,,c,e,stand_up,,stand_up,,nothing,stand_up
9554,act_97_50,empty_room,5.0,2,a,b,,,,,wave,wave,,,,
7895,act_80_74,empty_room,2.4,2,,,a,b,,,,,walk,rotation,,
2581,act_27_7,classroom,5.0,2,,,,,e,a,,,,,walk,pick_up
5612,act_57_68,meeting_room,5.0,1,,,e,,,,,,wave,,,
6999,act_71_69,meeting_room,5.0,5,,d,e,a,b,c,,lie_down,lie_down,pick_up,pick_up,lie_down
7183,act_73_55,empty_room,2.4,1,b,,,,,,nothing,,,,,
1371,act_14_84,classroom,2.4,4,,a,,c,d,e,,rotation,,rotation,jump,rotation
11122,act_205_34,empty_room,2.4,0,,,,,,,,,,,,
8560,act_87_46,empty_room,2.4,4,a,,c,,e,b,nothing,,walk,,rotation,nothing
7922,act_81_2,empty_room,2.4,2,,,,,e,a,,,,,lie_down,walk
7657,act_78_34,empty_room,2.4,1,,,,,,d,,,,,,pick_up
682,act_7_88,classroom,2.4,2,e,a,,,,,pick_up,pick_up,,,,
10511,act_107_17,empty_room,5.0,5,,c,d,e,a,b,,stand_up,nothing,walk,rotation,sit_down
4776,act_49_24,meeting_room,2.4,4,c,d,e,a,,,lie_down,pick_up,sit_down,stand_up,,
3160,act_32_91,classroom,5.0,4,,b,,d,e,a,,nothing,,nothing,nothing,nothing
2988,act_31_18,classroom,5.0,4,b,c,d,e,,,stand_up,nothing,walk,rotation,,
4909,act_50_58,meeting_room,2.4,4,,c,,e,a,b,,jump,,wave,lie_down,jump
1883,act_20_2,classroom,5.0,1,,b,,,,,,rotation,,,,
10876,act_202_85,classroom,5.0,0,,,,,,,,,,,,
7440,act_76_15,empty_room,2.4,1,,,,e,,,,,,stand_up,,
1941,act_20_60,classroom,5.0,1,,c,,,,,,lie_down,,,,
3297,act_34_30,classroom,5.0,5,d,e,a,b,c,,rotation,jump,wave,lie_down,pick_up,
3535,act_36_70,classroom,5.0,5,c,,e,a,b,d,pick_up,,pick_up,sit_down,sit_down,pick_up
3730,act_38_67,meeting_room,2.4,1,,d,,,,,,jump,,,,
7915,act_80_94,empty_room,2.4,2,,,c,d,,,,,jump,jump,,
1182,act_12_93,classroom,2.4,3,a,,,,e,b,rotation,,,,rotation,rotation
1376,act_14_89,classroom,2.4,4,,a,,c,d,e,,sit_down,,sit_down,stand_up,sit_down
5015,act_51_65,meeting_room,2.4,4,c,,e,,b,d,walk,,walk,,rotation,walk
8359,act_85_43,empty_room,2.4,4,e,a,b,c,,,pick_up,sit_down,stand_up,nothing,,
10816,act_202_25,classroom,5.0,0,,,,,,,,,,,,
627,act_7_33,classroom,2.4,2,d,e,,,,,lie_down,pick_up,,,,
4759,act_49_7,meeting_room,2.4,4,a,b,c,d,,,pick_up,sit_down,stand_up,nothing,,
2113,act_22_34,classroom,5.0,1,,,,b,,,,,,nothing,,
7404,act_75_78,empty_room,2.4,1,,,a,,,,,,lie_down,,,
7920,act_80_99,empty_room,2.4,2,,,c,d,,,,,stand_up,stand_up,,
1768,act_18_85,classroom,2.4,5,e,,b,c,d,a,jump,,jump,jump,wave,jump
7901,act_80_80,empty_room,2.4,2,,,a,b,,,,,sit_down,stand_up,,
4181,act_43_23,meeting_room,2.4,2,c,d,,,,,wave,lie_down,,,,
8557,act_87_43,empty_room,2.4,4,e,,b,,d,a,pick_up,,stand_up,,walk,sit_down
6730,act_68_97,meeting_room,5.0,4,,b,,d,e,a,,pick_up,,pick_up,pick_up,pick_up
1463,act_15_77,classroom,2.4,4,d,,a,,c,e,wave,,wave,,lie_down,wave
2888,act_30_17,classroom,5.0,3,b,,,,a,c,sit_down,,,,rotation,stand_up
5618,act_57_74,meeting_room,5.0,1,,,a,,,,,,walk,,,
685,act_7_91,classroom,2.4,2,a,b,,,,,nothing,nothing,,,,
4540,act_46_85,meeting_room,2.4,3,e,a,b,,,,jump,jump,jump,,,
4515,act_46_60,meeting_room,2.4,3,b,c,d,,,,lie_down,lie_down,pick_up,,,
9888,act_100_87,empty_room,5.0,3,e,a,b,,,,lie_down,lie_down,lie_down,,,
8887,act_90_76,empty_room,2.4,5,d,,a,b,c,e,jump,,jump,wave,wave,jump
1367,act_14_80,classroom,2.4,4,,e,,b,c,d,,sit_down,,stand_up,stand_up,sit_down
3917,act_40_56,meeting_room,2.4,1,,,,e,,,,,,rotation,,
11065,act_204_76,meeting_room,5.0,0,,,,,,,,,,,,
2640,act_27_66,classroom,5.0,2,,,,,b,c,,,,,jump,rotation
10685,act_108_92,empty_room,5.0,5,a,,c,d,e,b,walk,,walk,walk,walk,walk
10201,act_104_4,empty_room,5.0,4,,b,,d,e,a,,wave,,pick_up,sit_down,jump
7423,act_75_97,empty_room,2.4,1,,,c,,,,,,pick_up,,,
2301,act_24_24,classroom,5.0,1,,,,,,c,,,,,,lie_down
4788,act_49_36,meeting_room,2.4,4,d,e,a,b,,,stand_up,nothing,walk,rotation,,
2939,act_30_68,classroom,5.0,3,c,,,,b,d,wave,,,,lie_down,wave
7841,act_80_20,empty_room,2.4,2,,,e,a,,,,,jump,wave,,
9776,act_99_74,empty_room,5.0,2,,,,,c,d,,,,,rotation,walk
6400,act_65_64,meeting_room,5.0,3,,d,,a,,c,,nothing,,walk,,nothing
1980,act_20_99,classroom,5.0,1,,b,,,,,,stand_up,,,,
3804,act_39_42,meeting_room,2.4,1,,,b,,,,,,sit_down,,,
4535,act_46_80,meeting_room,2.4,3,d,e,a,,,,sit_down,sit_down,sit_down,,,
5779,act_59_37,meeting_room,5.0,1,,,,,d,,,,,,wave,
5520,act_56_75,meeting_room,5.0,1,,e,,,,,,rotation,,,,
5826,act_59_84,meeting_room,5.0,1,,,,,d,,,,,,jump,
6033,act_61_93,meeting_room,5.0,2,a,b,,,,,rotation,rotation,,,,
8476,act_86_61,empty_room,2.4,4,,c,,e,a,b,,pick_up,,sit_down,stand_up,pick_up
4801,act_49_49,meeting_room,2.4,4,a,b,c,d,,,jump,jump,wave,wave,,
2281,act_24_4,classroom,5.0,1,,,,,,a,,,,,,jump
9657,act_98_54,empty_room,5.0,2,,,c,d,,,,,nothing,nothing,,
7466,act_76_41,empty_room,2.4,1,,,,c,,,,,,sit_down,,
4470,act_46_15,meeting_room,2.4,3,b,c,d,,,,lie_down,pick_up,sit_down,,,
5134,act_52_85,meeting_room,2.4,5,e,a,b,c,d,,jump,jump,jump,jump,wave,
999,act_11_9,classroom,2.4,3,,b,,d,,a,,nothing,,rotation,,stand_up
4131,act_42_72,meeting_room,2.4,1,,,,,,c,,,,,,stand_up
7717,act_78_94,empty_room,2.4,1,,,,,,a,,,,,,jump
11069,act_204_80,meeting_room,5.0,0,,,,,,,,,,,,
1785,act_19_3,classroom,5.0,1,a,,,,,,rotation,,,,,
3183,act_33_15,classroom,5.0,4,b,,d,,a,c,lie_down,,sit_down,,nothing,pick_up
495,act_5_99,classroom,2.4,1,,,,,e,,,,,,stand_up,
5683,act_58_40,meeting_room,5.0,1,,,,c,,,,,,pick_up,,
8772,act_89_60,empty_room,2.4,5,,c,d,e,a,b,,lie_down,pick_up,pick_up,sit_down,lie_down
5307,act_54_60,meeting_room,2.4,5,b,,d,e,a,c,lie_down,,pick_up,pick_up,sit_down,lie_down
2861,act_29_89,classroom,5.0,3,,a,,c,,e,,sit_down,,sit_down,,sit_down
10466,act_106_71,empty_room,5.0,5,c,d,e,a,b,,sit_down,sit_down,sit_down,stand_up,stand_up,
4042,act_41_82,meeting_room,2.4,1,,,,,d,,,,,,walk,
8888,act_90_77,empty_room,2.4,5,d,,a,b,c,e,wave,,wave,lie_down,lie_down,wave
2898,act_30_27,classroom,5.0,3,c,,,,b,d,stand_up,,,,jump,nothing
367,act_4_70,classroom,2.4,1,,,,a,,,,,,sit_down,,
850,act_9_58,classroom,2.4,2,,,,,a,b,,,,,lie_down,jump
6741,act_69_9,meeting_room,5.0,4,a,,c,,e,b,stand_up,,walk,,jump,nothing
5637,act_57_93,meeting_room,5.0,1,,,c,,,,,,rotation,,,
6837,act_70_6,meeting_room,5.0,5,a,b,c,d,e,,lie_down,pick_up,sit_down,stand_up,nothing,
5482,act_56_37,meeting_room,5.0,1,,a,,,,,,walk,,,,
2654,act_27_80,classroom,5.0,2,,,,,c,d,,,,,stand_up,sit_down
3504,act_36_39,classroom,5.0,5,e,,b,c,d,a,rotation,,wave,lie_down,pick_up,jump
1542,act_16_57,classroom,2.4,5,b,c,d,e,a,,rotation,rotation,jump,jump,wave,
7541,act_77_17,empty_room,2.4,1,,,,,a,,,,,,rotation,
10015,act_102_16,empty_room,5.0,3,b,,,,a,c,pick_up,,,,walk,sit_down
323,act_4_26,classroom,2.4,1,,,,a,,,,,,walk,,
2032,act_21_52,classroom,5.0,1,,,c,,,,,,sit_down,,,
6682,act_68_49,meeting_room,5.0,4,,b,,d,e,a,,jump,,wave,lie_down,jump
814,act_9_22,classroom,2.4,2,,,,,b,c,,,,,sit_down,jump
2529,act_26_54,classroom,5.0,2,,,c,d,,,,,nothing,nothing,,
10590,act_107_96,empty_room,5.0,5,,b,c,d,e,a,,lie_down,lie_down,lie_down,lie_down,lie_down
10874,act_202_83,classroom,5.0,0,,,,,,,,,,,,
10383,act_105_87,empty_room,5.0,4,e,,b,,d,a,lie_down,,lie_down,,pick_up,lie_down
1080,act_11_90,classroom,2.4,3,,a,,c,,e,,stand_up,,stand_up,,stand_up
2227,act_23_49,classroom,5.0,1,,,,,e,,,,,,lie_down,
10512,act_107_18,empty_room,5.0,5,,c,d,e,a,b,,nothing,walk,rotation,jump,stand_up
9226,act_94_19,empty_room,5.0,1,,,,a,,,,,,jump,,
2706,act_28_33,classroom,5.0,3,d,e,a,,,,lie_down,pick_up,sit_down,,,
8452,act_86_37,empty_room,2.4,4,,a,,c,d,e,,walk,,jump,wave,nothing
5422,act_55_76,meeting_room,5.0,1,d,,,,,,jump,,,,,
1165,act_12_76,classroom,2.4,3,d,,,,c,e,jump,,,,wave,jump
3262,act_33_94,classroom,5.0,4,a,,c,,e,b,jump,,jump,,jump,jump
10626,act_108_33,empty_room,5.0,5,d,,a,b,c,e,lie_down,,sit_down,stand_up,nothing,pick_up
1451,act_15_65,classroom,2.4,4,c,,e,,b,d,walk,,walk,,rotation,walk
4230,act_43_72,meeting_room,2.4,2,c,d,,,,,stand_up,stand_up,,,,
3863,act_40_2,meeting_room,2.4,1,,,,d,,,,,,wave,,
7767,act_79_45,empty_room,2.4,2,e,a,,,,,stand_up,nothing,,,,
9911,act_101_11,empty_room,5.0,3,,c,,e,,b,,rotation,,wave,,walk
3918,act_40_57,meeting_room,2.4,1,,,,e,,,,,,jump,,
7096,act_72_67,meeting_room,5.0,5,c,,e,a,b,d,jump,,jump,wave,wave,jump
9210,act_94_3,empty_room,5.0,1,,,,d,,,,,,lie_down,,
7908,act_80_87,empty_room,2.4,2,,,b,c,,,,,lie_down,lie_down,,
10935,act_203_45,meeting_room,2.4,0,,,,,,,,,,,,
10191,act_103_93,empty_room,5.0,4,a,b,c,d,,,rotation,rotation,rotation,rotation,,
4057,act_41_97,meeting_room,2.4,1,,,,,e,,,,,,pick_up,
10740,act_201_48,classroom,2.4,0,,,,,,,,,,,,
3000,act_31_30,classroom,5.0,4,d,e,a,b,,,rotation,jump,wave,lie_down,,
10188,act_103_90,empty_room,5.0,4,e,a,b,c,,,stand_up,stand_up,stand_up,stand_up,,
1232,act_13_44,classroom,2.4,4,e,a,b,c,,,sit_down,stand_up,nothing,walk,,
1515,act_16_30,classroom,2.4,5,d,e,a,b,c,,rotation,jump,wave,lie_down,pick_up,
2314,act_24_37,classroom,5.0,1,,,,,,e,,,,,,nothing
1452,act_15_66,classroom,2.4,4,c,,e,,b,d,rotation,,rotation,,jump,rotation
10099,act_103_1,empty_room,5.0,4,a,b,c,d,,,nothing,walk,rotation,jump,,
7297,act_74_70,empty_room,2.4,1,,d,,,,,,pick_up,,,,
9628,act_98_25,empty_room,5.0,2,,,e,a,,,,,stand_up,nothing,,
4322,act_44_65,meeting_room,2.4,2,,,e,a,,,,,walk,rotation,,
7143,act_73_15,empty_room,2.4,1,b,,,,,,lie_down,,,,,
839,act_9_47,classroom,2.4,2,,,,,e,a,,,,,jump,walk
11188,act_206_1,empty_room,5.0,0,,,,,,,,,,,,
5894,act_60_53,meeting_room,5.0,1,,,,,,a,,,,,,sit_down
8157,act_83_39,empty_room,2.4,3,,a,,c,,e,,jump,,lie_down,,rotation
9595,act_97_91,empty_room,5.0,2,a,b,,,,,nothing,nothing,,,,
3568,act_37_4,meeting_room,2.4,1,a,,,,,,jump,,,,,
10461,act_106_66,empty_room,5.0,5,c,d,e,a,b,,rotation,rotation,rotation,jump,jump,
3088,act_32_19,classroom,5.0,4,,d,,a,b,c,,walk,,jump,wave,nothing
6878,act_70_47,meeting_room,5.0,5,a,b,c,d,e,,walk,walk,rotation,rotation,jump,
9760,act_99_58,empty_room,5.0,2,,,,,a,b,,,,,lie_down,jump
7434,act_76_9,empty_room,2.4,1,,,,d,,,,,,rotation,,
4693,act_48_40,meeting_room,2.4,3,e,,,,d,a,jump,,,,sit_down,wave
1715,act_18_32,classroom,2.4,5,d,,a,b,c,e,wave,,pick_up,sit_down,stand_up,lie_down
4271,act_44_14,meeting_room,2.4,2,,,d,e,,,,,pick_up,sit_down,,
340,act_4_43,classroom,2.4,1,,,,c,,,,,,nothing,,
11170,act_205_82,empty_room,2.4,0,,,,,,,,,,,,
10647,act_108_54,empty_room,5.0,5,a,,c,d,e,b,stand_up,,nothing,nothing,walk,stand_up
6533,act_66_98,meeting_room,5.0,3,a,,,,e,b,sit_down,,,,sit_down,sit_down
9194,act_93_86,empty_room,5.0,1,,,b,,,,,,wave,,,
6921,act_70_90,meeting_room,5.0,5,e,a,b,c,d,,stand_up,stand_up,stand_up,stand_up,nothing,
589,act_6_94,classroom,2.4,1,,,,,,a,,,,,,jump
3366,act_34_99,classroom,5.0,5,a,b,c,d,e,,stand_up,stand_up,stand_up,stand_up,stand_up,
2671,act_27_97,classroom,5.0,2,,,,,e,a,,,,,pick_up,pick_up
3590,act_37_26,meeting_room,2.4,1,c,,,,,,sit_down,,,,,
35,act_1_35,classroom,2.4,1,d,,,,,,sit_down,,,,,
29,act_1_29,classroom,2.4,1,d,,,,,,walk,,,,,
2396,act_25_20,classroom,5.0,2,c,d,,,,,walk,rotation,,,,
6793,act_69_61,meeting_room,5.0,4,b,,d,,a,c,pick_up,,sit_down,,stand_up,pick_up
5850,act_60_9,meeting_room,5.0,1,,,,,,a,,,,,,stand_up
2171,act_22_92,classroom,5.0,1,,,,d,,,,,,walk,,
6562,act_67_28,meeting_room,5.0,4,d,e,a,b,,,nothing,walk,rotation,jump,,
7542,act_77_18,empty_room,2.4,1,,,,,a,,,,,,jump,
890,act_9_98,classroom,2.4,2,,,,,e,a,,,,,sit_down,sit_down
3879,act_40_18,meeting_room,2.4,1,,,,e,,,,,,rotation,,
3323,act_34_56,classroom,5.0,5,b,c,d,e,a,,walk,walk,rotation,rotation,jump,
10611,act_108_18,empty_room,5.0,5,b,,d,e,a,c,stand_up,,walk,rotation,jump,nothing
3515,act_36_50,classroom,5.0,5,a,,c,d,e,b,wave,,lie_down,lie_down,pick_up,wave
7093,act_72_64,meeting_room,5.0,5,c,,e,a,b,d,nothing,,nothing,walk,walk,nothing
9421,act_96_16,empty_room,5.0,1,,,,,,b,,,,,,pick_up
7656,act_78_33,empty_room,2.4,1,,,,,,d,,,,,,lie_down
3734,act_38_71,meeting_room,2.4,1,,d,,,,,,sit_down,,,,
5999,act_61_59,meeting_room,5.0,2,b,c,,,,,wave,wave,,,,
10690,act_108_97,empty_room,5.0,5,a,,c,d,e,b,pick_up,,pick_up,pick_up,pick_up,pick_up
8605,act_87_91,empty_room,2.4,4,a,,c,,e,b,nothing,,nothing,,nothing,nothing
4529,act_46_74,meeting_room,2.4,3,d,e,a,,,,walk,walk,walk,,,
1655,act_17_71,classroom,2.4,5,,d,e,a,b,c,,sit_down,sit_down,stand_up,stand_up,sit_down
6581,act_67_47,meeting_room,5.0,4,a,b,c,d,,,walk,walk,rotation,rotation,,
6569,act_67_35,meeting_room,5.0,4,d,e,a,b,,,sit_down,stand_up,nothing,walk,,
224,act_3_26,classroom,2.4,1,,,e,,,,,,nothing,,,
9738,act_99_36,empty_room,5.0,2,,,,,c,d,,,,,jump,stand_up
5655,act_58_12,meeting_room,5.0,1,,,,e,,,,,,lie_down,,
4240,act_43_82,meeting_room,2.4,2,e,a,,,,,nothing,nothing,,,,
1591,act_17_7,classroom,2.4,5,,b,c,d,e,a,,sit_down,stand_up,nothing,walk,pick_up
7616,act_77_92,empty_room,2.4,1,,,,,e,,,,,,walk,
3257,act_33_89,classroom,5.0,4,e,,b,,d,a,sit_down,,sit_down,,stand_up,sit_down
9496,act_96_91,empty_room,5.0,1,,,,,,a,,,,,,nothing
6085,act_62_46,meeting_room,5.0,2,,,c,d,,,,,walk,walk,,
2182,act_23_4,classroom,5.0,1,,,,,e,,,,,,sit_down,
6383,act_65_47,meeting_room,5.0,3,,b,,d,,a,,walk,,rotation,,walk
8441,act_86_26,empty_room,2.4,4,,d,,a,b,c,,stand_up,,walk,rotation,sit_down
7820,act_79_98,empty_room,2.4,2,a,b,,,,,sit_down,sit_down,,,,
6978,act_71_48,meeting_room,5.0,5,,b,c,d,e,a,,rotation,jump,jump,wave,rotation
8539,act_87_25,empty_room,2.4,4,c,,e,,b,d,pick_up,,stand_up,,walk,sit_down
10524,act_107_30,empty_room,5.0,5,,e,a,b,c,d,,jump,wave,lie_down,pick_up,rotation
4818,act_49_66,meeting_room,2.4,4,c,d,e,a,,,rotation,rotation,rotation,jump,,
6113,act_62_74,meeting_room,5.0,2,,,a,b,,,,,walk,rotation,,
10934,act_203_44,meeting_room,2.4,0,,,,,,,,,,,,
1210,act_13_22,classroom,2.4,4,c,d,e,a,,,jump,wave,lie_down,pick_up,,
422,act_5_26,classroom,2.4,1,,,,,b,,,,,,rotation,
9874,act_100_73,empty_room,5.0,3,d,e,a,,,,nothing,nothing,nothing,,,
1707,act_18_24,classroom,2.4,5,c,,e,a,b,d,lie_down,,sit_down,stand_up,nothing,pick_up
1159,act_12_70,classroom,2.4,3,c,,,,b,d,pick_up,,,,sit_down,pick_up
2307,act_24_30,classroom,5.0,1,,,,,,d,,,,,,rotation
274,act_3_76,classroom,2.4,1,,,a,,,,,,jump,,,
172,act_2_73,classroom,2.4,1,,e,,,,,,nothing,,,,
3957,act_40_96,meeting_room,2.4,1,,,,d,,,,,,lie_down,,
4866,act_50_15,meeting_room,2.4,4,,c,,e,a,b,,pick_up,,stand_up,nothing,lie_down
6200,act_63_62,meeting_room,5.0,2,,,,,a,b,,,,,nothing,sit_down
3189,act_33_21,classroom,5.0,4,c,,e,,b,d,rotation,,wave,,pick_up,jump
1726,act_18_43,classroom,2.4,5,e,,b,c,d,a,pick_up,,stand_up,nothing,walk,sit_down
5479,act_56_34,meeting_room,5.0,1,,e,,,,,,sit_down,,,,
10098,act_102_99,empty_room,5.0,3,a,,,,e,b,stand_up,,,,stand_up,stand_up
1565,act_16_80,classroom,2.4,5,d,e,a,b,c,,sit_down,sit_down,sit_down,stand_up,stand_up,
1783,act_19_1,classroom,5.0,1,a,,,,,,nothing,,,,,
844,act_9_52,classroom,2.4,2,,,,,e,a,,,,,stand_up,pick_up
10557,act_107_63,empty_room,5.0,5,,c,d,e,a,b,,stand_up,nothing,nothing,walk,stand_up
7412,act_75_86,empty_room,2.4,1,,,b,,,,,,wave,,,
905,act_10_14,classroom,2.4,3,b,c,d,,,,wave,lie_down,pick_up,,,
7529,act_77_5,empty_room,2.4,1,,,,,e,,,,,,stand_up,
10920,act_203_30,meeting_room,2.4,0,,,,,,,,,,,,
8728,act_89_16,empty_room,2.4,5,,c,d,e,a,b,,sit_down,stand_up,nothing,walk,pick_up
1548,act_16_63,classroom,2.4,5,b,c,d,e,a,,stand_up,stand_up,nothing,nothing,walk,
2081,act_22_2,classroom,5.0,1,,,,d,,,,,,wave,,
5731,act_58_88,meeting_room,5.0,1,,,,c,,,,,,pick_up,,
3986,act_41_26,meeting_room,2.4,1,,,,,b,,,,,,rotation,
8327,act_85_11,empty_room,2.4,4,b,c,d,e,,,walk,rotation,jump,wave,,
6693,act_68_60,meeting_room,5.0,4,,c,,e,a,b,,lie_down,,pick_up,sit_down,lie_down
7877,act_80_56,empty_room,2.4,2,,,d,e,,,,,rotation,rotation,,
8282,act_84_65,empty_room,2.4,3,c,,,,b,d,walk,,,,rotation,walk
9260,act_94_53,empty_room,5.0,1,,,,d,,,,,,stand_up,,
7511,act_76_86,empty_room,2.4,1,,,,c,,,,,,wave,,
3821,act_39_59,meeting_room,2.4,1,,,d,,,,,,lie_down,,,
8115,act_82_96,empty_room,2.4,3,a,b,c,,,,lie_down,lie_down,lie_down,,,
2647,act_27_73,classroom,5.0,2,,,,,c,d,,,,,walk,nothing
6674,act_68_41,meeting_room,5.0,4,,a,,c,d,e,,lie_down,,sit_down,stand_up,wave
8658,act_88_45,empty_room,2.4,5,e,a,b,c,d,,stand_up,nothing,walk,rotation,jump,
10180,act_103_82,empty_room,5.0,4,e,a,b,c,,,nothing,nothing,nothing,nothing,,
257,act_3_59,classroom,2.4,1,,,d,,,,,,lie_down,,,
8566,act_87_52,empty_room,2.4,4,a,,c,,e,b,pick_up,,sit_down,,stand_up,pick_up
4351,act_44_94,meeting_room,2.4,2,,,c,d,,,,,jump,jump,,
8370,act_85_54,empty_room,2.4,4,a,b,c,d,,,stand_up,stand_up,nothing,nothing,,
2156,act_22_77,classroom,5.0,1,,,,b,,,,,,lie_down,,
8248,act_84_31,empty_room,2.4,3,d,,,,c,e,jump,,,,sit_down,wave
10039,act_102_40,empty_room,5.0,3,e,,,,d,a,jump,,,,sit_down,wave
3716,act_38_53,meeting_room,2.4,1,,b,,,,,,sit_down,,,,
4058,act_41_98,meeting_room,2.4,1,,,,,e,,,,,,sit_down,
8262,act_84_45,empty_room,2.4,3,e,,,,d,a,stand_up,,,,jump,nothing
9368,act_95_62,empty_room,5.0,1,,,,,a,,,,,,nothing,
7580,act_77_56,empty_room,2.4,1,,,,,a,,,,,,jump,
5873,act_60_32,meeting_room,5.0,1,,,,,,d,,,,,,wave
3103,act_32_34,classroom,5.0,4,,e,,b,c,d,,sit_down,,nothing,walk,pick_up
559,act_6_64,classroom,2.4,1,,,,,,c,,,,,,nothing
5886,act_60_45,meeting_room,5.0,1,,,,,,e,,,,,,stand_up
5577,act_57_33,meeting_room,5.0,1,,,a,,,,,,sit_down,,,
1437,act_15_51,classroom,2.4,4,a,,c,,e,b,lie_down,,pick_up,,sit_down,lie_down
508,act_6_13,classroom,2.4,1,,,,,,b,,,,,,jump
5276,act_54_29,meeting_room,2.4,5,d,,a,b,c,e,walk,,jump,wave,lie_down,rotation
4473,act_46_18,meeting_room,2.4,3,b,c,d,,,,stand_up,nothing,walk,,,
1870,act_19_88,classroom,5.0,1,e,,,,,,pick_up,,,,,
5690,act_58_47,meeting_room,5.0,1,,,,d,,,,,,rotation,,
756,act_8_63,classroom,2.4,2,,,d,e,,,,,nothing,nothing,,
6924,act_70_93,meeting_room,5.0,5,a,b,c,d,e,,rotation,rotation,rotation,rotation,rotation,
4051,act_41_91,meeting_room,2.4,1,,,,,e,,,,,,nothing,
6713,act_68_80,meeting_room,5.0,4,,e,,b,c,d,,sit_down,,stand_up,stand_up,sit_down
3837,act_39_75,meeting_room,2.4,1,,,a,,,,,,rotation,,,
4387,act_45_31,meeting_room,2.4,2,,,,,c,d,,,,,sit_down,jump
6409,act_65_73,meeting_room,5.0,3,,e,,b,,d,,nothing,,walk,,nothing
2119,act_22_40,classroom,5.0,1,,,,c,,,,,,pick_up,,
7825,act_80_4,empty_room,2.4,2,,,c,d,,,,,lie_down,pick_up,,
730,act_8_37,classroom,2.4,2,,,b,c,,,,,rotation,jump,,
502,act_6_7,classroom,2.4,1,,,,,,a,,,,,,pick_up
5938,act_60_97,meeting_room,5.0,1,,,,,,a,,,,,,pick_up
10895,act_203_5,meeting_room,2.4,0,,,,,,,,,,,,
6346,act_65_10,meeting_room,5.0,3,,c,,e,,b,,walk,,jump,,nothing
1540,act_16_55,classroom,2.4,5,b,c,d,e,a,,nothing,nothing,walk,walk,rotation,
7812,act_79_90,empty_room,2.4,2,e,a,,,,,stand_up,stand_up,,,,
1212,act_13_24,classroom,2.4,4,c,d,e,a,,,lie_down,pick_up,sit_down,stand_up,,
10297,act_105_1,empty_room,5.0,4,a,,c,,e,b,nothing,,rotation,,wave,walk
673,act_7_79,classroom,2.4,2,d,e,,,,,pick_up,pick_up,,,,
4916,act_50_65,meeting_room,2.4,4,,d,,a,b,c,,walk,,rotation,rotation,walk
5515,act_56_70,meeting_room,5.0,1,,d,,,,,,pick_up,,,,
3378,act_35_12,classroom,5.0,5,,c,d,e,a,b,,jump,wave,lie_down,pick_up,rotation
4477,act_46_22,meeting_room,2.4,3,c,d,e,,,,jump,wave,lie_down,,,
9924,act_101_24,empty_room,5.0,3,,d,,a,,c,,pick_up,,stand_up,,lie_down
1465,act_15_79,classroom,2.4,4,d,,a,,c,e,pick_up,,pick_up,,sit_down,pick_up
4746,act_48_93,meeting_room,2.4,3,a,,,,e,b,rotation,,,,rotation,rotation
10077,act_102_78,empty_room,5.0,3,d,,,,c,e,lie_down,,,,pick_up,lie_down
1193,act_13_5,classroom,2.4,4,a,b,c,d,,,wave,lie_down,pick_up,sit_down,,
3794,act_39_32,meeting_room,2.4,1,,,a,,,,,,pick_up,,,
1873,act_19_91,classroom,5.0,1,a,,,,,,nothing,,,,,
3591,act_37_27,meeting_room,2.4,1,c,,,,,,stand_up,,,,,
3159,act_32_90,classroom,5.0,4,,a,,c,d,e,,stand_up,,stand_up,nothing,stand_up
9126,act_93_18,empty_room,5.0,1,,,d,,,,,,walk,,,
506,act_6_11,classroom,2.4,1,,,,,,b,,,,,,walk
244,act_3_46,classroom,2.4,1,,,c,,,,,,walk,,,
507,act_6_12,classroom,2.4,1,,,,,,b,,,,,,rotation
9245,act_94_38,empty_room,5.0,1,,,,c,,,,,,wave,,
8372,act_85_56,empty_room,2.4,4,b,c,d,e,,,walk,walk,rotation,rotation,,
9982,act_101_82,empty_room,5.0,3,,a,,c,,e,,nothing,,nothing,,nothing
6672,act_68_39,meeting_room,5.0,4,,a,,c,d,e,,jump,,lie_down,pick_up,rotation
5959,act_61_19,meeting_room,5.0,2,c,d,,,,,nothing,walk,,,,
8529,act_87_15,empty_room,2.4,4,b,,d,,a,c,lie_down,,sit_down,,nothing,pick_up
1774,act_18_91,classroom,2.4,5,a,,c,d,e,b,nothing,,nothing,nothing,nothing,nothing
5495,act_56_50,meeting_room,5.0,1,,b,,,,,,wave,,,,
7225,act_73_97,empty_room,2.4,1,a,,,,,,pick_up,,,,,
7031,act_72_2,meeting_room,5.0,5,a,,c,d,e,b,walk,,jump,wave,lie_down,rotation
9235,act_94_28,empty_room,5.0,1,,,,b,,,,,,jump,,
798,act_9_6,classroom,2.4,2,,,,,e,a,,,,,nothing,lie_down
3619,act_37_55,meeting_room,2.4,1,b,,,,,,nothing,,,,,
2382,act_25_6,classroom,5.0,2,a,b,,,,,lie_down,pick_up,,,,
2830,act_29_58,classroom,5.0,3,,c,,e,,b,,jump,,wave,,jump
10525,act_107_31,empty_room,5.0,5,,e,a,b,c,d,,wave,lie_down,pick_up,sit_down,jump
9870,act_100_69,empty_room,5.0,3,c,d,e,,,,lie_down,lie_down,lie_down,,,
4634,act_47_80,meeting_room,2.4,3,,e,,b,,d,,sit_down,,stand_up,,sit_down
313,act_4_16,classroom,2.4,1,,,,e,,,,,,nothing,,
747,act_8_54,classroom,2.4,2,,,c,d,,,,,nothing,nothing,,
3570,act_37_6,meeting_room,2.4,1,a,,,,,,lie_down,,,,,
791,act_8_98,classroom,2.4,2,,,c,d,,,,,sit_down,sit_down,,
2477,act_26_2,classroom,5.0,2,,,c,d,,,,,jump,wave,,
10534,act_107_40,empty_room,5.0,5,,a,b,c,d,e,,wave,lie_down,pick_up,sit_down,jump
2571,act_26_96,classroom,5.0,2,,,c,d,,,,,lie_down,lie_down,,
6761,act_69_29,meeting_room,5.0,4,d,,a,,c,e,walk,,jump,,lie_down,rotation
9490,act_96_85,empty_room,5.0,1,,,,,,e,,,,,,jump
4356,act_44_99,meeting_room,2.4,2,,,c,d,,,,,stand_up,stand_up,,
2164,act_22_85,classroom,5.0,1,,,,c,,,,,,jump,,
8289,act_84_72,empty_room,2.4,3,c,,,,b,d,stand_up,,,,nothing,stand_up
8061,act_82_42,empty_room,2.4,3,e,a,b,,,,lie_down,pick_up,sit_down,,,
381,act_4_84,classroom,2.4,1,,,,c,,,,,,rotation,,
7751,act_79_29,empty_room,2.4,2,d,e,,,,,walk,rotation,,,,
1293,act_14_6,classroom,2.4,4,,b,,d,e,a,,pick_up,,stand_up,nothing,lie_down
1913,act_20_32,classroom,5.0,1,,e,,,,,,lie_down,,,,
8135,act_83_17,empty_room,2.4,3,,c,,e,,b,,stand_up,,walk,,sit_down
600,act_7_6,classroom,2.4,2,a,b,,,,,lie_down,pick_up,,,,
3893,act_40_32,meeting_room,2.4,1,,,,b,,,,,,sit_down,,
4142,act_42_83,meeting_room,2.4,1,,,,,,e,,,,,,walk
1653,act_17_69,classroom,2.4,5,,d,e,a,b,c,,lie_down,lie_down,pick_up,pick_up,lie_down
6677,act_68_44,meeting_room,5.0,4,,a,,c,d,e,,stand_up,,walk,rotation,sit_down
1894,act_20_13,classroom,5.0,1,,c,,,,,,wave,,,,
1945,act_20_64,classroom,5.0,1,,d,,,,,,nothing,,,,
3396,act_35_30,classroom,5.0,5,,e,a,b,c,d,,jump,wave,lie_down,pick_up,rotation
7179,act_73_51,empty_room,2.4,1,a,,,,,,lie_down,,,,,
4363,act_45_7,meeting_room,2.4,2,,,,,e,a,,,,,walk,pick_up
11028,act_204_39,meeting_room,5.0,0,,,,,,,,,,,,
376,act_4_79,classroom,2.4,1,,,,b,,,,,,sit_down,,
1967,act_20_86,classroom,5.0,1,,a,,,,,,wave,,,,
3958,act_40_97,meeting_room,2.4,1,,,,d,,,,,,pick_up,,
10880,act_202_89,classroom,5.0,0,,,,,,,,,,,,
4424,act_45_68,meeting_room,2.4,2,,,,,b,c,,,,,lie_down,wave
5352,act_55_6,meeting_room,5.0,1,a,,,,,,lie_down,,,,,
1244,act_13_56,classroom,2.4,4,b,c,d,e,,,walk,walk,rotation,rotation,,
6811,act_69_79,meeting_room,5.0,4,d,,a,,c,e,pick_up,,pick_up,,sit_down,pick_up
10357,act_105_61,empty_room,5.0,4,b,,d,,a,c,pick_up,,sit_down,,stand_up,pick_up
5750,act_59_8,meeting_room,5.0,1,,,,,e,,,,,,rotation,
6596,act_67_62,meeting_room,5.0,4,b,c,d,e,,,sit_down,sit_down,stand_up,stand_up,,
10688,act_108_95,empty_room,5.0,5,a,,c,d,e,b,wave,,wave,wave,wave,wave
1472,act_15_86,classroom,2.4,4,e,,b,,d,a,wave,,wave,,lie_down,wave
3347,act_34_80,classroom,5.0,5,d,e,a,b,c,,sit_down,sit_down,sit_down,stand_up,stand_up,
4523,act_46_68,meeting_room,2.4,3,c,d,e,,,,wave,wave,wave,,,
9090,act_92_81,empty_room,5.0,1,,e,,,,,,stand_up,,,,
2854,act_29_82,classroom,5.0,3,,a,,c,,e,,nothing,,nothing,,nothing
4507,act_46_52,meeting_room,2.4,3,a,b,c,,,,pick_up,pick_up,sit_down,,,
10704,act_201_12,classroom,2.4,0,,,,,,,,,,,,
10149,act_103_51,empty_room,5.0,4,a,b,c,d,,,lie_down,lie_down,pick_up,pick_up,,
11034,act_204_45,meeting_room,5.0,0,,,,,,,,,,,,
4046,act_41_86,meeting_room,2.4,1,,,,,d,,,,,,lie_down,
4063,act_42_4,meeting_room,2.4,1,,,,,,a,,,,,,jump
5327,act_54_80,meeting_room,2.4,5,d,,a,b,c,e,sit_down,,sit_down,stand_up,stand_up,sit_down
6626,act_67_92,meeting_room,5.0,4,a,b,c,d,,,walk,walk,walk,walk,,
6124,act_62_85,meeting_room,5.0,2,,,b,c,,,,,jump,jump,,
4307,act_44_50,meeting_room,2.4,2,,,c,d,,,,,lie_down,lie_down,,
5140,act_52_91,meeting_room,2.4,5,a,b,c,d,e,,nothing,nothing,nothing,nothing,nothing,
6222,act_63_84,meeting_room,5.0,2,,,,,d,e,,,,,jump,rotation
10559,act_107_65,empty_room,5.0,5,,d,e,a,b,c,,walk,walk,rotation,rotation,walk
6744,act_69_12,meeting_room,5.0,4,b,,d,,a,c,rotation,,wave,,pick_up,jump
3991,act_41_31,meeting_room,2.4,1,,,,,c,,,,,,sit_down,
1050,act_11_60,classroom,2.4,3,,c,,e,,b,,lie_down,,pick_up,,lie_down
9124,act_93_16,empty_room,5.0,1,,,d,,,,,,stand_up,,,
9243,act_94_36,empty_room,5.0,1,,,,b,,,,,,rotation,,
9050,act_92_41,empty_room,5.0,1,,a,,,,,,lie_down,,,,
2036,act_21_56,classroom,5.0,1,,,d,,,,,,rotation,,,
4040,act_41_80,meeting_room,2.4,1,,,,,c,,,,,,stand_up,
6687,act_68_54,meeting_room,5.0,4,,b,,d,e,a,,stand_up,,nothing,walk,stand_up
6628,act_67_94,meeting_room,5.0,4,a,b,c,d,,,jump,jump,jump,jump,,
10567,act_107_73,empty_room,5.0,5,,e,a,b,c,d,,nothing,nothing,walk,walk,nothing
1973,act_20_92,classroom,5.0,1,,b,,,,,,walk,,,,
9430,act_96_25,empty_room,5.0,1,,,,,,c,,,,,,pick_up
2100,act_22_21,classroom,5.0,1,,,,a,,,,,,lie_down,,
1500,act_16_15,classroom,2.4,5,b,c,d,e,a,,lie_down,pick_up,sit_down,stand_up,nothing,
5206,act_53_58,meeting_room,2.4,5,,c,d,e,a,b,,jump,wave,wave,lie_down,jump
7932,act_81_12,empty_room,2.4,2,,,,,a,b,,,,,pick_up,rotation
653,act_7_59,classroom,2.4,2,b,c,,,,,wave,wave,,,,
171,act_2_72,classroom,2.4,1,,d,,,,,,stand_up,,,,
4086,act_42_27,meeting_room,2.4,1,,,,,,c,,,,,,stand_up
243,act_3_45,classroom,2.4,1,,,b,,,,,,walk,,,
11088,act_204_99,meeting_room,5.0,0,,,,,,,,,,,,
4372,act_45_16,meeting_room,2.4,2,,,,,a,b,,,,,walk,pick_up
1645,act_17_61,classroom,2.4,5,,c,d,e,a,b,,pick_up,sit_down,sit_down,stand_up,pick_up
2757,act_28_84,classroom,5.0,3,e,a,b,,,,rotation,rotation,rotation,,,
8491,act_86_76,empty_room,2.4,4,,e,,b,c,d,,jump,,wave,wave,jump
6955,act_71_25,meeting_room,5.0,5,,d,e,a,b,c,,sit_down,stand_up,nothing,walk,pick_up
5232,act_53_84,meeting_room,2.4,5,,a,b,c,d,e,,rotation,rotation,rotation,jump,rotation
2077,act_21_97,classroom,5.0,1,,,c,,,,,,pick_up,,,
4104,act_42_45,meeting_room,2.4,1,,,,,,e,,,,,,stand_up
10795,act_202_4,classroom,5.0,0,,,,,,,,,,,,
7965,act_81_45,empty_room,2.4,2,,,,,d,e,,,,,jump,stand_up
4802,act_49_50,meeting_room,2.4,4,a,b,c,d,,,wave,wave,lie_down,lie_down,,
6187,act_63_49,meeting_room,5.0,2,,,,,e,a,,,,,lie_down,jump
6250,act_64_13,meeting_room,5.0,3,b,c,d,,,,jump,wave,lie_down,,,
6513,act_66_78,meeting_room,5.0,3,d,,,,c,e,lie_down,,,,pick_up,lie_down
7464,act_76_39,empty_room,2.4,1,,,,c,,,,,,lie_down,,
8271,act_84_54,empty_room,2.4,3,a,,,,e,b,stand_up,,,,walk,stand_up
10588,act_107_94,empty_room,5.0,5,,b,c,d,e,a,,jump,jump,jump,jump,jump
6045,act_62_6,meeting_room,5.0,2,,,c,d,,,,,sit_down,stand_up,,
10792,act_202_1,classroom,5.0,0,,,,,,,,,,,,
5720,act_58_77,meeting_room,5.0,1,,,,b,,,,,,lie_down,,
9395,act_95_89,empty_room,5.0,1,,,,,d,,,,,,stand_up,
4662,act_48_9,meeting_room,2.4,3,a,,,,e,b,stand_up,,,,jump,nothing
4079,act_42_20,meeting_room,2.4,1,,,,,,c,,,,,,walk
9539,act_97_35,empty_room,5.0,2,d,e,,,,,sit_down,stand_up,,,,
641,act_7_47,classroom,2.4,2,a,b,,,,,walk,walk,,,,
1271,act_13_83,classroom,2.4,4,e,a,b,c,,,walk,walk,walk,walk,,
2779,act_29_7,classroom,5.0,3,,b,,d,,a,,sit_down,,nothing,,pick_up
6720,act_68_87,meeting_room,5.0,4,,a,,c,d,e,,lie_down,,lie_down,pick_up,lie_down
4933,act_50_82,meeting_room,2.4,4,,a,,c,d,e,,nothing,,nothing,walk,nothing
1986,act_21_6,classroom,5.0,1,,,c,,,,,,sit_down,,,
3862,act_40_1,meeting_room,2.4,1,,,,d,,,,,,jump,,
3481,act_36_16,classroom,5.0,5,b,,d,e,a,c,pick_up,,stand_up,nothing,walk,sit_down
1535,act_16_50,classroom,2.4,5,a,b,c,d,e,,wave,wave,lie_down,lie_down,pick_up,
326,act_4_29,classroom,2.4,1,,,,b,,,,,,wave,,
2339,act_24_62,classroom,5.0,1,,,,,,b,,,,,,sit_down
3981,act_41_21,meeting_room,2.4,1,,,,,b,,,,,,pick_up,
8488,act_86_73,empty_room,2.4,4,,e,,b,c,d,,nothing,,walk,walk,nothing
6014,act_61_74,meeting_room,5.0,2,d,e,,,,,walk,walk,,,,
4055,act_41_95,meeting_room,2.4,1,,,,,e,,,,,,wave,
2238,act_23_60,classroom,5.0,1,,,,,a,,,,,,sit_down,
5230,act_53_82,meeting_room,2.4,5,,a,b,c,d,e,,nothing,nothing,nothing,walk,nothing
9602,act_97_98,empty_room,5.0,2,a,b,,,,,sit_down,sit_down,,,,
4572,act_47_18,meeting_room,2.4,3,,c,,e,,b,,nothing,,rotation,,stand_up
10917,act_203_27,meeting_room,2.4,0,,,,,,,,,,,,
5475,act_56_30,meeting_room,5.0,1,,e,,,,,,jump,,,,
10609,act_108_16,empty_room,5.0,5,b,,d,e,a,c,pick_up,,stand_up,nothing,walk,sit_down
865,act_9_73,classroom,2.4,2,,,,,c,d,,,,,walk,nothing
10824,act_202_33,classroom,5.0,0,,,,,,,,,,,,
4943,act_50_92,meeting_room,2.4,4,,b,,d,e,a,,walk,,walk,walk,walk
11146,act_205_58,empty_room,2.4,0,,,,,,,,,,,,
9892,act_100_91,empty_room,5.0,3,a,b,c,,,,nothing,nothing,nothing,,,
372,act_4_75,classroom,2.4,1,,,,b,,,,,,jump,,
8014,act_81_94,empty_room,2.4,2,,,,,e,a,,,,,jump,jump
7090,act_72_61,meeting_room,5.0,5,b,,d,e,a,c,pick_up,,sit_down,sit_down,stand_up,pick_up
10645,act_108_52,empty_room,5.0,5,a,,c,d,e,b,pick_up,,sit_down,sit_down,stand_up,pick_up
6754,act_69_22,meeting_room,5.0,4,c,,e,,b,d,jump,,lie_down,,sit_down,wave
9838,act_100_37,empty_room,5.0,3,e,a,b,,,,nothing,walk,rotation,,,
7515,act_76_90,empty_room,2.4,1,,,,c,,,,,,stand_up,,
10485,act_106_90,empty_room,5.0,5,e,a,b,c,d,,stand_up,stand_up,stand_up,stand_up,nothing,
7069,act_72_40,meeting_room,5.0,5,e,,b,c,d,a,jump,,lie_down,pick_up,sit_down,wave
2365,act_24_88,classroom,5.0,1,,,,,,e,,,,,,pick_up
3214,act_33_46,classroom,5.0,4,a,,c,,e,b,nothing,,walk,,rotation,nothing
5457,act_56_12,meeting_room,5.0,1,,c,,,,,,jump,,,,
912,act_10_21,classroom,2.4,3,c,d,e,,,,rotation,jump,wave,,,
10212,act_104_15,empty_room,5.0,4,,c,,e,a,b,,pick_up,,stand_up,nothing,lie_down
9847,act_100_46,empty_room,5.0,3,a,b,c,,,,nothing,nothing,walk,,,
3790,act_39_28,meeting_room,2.4,1,,,a,,,,,,rotation,,,
9047,act_92_38,empty_room,5.0,1,,a,,,,,,rotation,,,,
9512,act_97_8,empty_room,5.0,2,a,b,,,,,sit_down,stand_up,,,,
5582,act_57_38,meeting_room,5.0,1,,,b,,,,,,jump,,,
8264,act_84_47,empty_room,2.4,3,a,,,,e,b,walk,,,,jump,walk
7574,act_77_50,empty_room,2.4,1,,,,,e,,,,,,pick_up,
5061,act_52_12,meeting_room,2.4,5,b,c,d,e,a,,rotation,jump,wave,lie_down,pick_up,
1424,act_15_38,classroom,2.4,4,e,,b,,d,a,walk,,jump,,lie_down,rotation
11067,act_204_78,meeting_room,5.0,0,,,,,,,,,,,,
480,act_5_84,classroom,2.4,1,,,,,d,,,,,,jump,
663,act_7_69,classroom,2.4,2,c,d,,,,,lie_down,lie_down,,,,
5715,act_58_72,meeting_room,5.0,1,,,,a,,,,,,nothing,,
10143,act_103_45,empty_room,5.0,4,e,a,b,c,,,stand_up,nothing,walk,rotation,,
9181,act_93_73,empty_room,5.0,1,,,a,,,,,,nothing,,,
2989,act_31_19,classroom,5.0,4,c,d,e,a,,,nothing,walk,rotation,jump,,
1120,act_12_31,classroom,2.4,3,d,,,,c,e,jump,,,,sit_down,wave
2777,act_29_5,classroom,5.0,3,,b,,d,,a,,lie_down,,sit_down,,wave
4536,act_46_81,meeting_room,2.4,3,d,e,a,,,,stand_up,stand_up,stand_up,,,
10031,act_102_32,empty_room,5.0,3,d,,,,c,e,wave,,,,stand_up,lie_down
8676,act_88_63,empty_room,2.4,5,b,c,d,e,a,,stand_up,stand_up,nothing,nothing,walk,
6380,act_65_44,meeting_room,5.0,3,,a,,c,,e,,stand_up,,walk,,sit_down
9343,act_95_37,empty_room,5.0,1,,,,,d,,,,,,wave,
8344,act_85_28,empty_room,2.4,4,d,e,a,b,,,nothing,walk,rotation,jump,,
6568,act_67_34,meeting_room,5.0,4,d,e,a,b,,,pick_up,sit_down,stand_up,nothing,,
5574,act_57_30,meeting_room,5.0,1,,,a,,,,,,wave,,,
5270,act_54_23,meeting_room,2.4,5,c,,e,a,b,d,wave,,pick_up,sit_down,stand_up,lie_down
4428,act_45_72,meeting_room,2.4,2,,,,,b,c,,,,,nothing,stand_up
8811,act_89_99,empty_room,2.4,5,,b,c,d,e,a,,stand_up,stand_up,stand_up,stand_up,stand_up
5248,act_54_1,meeting_room,2.4,5,a,,c,d,e,b,nothing,,rotation,jump,wave,walk
6099,act_62_60,meeting_room,5.0,2,,,d,e,,,,,pick_up,pick_up,,
3982,act_41_22,meeting_room,2.4,1,,,,,b,,,,,,sit_down,
8084,act_82_65,empty_room,2.4,3,c,d,e,,,,walk,walk,walk,,,
2894,act_30_23,classroom,5.0,3,c,,,,b,d,wave,,,,stand_up,lie_down
2670,act_27_96,classroom,5.0,2,,,,,e,a,,,,,lie_down,lie_down
3978,act_41_18,meeting_room,2.4,1,,,,,a,,,,,,jump,
6725,act_68_92,meeting_room,5.0,4,,b,,d,e,a,,walk,,walk,walk,walk
280,act_3_82,classroom,2.4,1,,,b,,,,,,nothing,,,
8917,act_91_7,empty_room,5.0,1,a,,,,,,pick_up,,,,,
8392,act_85_76,empty_room,2.4,4,d,e,a,b,,,jump,jump,jump,wave,,
7769,act_79_47,empty_room,2.4,2,a,b,,,,,walk,walk,,,,
11192,act_206_5,empty_room,5.0,0,,,,,,,,,,,,
5198,act_53_50,meeting_room,2.4,5,,b,c,d,e,a,,wave,lie_down,lie_down,pick_up,wave
7377,act_75_51,empty_room,2.4,1,,,c,,,,,,pick_up,,,
1695,act_18_12,classroom,2.4,5,b,,d,e,a,c,rotation,,wave,lie_down,pick_up,jump
10063,act_102_64,empty_room,5.0,3,c,,,,b,d,nothing,,,,walk,nothing
5019,act_51_69,meeting_room,2.4,4,c,,e,,b,d,lie_down,,lie_down,,pick_up,lie_down
3480,act_36_15,classroom,5.0,5,b,,d,e,a,c,lie_down,,sit_down,stand_up,nothing,pick_up
5555,act_57_11,meeting_room,5.0,1,,,d,,,,,,jump,,,
4417,act_45_61,meeting_room,2.4,2,,,,,a,b,,,,,stand_up,pick_up
10513,act_107_19,empty_room,5.0,5,,d,e,a,b,c,,walk,rotation,jump,wave,nothing
4156,act_42_97,meeting_room,2.4,1,,,,,,a,,,,,,pick_up
4884,act_50_33,meeting_room,2.4,4,,e,,b,c,d,,pick_up,,stand_up,nothing,lie_down
7888,act_80_67,empty_room,2.4,2,,,e,a,,,,,jump,wave,,
10742,act_201_50,classroom,2.4,0,,,,,,,,,,,,
9731,act_99_29,empty_room,5.0,2,,,,,c,d,,,,,lie_down,walk
9010,act_92_1,empty_room,5.0,1,,b,,,,,,walk,,,,
4297,act_44_40,meeting_room,2.4,2,,,b,c,,,,,lie_down,pick_up,,
5862,act_60_21,meeting_room,5.0,1,,,,,,c,,,,,,rotation
4684,act_48_31,meeting_room,2.4,3,d,,,,c,e,jump,,,,sit_down,wave
9506,act_97_2,empty_room,5.0,2,a,b,,,,,walk,rotation,,,,
11173,act_205_85,empty_room,2.4,0,,,,,,,,,,,,
5594,act_57_50,meeting_room,5.0,1,,,c,,,,,,lie_down,,,
2210,act_23_32,classroom,5.0,1,,,,,c,,,,,,stand_up,
8910,act_90_99,empty_room,2.4,5,a,,c,d,e,b,stand_up,,stand_up,stand_up,stand_up,stand_up
8120,act_83_2,empty_room,2.4,3,,b,,d,,a,,rotation,,wave,,walk
5403,act_55_57,meeting_room,5.0,1,b,,,,,,rotation,,,,,
7026,act_71_96,meeting_room,5.0,5,,b,c,d,e,a,,lie_down,lie_down,lie_down,lie_down,lie_down
4564,act_47_10,meeting_room,2.4,3,,c,,e,,b,,walk,,jump,,nothing
185,act_2_86,classroom,2.4,1,,a,,,,,,wave,,,,
6366,act_65_30,meeting_room,5.0,3,,e,,b,,d,,jump,,lie_down,,rotation
9967,act_101_67,empty_room,5.0,3,,d,,a,,c,,jump,,wave,,jump
4517,act_46_62,meeting_room,2.4,3,b,c,d,,,,sit_down,sit_down,stand_up,,,
2351,act_24_74,classroom,5.0,1,,,,,,d,,,,,,walk
554,act_6_59,classroom,2.4,1,,,,,,b,,,,,,wave
1398,act_15_12,classroom,2.4,4,b,,d,,a,c,rotation,,wave,,pick_up,jump
1385,act_14_98,classroom,2.4,4,,b,,d,e,a,,sit_down,,sit_down,sit_down,sit_down
8860,act_90_49,empty_room,2.4,5,a,,c,d,e,b,jump,,wave,wave,lie_down,jump
6462,act_66_27,meeting_room,5.0,3,c,,,,b,d,stand_up,,,,jump,nothing
4904,act_50_53,meeting_room,2.4,4,,b,,d,e,a,,sit_down,,stand_up,nothing,sit_down
298,act_4_1,classroom,2.4,1,,,,d,,,,,,jump,,
444,act_5_48,classroom,2.4,1,,,,,e,,,,,,wave,
9450,act_96_45,empty_room,5.0,1,,,,,,e,,,,,,stand_up
5216,act_53_68,meeting_room,2.4,5,,d,e,a,b,c,,wave,wave,lie_down,lie_down,wave
8762,act_89_50,empty_room,2.4,5,,b,c,d,e,a,,wave,lie_down,lie_down,pick_up,wave
2078,act_21_98,classroom,5.0,1,,,c,,,,,,sit_down,,,
4752,act_48_99,meeting_room,2.4,3,a,,,,e,b,stand_up,,,,stand_up,stand_up
9027,act_92_18,empty_room,5.0,1,,c,,,,,,nothing,,,,
2230,act_23_52,classroom,5.0,1,,,,,e,,,,,,stand_up,
2843,act_29_71,classroom,5.0,3,,d,,a,,c,,sit_down,,stand_up,,sit_down
2538,act_26_63,classroom,5.0,2,,,d,e,,,,,nothing,nothing,,
7966,act_81_46,empty_room,2.4,2,,,,,e,a,,,,,rotation,nothing
9370,act_95_64,empty_room,5.0,1,,,,,b,,,,,,walk,
9513,act_97_9,empty_room,5.0,2,a,b,,,,,stand_up,nothing,,,,
818,act_9_26,classroom,2.4,2,,,,,b,c,,,,,rotation,sit_down
3368,act_35_2,classroom,5.0,5,,b,c,d,e,a,,rotation,jump,wave,lie_down,walk
5729,act_58_86,meeting_room,5.0,1,,,,c,,,,,,wave,,
2579,act_27_5,classroom,5.0,2,,,,,e,a,,,,,stand_up,wave
1132,act_12_43,classroom,2.4,3,e,,,,d,a,pick_up,,,,walk,sit_down
5506,act_56_61,meeting_room,5.0,1,,c,,,,,,pick_up,,,,
9317,act_95_11,empty_room,5.0,1,,,,,a,,,,,,lie_down,
10790,act_201_98,classroom,2.4,0,,,,,,,,,,,,
8737,act_89_25,empty_room,2.4,5,,d,e,a,b,c,,sit_down,stand_up,nothing,walk,pick_up
321,act_4_24,classroom,2.4,1,,,,a,,,,,,stand_up,,
1372,act_14_85,classroom,2.4,4,,a,,c,d,e,,jump,,jump,wave,jump
4043,act_41_83,meeting_room,2.4,1,,,,,d,,,,,,rotation,
5876,act_60_35,meeting_room,5.0,1,,,,,,d,,,,,,sit_down
6573,act_67_39,meeting_room,5.0,4,e,a,b,c,,,rotation,jump,wave,lie_down,,
908,act_10_17,classroom,2.4,3,b,c,d,,,,sit_down,stand_up,nothing,,,
7800,act_79_78,empty_room,2.4,2,d,e,,,,,lie_down,lie_down,,,,
3951,act_40_90,meeting_room,2.4,1,,,,c,,,,,,stand_up,,
5530,act_56_85,meeting_room,5.0,1,,a,,,,,,jump,,,,
6018,act_61_78,meeting_room,5.0,2,d,e,,,,,lie_down,lie_down,,,,
10037,act_102_38,empty_room,5.0,3,e,,,,d,a,walk,,,,lie_down,rotation
8368,act_85_52,empty_room,2.4,4,a,b,c,d,,,pick_up,pick_up,sit_down,sit_down,,
6350,act_65_14,meeting_room,5.0,3,,c,,e,,b,,lie_down,,sit_down,,wave
8516,act_87_2,empty_room,2.4,4,a,,c,,e,b,walk,,jump,,lie_down,rotation
7753,act_79_31,empty_room,2.4,2,d,e,,,,,jump,wave,,,,
9485,act_96_80,empty_room,5.0,1,,,,,,d,,,,,,sit_down
927,act_10_36,classroom,2.4,3,d,e,a,,,,stand_up,nothing,walk,,,
7815,act_79_93,empty_room,2.4,2,a,b,,,,,rotation,rotation,,,,
16,act_1_16,classroom,2.4,1,b,,,,,,pick_up,,,,,
144,act_2_45,classroom,2.4,1,,a,,,,,,nothing,,,,
2364,act_24_87,classroom,5.0,1,,,,,,e,,,,,,lie_down
130,act_2_31,classroom,2.4,1,,e,,,,,,wave,,,,
1162,act_12_73,classroom,2.4,3,d,,,,c,e,nothing,,,,walk,nothing
10601,act_108_8,empty_room,5.0,5,a,,c,d,e,b,sit_down,,nothing,walk,rotation,stand_up
7797,act_79_75,empty_room,2.4,2,d,e,,,,,rotation,rotation,,,,
5956,act_61_16,meeting_room,5.0,2,b,c,,,,,pick_up,sit_down,,,,
11092,act_205_4,empty_room,2.4,0,,,,,,,,,,,,
6432,act_65_96,meeting_room,5.0,3,,b,,d,,a,,lie_down,,lie_down,,lie_down
5459,act_56_14,meeting_room,5.0,1,,c,,,,,,lie_down,,,,
6055,act_62_16,meeting_room,5.0,2,,,d,e,,,,,stand_up,nothing,,
5309,act_54_62,meeting_room,2.4,5,b,,d,e,a,c,sit_down,,stand_up,stand_up,nothing,sit_down
1877,act_19_95,classroom,5.0,1,a,,,,,,wave,,,,,
2489,act_26_14,classroom,5.0,2,,,d,e,,,,,pick_up,sit_down,,
6063,act_62_24,meeting_room,5.0,2,,,e,a,,,,,sit_down,stand_up,,
4480,act_46_25,meeting_room,2.4,3,c,d,e,,,,pick_up,sit_down,stand_up,,,
1183,act_12_94,classroom,2.4,3,a,,,,e,b,jump,,,,jump,jump
10840,act_202_49,classroom,5.0,0,,,,,,,,,,,,
6845,act_70_14,meeting_room,5.0,5,b,c,d,e,a,,wave,lie_down,pick_up,sit_down,stand_up,
1171,act_12_82,classroom,2.4,3,e,,,,d,a,nothing,,,,walk,nothing
7847,act_80_26,empty_room,2.4,2,,,e,a,,,,,nothing,walk,,
2183,act_23_5,classroom,5.0,1,,,,,e,,,,,,stand_up,
10776,act_201_84,classroom,2.4,0,,,,,,,,,,,,
6904,act_70_73,meeting_room,5.0,5,d,e,a,b,c,,nothing,nothing,nothing,walk,walk,
3372,act_35_6,classroom,5.0,5,,b,c,d,e,a,,pick_up,sit_down,stand_up,nothing,lie_down
9160,act_93_52,empty_room,5.0,1,,,c,,,,,,sit_down,,,
1860,act_19_78,classroom,5.0,1,d,,,,,,lie_down,,,,,
6900,act_70_69,meeting_room,5.0,5,c,d,e,a,b,,lie_down,lie_down,lie_down,pick_up,pick_up,
6093,act_62_54,meeting_room,5.0,2,,,c,d,,,,,nothing,nothing,,
11110,act_205_22,empty_room,2.4,0,,,,,,,,,,,,
8089,act_82_70,empty_room,2.4,3,c,d,e,,,,pick_up,pick_up,pick_up,,,
8347,act_85_31,empty_room,2.4,4,d,e,a,b,,,jump,wave,lie_down,pick_up,,
3589,act_37_25,meeting_room,2.4,1,c,,,,,,pick_up,,,,,
7182,act_73_54,empty_room,2.4,1,a,,,,,,stand_up,,,,,
3122,act_32_53,classroom,5.0,4,,b,,d,e,a,,sit_down,,stand_up,nothing,sit_down
388,act_4_91,classroom,2.4,1,,,,d,,,,,,nothing,,
1312,act_14_25,classroom,2.4,4,,d,,a,b,c,,sit_down,,nothing,walk,pick_up
1033,act_11_43,classroom,2.4,3,,a,,c,,e,,sit_down,,nothing,,pick_up
9399,act_95_93,empty_room,5.0,1,,,,,e,,,,,,rotation,
6923,act_70_92,meeting_room,5.0,5,a,b,c,d,e,,walk,walk,walk,walk,walk,
8571,act_87_57,empty_room,2.4,4,b,,d,,a,c,rotation,,jump,,wave,rotation
4937,act_50_86,meeting_room,2.4,4,,a,,c,d,e,,wave,,wave,lie_down,wave
932,act_10_41,classroom,2.4,3,e,a,b,,,,wave,lie_down,pick_up,,,
6320,act_64_83,meeting_room,5.0,3,e,a,b,,,,walk,walk,walk,,,
4020,act_41_60,meeting_room,2.4,1,,,,,a,,,,,,sit_down,
692,act_7_98,classroom,2.4,2,a,b,,,,,sit_down,sit_down,,,,
6775,act_69_43,meeting_room,5.0,4,e,,b,,d,a,pick_up,,stand_up,,walk,sit_down
1910,act_20_29,classroom,5.0,1,,e,,,,,,rotation,,,,
830,act_9_38,classroom,2.4,2,,,,,d,e,,,,,lie_down,walk
3499,act_36_34,classroom,5.0,5,d,,a,b,c,e,pick_up,,stand_up,nothing,walk,sit_down
2082,act_22_3,classroom,5.0,1,,,,d,,,,,,lie_down,,
10062,act_102_63,empty_room,5.0,3,b,,,,a,c,stand_up,,,,walk,stand_up
10662,act_108_69,empty_room,5.0,5,c,,e,a,b,d,lie_down,,lie_down,pick_up,pick_up,lie_down
45,act_1_45,classroom,2.4,1,e,,,,,,stand_up,,,,,
3940,act_40_79,meeting_room,2.4,1,,,,b,,,,,,sit_down,,
10095,act_102_96,empty_room,5.0,3,a,,,,e,b,lie_down,,,,lie_down,lie_down
8333,act_85_17,empty_room,2.4,4,b,c,d,e,,,sit_down,stand_up,nothing,walk,,
4320,act_44_63,meeting_room,2.4,2,,,d,e,,,,,nothing,nothing,,
2966,act_30_95,classroom,5.0,3,a,,,,e,b,wave,,,,wave,wave
3970,act_41_10,meeting_room,2.4,1,,,,,a,,,,,,wave,
1188,act_12_99,classroom,2.4,3,a,,,,e,b,stand_up,,,,stand_up,stand_up
10114,act_103_16,empty_room,5.0,4,b,c,d,e,,,pick_up,sit_down,stand_up,nothing,,
6786,act_69_54,meeting_room,5.0,4,a,,c,,e,b,stand_up,,nothing,,walk,stand_up
10614,act_108_21,empty_room,5.0,5,c,,e,a,b,d,rotation,,wave,lie_down,pick_up,jump
285,act_3_87,classroom,2.4,1,,,b,,,,,,lie_down,,,
10023,act_102_24,empty_room,5.0,3,c,,,,b,d,lie_down,,,,nothing,pick_up
4160,act_43_2,meeting_room,2.4,2,a,b,,,,,walk,rotation,,,,
3093,act_32_24,classroom,5.0,4,,d,,a,b,c,,pick_up,,stand_up,nothing,lie_down
7279,act_74_52,empty_room,2.4,1,,b,,,,,,pick_up,,,,
4557,act_47_3,meeting_room,2.4,3,,b,,d,,a,,jump,,lie_down,,rotation
8740,act_89_28,empty_room,2.4,5,,e,a,b,c,d,,walk,rotation,jump,wave,nothing
5849,act_60_8,meeting_room,5.0,1,,,,,,a,,,,,,sit_down
4324,act_44_67,meeting_room,2.4,2,,,e,a,,,,,jump,wave,,
9488,act_96_83,empty_room,5.0,1,,,,,,e,,,,,,walk
6805,act_69_73,meeting_room,5.0,4,d,,a,,c,e,nothing,,nothing,,walk,nothing
3365,act_34_98,classroom,5.0,5,a,b,c,d,e,,sit_down,sit_down,sit_down,sit_down,sit_down,
1405,act_15_19,classroom,2.4,4,c,,e,,b,d,nothing,,rotation,,wave,walk
3196,act_33_28,classroom,5.0,4,d,,a,,c,e,nothing,,rotation,,wave,walk
6557,act_67_23,meeting_room,5.0,4,c,d,e,a,,,wave,lie_down,pick_up,sit_down,,
970,act_10_79,classroom,2.4,3,d,e,a,,,,pick_up,pick_up,pick_up,,,
3735,act_38_72,meeting_room,2.4,1,,d,,,,,,stand_up,,,,
926,act_10_35,classroom,2.4,3,d,e,a,,,,sit_down,stand_up,nothing,,,
10724,act_201_32,classroom,2.4,0,,,,,,,,,,,,
8198,act_83_80,empty_room,2.4,3,,e,,b,,d,,sit_down,,stand_up,,sit_down
4726,act_48_73,meeting_room,2.4,3,d,,,,c,e,nothing,,,,walk,nothing
9858,act_100_57,empty_room,5.0,3,b,c,d,,,,rotation,rotation,jump,,,
2852,act_29_80,classroom,5.0,3,,e,,b,,d,,sit_down,,stand_up,,sit_down
9315,act_95_9,empty_room,5.0,1,,,,,e,,,,,,jump,
6619,act_67_85,meeting_room,5.0,4,e,a,b,c,,,jump,jump,jump,jump,,
7810,act_79_88,empty_room,2.4,2,e,a,,,,,pick_up,pick_up,,,,
10014,act_102_15,empty_room,5.0,3,b,,,,a,c,lie_down,,,,nothing,pick_up
9026,act_92_17,empty_room,5.0,1,,c,,,,,,stand_up,,,,
4472,act_46_17,meeting_room,2.4,3,b,c,d,,,,sit_down,stand_up,nothing,,,
6577,act_67_43,meeting_room,5.0,4,e,a,b,c,,,pick_up,sit_down,stand_up,nothing,,
4349,act_44_92,meeting_room,2.4,2,,,c,d,,,,,walk,walk,,
10140,act_103_42,empty_room,5.0,4,e,a,b,c,,,lie_down,pick_up,sit_down,stand_up,,
9603,act_97_99,empty_room,5.0,2,a,b,,,,,stand_up,stand_up,,,,
3627,act_37_63,meeting_room,2.4,1,b,,,,,,stand_up,,,,,
1790,act_19_8,classroom,5.0,1,a,,,,,,sit_down,,,,,
10362,act_105_66,empty_room,5.0,4,c,,e,,b,d,rotation,,rotation,,jump,rotation
2060,act_21_80,classroom,5.0,1,,,a,,,,,,sit_down,,,
8779,act_89_67,empty_room,2.4,5,,d,e,a,b,c,,jump,jump,wave,wave,jump
6031,act_61_91,meeting_room,5.0,2,a,b,,,,,nothing,nothing,,,,
4014,act_41_54,meeting_room,2.4,1,,,,,e,,,,,,walk,
1903,act_20_22,classroom,5.0,1,,d,,,,,,wave,,,,
4687,act_48_34,meeting_room,2.4,3,d,,,,c,e,pick_up,,,,walk,sit_down
7121,act_72_92,meeting_room,5.0,5,a,,c,d,e,b,walk,,walk,walk,walk,walk
4923,act_50_72,meeting_room,2.4,4,,d,,a,b,c,,stand_up,,nothing,nothing,stand_up
8515,act_87_1,empty_room,2.4,4,a,,c,,e,b,nothing,,rotation,,wave,walk
76,act_1_76,classroom,2.4,1,d,,,,,,jump,,,,,
2346,act_24_69,classroom,5.0,1,,,,,,c,,,,,,lie_down
9189,act_93_81,empty_room,5.0,1,,,a,,,,,,stand_up,,,
431,act_5_35,classroom,2.4,1,,,,,c,,,,,,rotation,
4587,act_47_33,meeting_room,2.4,3,,e,,b,,d,,pick_up,,stand_up,,lie_down
5484,act_56_39,meeting_room,5.0,1,,a,,,,,,jump,,,,
7563,act_77_39,empty_room,2.4,1,,,,,d,,,,,,pick_up,
6434,act_65_98,meeting_room,5.0,3,,b,,d,,a,,sit_down,,sit_down,,sit_down
9527,act_97_23,empty_room,5.0,2,c,d,,,,,wave,lie_down,,,,
9223,act_94_16,empty_room,5.0,1,,,,e,,,,,,nothing,,
10164,act_103_66,empty_room,5.0,4,c,d,e,a,,,rotation,rotation,rotation,jump,,
1554,act_16_69,classroom,2.4,5,c,d,e,a,b,,lie_down,lie_down,lie_down,pick_up,pick_up,
241,act_3_43,classroom,2.4,1,,,b,,,,,,stand_up,,,
784,act_8_91,classroom,2.4,2,,,c,d,,,,,nothing,nothing,,
9397,act_95_91,empty_room,5.0,1,,,,,e,,,,,,nothing,
3067,act_31_97,classroom,5.0,4,a,b,c,d,,,pick_up,pick_up,pick_up,pick_up,,
978,act_10_87,classroom,2.4,3,e,a,b,,,,lie_down,lie_down,lie_down,,,
4906,act_50_55,meeting_room,2.4,4,,c,,e,a,b,,nothing,,walk,rotation,nothing
5696,act_58_53,meeting_room,5.0,1,,,,d,,,,,,stand_up,,
2942,act_30_71,classroom,5.0,3,c,,,,b,d,sit_down,,,,stand_up,sit_down
9958,act_101_58,empty_room,5.0,3,,c,,e,,b,,jump,,wave,,jump
6868,act_70_37,meeting_room,5.0,5,e,a,b,c,d,,nothing,walk,rotation,jump,wave,
6561,act_67_27,meeting_room,5.0,4,c,d,e,a,,,stand_up,nothing,walk,rotation,,
9594,act_97_90,empty_room,5.0,2,e,a,,,,,stand_up,stand_up,,,,
1621,act_17_37,classroom,2.4,5,,a,b,c,d,e,,walk,rotation,jump,wave,nothing
5643,act_57_99,meeting_room,5.0,1,,,c,,,,,,stand_up,,,
8096,act_82_77,empty_room,2.4,3,d,e,a,,,,wave,wave,wave,,,
2147,act_22_68,classroom,5.0,1,,,,a,,,,,,lie_down,,
1802,act_19_20,classroom,5.0,1,c,,,,,,walk,,,,,
2096,act_22_17,classroom,5.0,1,,,,e,,,,,,walk,,
7734,act_79_12,empty_room,2.4,2,b,c,,,,,rotation,jump,,,,
6887,act_70_56,meeting_room,5.0,5,b,c,d,e,a,,walk,walk,rotation,rotation,jump,
1358,act_14_71,classroom,2.4,4,,d,,a,b,c,,sit_down,,stand_up,stand_up,sit_down
9173,act_93_65,empty_room,5.0,1,,,e,,,,,,walk,,,
9428,act_96_23,empty_room,5.0,1,,,,,,c,,,,,,wave
9439,act_96_34,empty_room,5.0,1,,,,,,d,,,,,,pick_up
7307,act_74_80,empty_room,2.4,1,,e,,,,,,sit_down,,,,
8782,act_89_70,empty_room,2.4,5,,d,e,a,b,c,,pick_up,pick_up,sit_down,sit_down,pick_up
7665,act_78_42,empty_room,2.4,1,,,,,,e,,,,,,lie_down
11204,act_206_17,empty_room,5.0,0,,,,,,,,,,,,
9907,act_101_7,empty_room,5.0,3,,b,,d,,a,,sit_down,,nothing,,pick_up
6951,act_71_21,meeting_room,5.0,5,,d,e,a,b,c,,jump,wave,lie_down,pick_up,rotation
1610,act_17_26,classroom,2.4,5,,d,e,a,b,c,,stand_up,nothing,walk,rotation,sit_down
3097,act_32_28,classroom,5.0,4,,e,,b,c,d,,walk,,jump,wave,nothing
7068,act_72_39,meeting_room,5.0,5,e,,b,c,d,a,rotation,,wave,lie_down,pick_up,jump
2416,act_25_40,classroom,5.0,2,e,a,,,,,jump,wave,,,,
2018,act_21_38,classroom,5.0,1,,,b,,,,,,jump,,,
7666,act_78_43,empty_room,2.4,1,,,,,,e,,,,,,pick_up
4126,act_42_67,meeting_room,2.4,1,,,,,,c,,,,,,jump
5847,act_60_6,meeting_room,5.0,1,,,,,,a,,,,,,lie_down
5376,act_55_30,meeting_room,5.0,1,d,,,,,,rotation,,,,,
11062,act_204_73,meeting_room,5.0,0,,,,,,,,,,,,
10821,act_202_30,classroom,5.0,0,,,,,,,,,,,,
3247,act_33_79,classroom,5.0,4,d,,a,,c,e,pick_up,,pick_up,,sit_down,pick_up
125,act_2_26,classroom,2.4,1,,d,,,,,,stand_up,,,,
8171,act_83_53,empty_room,2.4,3,,b,,d,,a,,sit_down,,stand_up,,sit_down
10548,act_107_54,empty_room,5.0,5,,b,c,d,e,a,,stand_up,nothing,nothing,walk,stand_up
9342,act_95_36,empty_room,5.0,1,,,,,c,,,,,,jump,
841,act_9_49,classroom,2.4,2,,,,,e,a,,,,,lie_down,jump
5650,act_58_7,meeting_room,5.0,1,,,,d,,,,,,nothing,,
10339,act_105_43,empty_room,5.0,4,e,,b,,d,a,pick_up,,stand_up,,walk,sit_down
3342,act_34_75,classroom,5.0,5,d,e,a,b,c,,rotation,rotation,rotation,jump,jump,
599,act_7_5,classroom,2.4,2,a,b,,,,,wave,lie_down,,,,
2124,act_22_45,classroom,5.0,1,,,,c,,,,,,rotation,,
5513,act_56_68,meeting_room,5.0,1,,d,,,,,,wave,,,,
7613,act_77_89,empty_room,2.4,1,,,,,d,,,,,,stand_up,
8889,act_90_78,empty_room,2.4,5,d,,a,b,c,e,lie_down,,lie_down,pick_up,pick_up,lie_down
10308,act_105_12,empty_room,5.0,4,b,,d,,a,c,rotation,,wave,,pick_up,jump
8588,act_87_74,empty_room,2.4,4,d,,a,,c,e,walk,,walk,,rotation,walk
10910,act_203_20,meeting_room,2.4,0,,,,,,,,,,,,
2198,act_23_20,classroom,5.0,1,,,,,b,,,,,,lie_down,
4052,act_41_92,meeting_room,2.4,1,,,,,e,,,,,,walk,
7712,act_78_89,empty_room,2.4,1,,,,,,e,,,,,,sit_down
3363,act_34_96,classroom,5.0,5,a,b,c,d,e,,lie_down,lie_down,lie_down,lie_down,lie_down,
2502,act_26_27,classroom,5.0,2,,,e,a,,,,,walk,rotation,,
726,act_8_33,classroom,2.4,2,,,a,b,,,,,sit_down,stand_up,,
6293,act_64_56,meeting_room,5.0,3,b,c,d,,,,walk,walk,rotation,,,
979,act_10_88,classroom,2.4,3,e,a,b,,,,pick_up,pick_up,pick_up,,,
809,act_9_17,classroom,2.4,2,,,,,a,b,,,,,rotation,sit_down
7728,act_79_6,empty_room,2.4,2,a,b,,,,,lie_down,pick_up,,,,
1476,act_15_90,classroom,2.4,4,e,,b,,d,a,stand_up,,stand_up,,nothing,stand_up
8482,act_86_67,empty_room,2.4,4,,d,,a,b,c,,jump,,wave,wave,jump
6000,act_61_60,meeting_room,5.0,2,b,c,,,,,lie_down,lie_down,,,,
7064,act_72_35,meeting_room,5.0,5,d,,a,b,c,e,sit_down,,nothing,walk,rotation,stand_up
4907,act_50_56,meeting_room,2.4,4,,c,,e,a,b,,walk,,rotation,jump,walk
7880,act_80_59,empty_room,2.4,2,,,d,e,,,,,lie_down,lie_down,,
10200,act_104_3,empty_room,5.0,4,,b,,d,e,a,,jump,,lie_down,pick_up,rotation
4931,act_50_80,meeting_room,2.4,4,,e,,b,c,d,,sit_down,,stand_up,stand_up,sit_down
4543,act_46_88,meeting_room,2.4,3,e,a,b,,,,pick_up,pick_up,pick_up,,,
3963,act_41_3,meeting_room,2.4,1,,,,,e,,,,,,pick_up,
8168,act_83_50,empty_room,2.4,3,,b,,d,,a,,wave,,lie_down,,wave
6261,act_64_24,meeting_room,5.0,3,c,d,e,,,,lie_down,pick_up,sit_down,,,
1236,act_13_48,classroom,2.4,4,a,b,c,d,,,rotation,rotation,jump,jump,,
1226,act_13_38,classroom,2.4,4,e,a,b,c,,,walk,rotation,jump,wave,,
1765,act_18_82,classroom,2.4,5,e,,b,c,d,a,nothing,,nothing,nothing,walk,nothing
9258,act_94_51,empty_room,5.0,1,,,,d,,,,,,pick_up,,
7636,act_78_13,empty_room,2.4,1,,,,,,b,,,,,,jump
6502,act_66_67,meeting_room,5.0,3,c,,,,b,d,jump,,,,wave,jump
10553,act_107_59,empty_room,5.0,5,,c,d,e,a,b,,wave,lie_down,lie_down,pick_up,wave
3218,act_33_50,classroom,5.0,4,a,,c,,e,b,wave,,lie_down,,pick_up,wave
5738,act_58_95,meeting_room,5.0,1,,,,d,,,,,,wave,,
288,act_3_90,classroom,2.4,1,,,b,,,,,,stand_up,,,
10115,act_103_17,empty_room,5.0,4,b,c,d,e,,,sit_down,stand_up,nothing,walk,,
2967,act_30_96,classroom,5.0,3,a,,,,e,b,lie_down,,,,lie_down,lie_down
3165,act_32_96,classroom,5.0,4,,b,,d,e,a,,lie_down,,lie_down,lie_down,lie_down
7643,act_78_20,empty_room,2.4,1,,,,,,c,,,,,,walk
10038,act_102_39,empty_room,5.0,3,e,,,,d,a,rotation,,,,pick_up,jump
1658,act_17_74,classroom,2.4,5,,e,a,b,c,d,,walk,walk,rotation,rotation,walk
1976,act_20_95,classroom,5.0,1,,b,,,,,,wave,,,,
2398,act_25_22,classroom,5.0,2,c,d,,,,,jump,wave,,,,
453,act_5_57,classroom,2.4,1,,,,,a,,,,,,wave,
2711,act_28_38,classroom,5.0,3,e,a,b,,,,walk,rotation,jump,,,
10753,act_201_61,classroom,2.4,0,,,,,,,,,,,,
3682,act_38_19,meeting_room,2.4,1,,d,,,,,,walk,,,,
423,act_5_27,classroom,2.4,1,,,,,b,,,,,,jump,
7705,act_78_82,empty_room,2.4,1,,,,,,e,,,,,,nothing
5317,act_54_70,meeting_room,2.4,5,c,,e,a,b,d,pick_up,,pick_up,sit_down,sit_down,pick_up
658,act_7_64,classroom,2.4,2,c,d,,,,,nothing,nothing,,,,
3302,act_34_35,classroom,5.0,5,d,e,a,b,c,,sit_down,stand_up,nothing,walk,rotation,
10569,act_107_75,empty_room,5.0,5,,e,a,b,c,d,,rotation,rotation,jump,jump,rotation
2846,act_29_74,classroom,5.0,3,,e,,b,,d,,walk,,rotation,,walk
7659,act_78_36,empty_room,2.4,1,,,,,,d,,,,,,stand_up
8852,act_90_41,empty_room,2.4,5,e,,b,c,d,a,wave,,pick_up,sit_down,stand_up,lie_down
5245,act_53_97,meeting_room,2.4,5,,b,c,d,e,a,,pick_up,pick_up,pick_up,pick_up,pick_up
1002,act_11_12,classroom,2.4,3,,c,,e,,b,,jump,,lie_down,,rotation
4199,act_43_41,meeting_room,2.4,2,e,a,,,,,wave,lie_down,,,,
2419,act_25_43,classroom,5.0,2,e,a,,,,,pick_up,sit_down,,,,
876,act_9_84,classroom,2.4,2,,,,,d,e,,,,,jump,rotation
6759,act_69_27,meeting_room,5.0,4,c,,e,,b,d,stand_up,,walk,,jump,nothing
3848,act_39_86,meeting_room,2.4,1,,,b,,,,,,wave,,,
962,act_10_71,classroom,2.4,3,c,d,e,,,,sit_down,sit_down,sit_down,,,
1581,act_16_96,classroom,2.4,5,a,b,c,d,e,,lie_down,lie_down,lie_down,lie_down,lie_down,
6384,act_65_48,meeting_room,5.0,3,,b,,d,,a,,rotation,,jump,,rotation
2207,act_23_29,classroom,5.0,1,,,,,c,,,,,,lie_down,
8032,act_82_13,empty_room,2.4,3,b,c,d,,,,jump,wave,lie_down,,,
7493,act_76_68,empty_room,2.4,1,,,,a,,,,,,lie_down,,
11195,act_206_8,empty_room,5.0,0,,,,,,,,,,,,
4232,act_43_74,meeting_room,2.4,2,d,e,,,,,walk,walk,,,,
758,act_8_65,classroom,2.4,2,,,e,a,,,,,walk,rotation,,
4867,act_50_16,meeting_room,2.4,4,,c,,e,a,b,,sit_down,,nothing,walk,pick_up
5407,act_55_61,meeting_room,5.0,1,b,,,,,,pick_up,,,,,
5314,act_54_67,meeting_room,2.4,5,c,,e,a,b,d,jump,,jump,wave,wave,jump
2285,act_24_8,classroom,5.0,1,,,,,,a,,,,,,sit_down
8350,act_85_34,empty_room,2.4,4,d,e,a,b,,,pick_up,sit_down,stand_up,nothing,,
8655,act_88_42,empty_room,2.4,5,e,a,b,c,d,,lie_down,pick_up,sit_down,stand_up,nothing,
5508,act_56_63,meeting_room,5.0,1,,c,,,,,,stand_up,,,,
5310,act_54_63,meeting_room,2.4,5,b,,d,e,a,c,stand_up,,nothing,nothing,walk,stand_up
4828,act_49_76,meeting_room,2.4,4,d,e,a,b,,,jump,jump,jump,wave,,
10408,act_106_13,empty_room,5.0,5,b,c,d,e,a,,jump,wave,lie_down,pick_up,sit_down,
6448,act_66_13,meeting_room,5.0,3,b,,,,a,c,jump,,,,sit_down,wave
808,act_9_16,classroom,2.4,2,,,,,a,b,,,,,walk,pick_up
7552,act_77_28,empty_room,2.4,1,,,,,c,,,,,,wave,
6576,act_67_42,meeting_room,5.0,4,e,a,b,c,,,lie_down,pick_up,sit_down,stand_up,,
8982,act_91_72,empty_room,5.0,1,c,,,,,,stand_up,,,,,
1957,act_20_76,classroom,5.0,1,,e,,,,,,jump,,,,
2446,act_25_70,classroom,5.0,2,c,d,,,,,pick_up,pick_up,,,,
7489,act_76_64,empty_room,2.4,1,,,,a,,,,,,walk,,
9461,act_96_56,empty_room,5.0,1,,,,,,b,,,,,,walk
7809,act_79_87,empty_room,2.4,2,e,a,,,,,lie_down,lie_down,,,,
9225,act_94_18,empty_room,5.0,1,,,,e,,,,,,rotation,,
2403,act_25_27,classroom,5.0,2,c,d,,,,,stand_up,nothing,,,,
8070,act_82_51,empty_room,2.4,3,a,b,c,,,,lie_down,lie_down,pick_up,,,
1074,act_11_84,classroom,2.4,3,,a,,c,,e,,rotation,,rotation,,rotation
3399,act_35_33,classroom,5.0,5,,e,a,b,c,d,,pick_up,sit_down,stand_up,nothing,lie_down
4241,act_43_83,meeting_room,2.4,2,e,a,,,,,walk,walk,,,,
5437,act_55_91,meeting_room,5.0,1,a,,,,,,nothing,,,,,
9601,act_97_97,empty_room,5.0,2,a,b,,,,,pick_up,pick_up,,,,
2092,act_22_13,classroom,5.0,1,,,,e,,,,,,pick_up,,
4528,act_46_73,meeting_room,2.4,3,d,e,a,,,,nothing,nothing,nothing,,,
1699,act_18_16,classroom,2.4,5,b,,d,e,a,c,pick_up,,stand_up,nothing,walk,sit_down
9070,act_92_61,empty_room,5.0,1,,c,,,,,,pick_up,,,,
9494,act_96_89,empty_room,5.0,1,,,,,,e,,,,,,sit_down
8806,act_89_94,empty_room,2.4,5,,b,c,d,e,a,,jump,jump,jump,jump,jump
8402,act_85_86,empty_room,2.4,4,e,a,b,c,,,wave,wave,wave,wave,,
8465,act_86_50,empty_room,2.4,4,,b,,d,e,a,,wave,,lie_down,pick_up,wave
1004,act_11_14,classroom,2.4,3,,c,,e,,b,,lie_down,,sit_down,,wave
10270,act_104_73,empty_room,5.0,4,,e,,b,c,d,,nothing,,walk,walk,nothing
9403,act_95_97,empty_room,5.0,1,,,,,e,,,,,,pick_up,
6787,act_69_55,meeting_room,5.0,4,b,,d,,a,c,nothing,,walk,,rotation,nothing
4652,act_47_98,meeting_room,2.4,3,,b,,d,,a,,sit_down,,sit_down,,sit_down
9727,act_99_25,empty_room,5.0,2,,,,,b,c,,,,,walk,pick_up
1486,act_16_1,classroom,2.4,5,a,b,c,d,e,,nothing,walk,rotation,jump,wave,
10421,act_106_26,empty_room,5.0,5,c,d,e,a,b,,sit_down,stand_up,nothing,walk,rotation,
5369,act_55_23,meeting_room,5.0,1,c,,,,,,wave,,,,,
1412,act_15_26,classroom,2.4,4,c,,e,,b,d,sit_down,,nothing,,rotation,stand_up
10652,act_108_59,empty_room,5.0,5,b,,d,e,a,c,wave,,lie_down,lie_down,pick_up,wave
10255,act_104_58,empty_room,5.0,4,,c,,e,a,b,,jump,,wave,lie_down,jump
6862,act_70_31,meeting_room,5.0,5,d,e,a,b,c,,jump,wave,lie_down,pick_up,sit_down,
710,act_8_17,classroom,2.4,2,,,d,e,,,,,nothing,walk,,
9887,act_100_86,empty_room,5.0,3,e,a,b,,,,wave,wave,wave,,,
3604,act_37_40,meeting_room,2.4,1,e,,,,,,jump,,,,,
986,act_10_95,classroom,2.4,3,a,b,c,,,,wave,wave,wave,,,
3077,act_32_8,classroom,5.0,4,,b,,d,e,a,,stand_up,,walk,rotation,sit_down
7524,act_76_99,empty_room,2.4,1,,,,d,,,,,,stand_up,,
5078,act_52_29,meeting_room,2.4,5,d,e,a,b,c,,walk,rotation,jump,wave,lie_down,
4102,act_42_43,meeting_room,2.4,1,,,,,,e,,,,,,pick_up
6530,act_66_95,meeting_room,5.0,3,a,,,,e,b,wave,,,,wave,wave
2723,act_28_50,classroom,5.0,3,a,b,c,,,,wave,wave,lie_down,,,
10573,act_107_79,empty_room,5.0,5,,e,a,b,c,d,,pick_up,pick_up,sit_down,sit_down,pick_up
1269,act_13_81,classroom,2.4,4,d,e,a,b,,,stand_up,stand_up,stand_up,nothing,,
2463,act_25_87,classroom,5.0,2,e,a,,,,,lie_down,lie_down,,,,
8300,act_84_83,empty_room,2.4,3,e,,,,d,a,walk,,,,rotation,walk
269,act_3_71,classroom,2.4,1,,,e,,,,,,sit_down,,,
3581,act_37_17,meeting_room,2.4,1,b,,,,,,sit_down,,,,,
4751,act_48_98,meeting_room,2.4,3,a,,,,e,b,sit_down,,,,sit_down,sit_down
6838,act_70_7,meeting_room,5.0,5,a,b,c,d,e,,pick_up,sit_down,stand_up,nothing,walk,
9013,act_92_4,empty_room,5.0,1,,b,,,,,,wave,,,,
8799,act_89_87,empty_room,2.4,5,,a,b,c,d,e,,lie_down,lie_down,lie_down,pick_up,lie_down
8311,act_84_94,empty_room,2.4,3,a,,,,e,b,jump,,,,jump,jump
2822,act_29_50,classroom,5.0,3,,b,,d,,a,,wave,,lie_down,,wave
10993,act_204_4,meeting_room,5.0,0,,,,,,,,,,,,
590,act_6_95,classroom,2.4,1,,,,,,a,,,,,,wave
7585,act_77_61,empty_room,2.4,1,,,,,a,,,,,,stand_up,
10146,act_103_48,empty_room,5.0,4,a,b,c,d,,,rotation,rotation,jump,jump,,
6716,act_68_83,meeting_room,5.0,4,,a,,c,d,e,,walk,,walk,rotation,walk
657,act_7_63,classroom,2.4,2,b,c,,,,,stand_up,stand_up,,,,
9172,act_93_64,empty_room,5.0,1,,,e,,,,,,nothing,,,
9984,act_101_84,empty_room,5.0,3,,a,,c,,e,,rotation,,rotation,,rotation
2038,act_21_58,classroom,5.0,1,,,d,,,,,,wave,,,
6979,act_71_49,meeting_room,5.0,5,,b,c,d,e,a,,jump,wave,wave,lie_down,jump
8140,act_83_22,empty_room,2.4,3,,d,,a,,c,,wave,,pick_up,,jump
8133,act_83_15,empty_room,2.4,3,,c,,e,,b,,pick_up,,stand_up,,lie_down
6703,act_68_70,meeting_room,5.0,4,,d,,a,b,c,,pick_up,,sit_down,sit_down,pick_up
2029,act_21_49,classroom,5.0,1,,,c,,,,,,wave,,,
8449,act_86_34,empty_room,2.4,4,,e,,b,c,d,,sit_down,,nothing,walk,pick_up
678,act_7_84,classroom,2.4,2,e,a,,,,,rotation,rotation,,,,
10914,act_203_24,meeting_room,2.4,0,,,,,,,,,,,,
1233,act_13_45,classroom,2.4,4,e,a,b,c,,,stand_up,nothing,walk,rotation,,
5455,act_56_10,meeting_room,5.0,1,,c,,,,,,walk,,,,
6773,act_69_41,meeting_room,5.0,4,e,,b,,d,a,wave,,pick_up,,stand_up,lie_down
8817,act_90_6,empty_room,2.4,5,a,,c,d,e,b,lie_down,,sit_down,stand_up,nothing,pick_up
6423,act_65_87,meeting_room,5.0,3,,a,,c,,e,,lie_down,,lie_down,,lie_down
4857,act_50_6,meeting_room,2.4,4,,b,,d,e,a,,pick_up,,stand_up,nothing,lie_down
6962,act_71_32,meeting_room,5.0,5,,e,a,b,c,d,,lie_down,pick_up,sit_down,stand_up,wave
2433,act_25_57,classroom,5.0,2,b,c,,,,,rotation,rotation,,,,
8040,act_82_21,empty_room,2.4,3,c,d,e,,,,rotation,jump,wave,,,
7785,act_79_63,empty_room,2.4,2,b,c,,,,,stand_up,stand_up,,,,
11045,act_204_56,meeting_room,5.0,0,,,,,,,,,,,,
8404,act_85_88,empty_room,2.4,4,e,a,b,c,,,pick_up,pick_up,pick_up,pick_up,,
8679,act_88_66,empty_room,2.4,5,c,d,e,a,b,,rotation,rotation,rotation,jump,jump,
897,act_10_6,classroom,2.4,3,a,b,c,,,,lie_down,pick_up,sit_down,,,
1612,act_17_28,classroom,2.4,5,,e,a,b,c,d,,walk,rotation,jump,wave,nothing
1588,act_17_4,classroom,2.4,5,,b,c,d,e,a,,wave,lie_down,pick_up,sit_down,jump
7697,act_78_74,empty_room,2.4,1,,,,,,d,,,,,,walk
7040,act_72_11,meeting_room,5.0,5,b,,d,e,a,c,walk,,jump,wave,lie_down,rotation
1720,act_18_37,classroom,2.4,5,e,,b,c,d,a,nothing,,rotation,jump,wave,walk
7896,act_80_75,empty_room,2.4,2,,,a,b,,,,,rotation,jump,,
3807,act_39_45,meeting_room,2.4,1,,,b,,,,,,walk,,,
11238,act_206_51,empty_room,5.0,0,,,,,,,,,,,,
7076,act_72_47,meeting_room,5.0,5,a,,c,d,e,b,walk,,rotation,rotation,jump,walk
4702,act_48_49,meeting_room,2.4,3,a,,,,e,b,jump,,,,lie_down,jump
3962,act_41_2,meeting_room,2.4,1,,,,,e,,,,,,lie_down,
6922,act_70_91,meeting_room,5.0,5,a,b,c,d,e,,nothing,nothing,nothing,nothing,nothing,
5558,act_57_14,meeting_room,5.0,1,,,d,,,,,,pick_up,,,
5565,act_57_21,meeting_room,5.0,1,,,e,,,,,,wave,,,
8771,act_89_59,empty_room,2.4,5,,c,d,e,a,b,,wave,lie_down,lie_down,pick_up,wave
9046,act_92_37,empty_room,5.0,1,,a,,,,,,walk,,,,
6088,act_62_49,meeting_room,5.0,2,,,c,d,,,,,wave,wave,,
891,act_9_99,classroom,2.4,2,,,,,e,a,,,,,stand_up,stand_up
6376,act_65_40,meeting_room,5.0,3,,a,,c,,e,,wave,,pick_up,,jump
10374,act_105_78,empty_room,5.0,4,d,,a,,c,e,lie_down,,lie_down,,pick_up,lie_down
4007,act_41_47,meeting_room,2.4,1,,,,,e,,,,,,jump,
7909,act_80_88,empty_room,2.4,2,,,b,c,,,,,pick_up,pick_up,,
6509,act_66_74,meeting_room,5.0,3,d,,,,c,e,walk,,,,rotation,walk
5899,act_60_58,meeting_room,5.0,1,,,,,,b,,,,,,jump
8523,act_87_9,empty_room,2.4,4,a,,c,,e,b,stand_up,,walk,,jump,nothing
5820,act_59_78,meeting_room,5.0,1,,,,,c,,,,,,pick_up,
9202,act_93_94,empty_room,5.0,1,,,c,,,,,,jump,,,
7348,act_75_22,empty_room,2.4,1,,,e,,,,,,lie_down,,,
2800,act_29_28,classroom,5.0,3,,e,,b,,d,,walk,,jump,,nothing
7937,act_81_17,empty_room,2.4,2,,,,,a,b,,,,,rotation,sit_down
585,act_6_90,classroom,2.4,1,,,,,,e,,,,,,stand_up
3269,act_34_2,classroom,5.0,5,a,b,c,d,e,,walk,rotation,jump,wave,lie_down,
3933,act_40_72,meeting_room,2.4,1,,,,a,,,,,,nothing,,
4966,act_51_16,meeting_room,2.4,4,b,,d,,a,c,pick_up,,stand_up,,walk,sit_down
1261,act_13_73,classroom,2.4,4,d,e,a,b,,,nothing,nothing,nothing,walk,,
7564,act_77_40,empty_room,2.4,1,,,,,d,,,,,,sit_down,
311,act_4_14,classroom,2.4,1,,,,e,,,,,,sit_down,,
1717,act_18_34,classroom,2.4,5,d,,a,b,c,e,pick_up,,stand_up,nothing,walk,sit_down
6308,act_64_71,meeting_room,5.0,3,c,d,e,,,,sit_down,sit_down,sit_down,,,
7661,act_78_38,empty_room,2.4,1,,,,,,e,,,,,,walk
9115,act_93_7,empty_room,5.0,1,,,c,,,,,,stand_up,,,
7498,act_76_73,empty_room,2.4,1,,,,b,,,,,,walk,,
4669,act_48_16,meeting_room,2.4,3,b,,,,a,c,pick_up,,,,walk,sit_down
4299,act_44_42,meeting_room,2.4,2,,,b,c,,,,,sit_down,stand_up,,
3784,act_39_22,meeting_room,2.4,1,,,e,,,,,,lie_down,,,
1009,act_11_19,classroom,2.4,3,,d,,a,,c,,walk,,jump,,nothing
9424,act_96_19,empty_room,5.0,1,,,,,,c,,,,,,nothing
2186,act_23_8,classroom,5.0,1,,,,,e,,,,,,rotation,
3624,act_37_60,meeting_room,2.4,1,b,,,,,,lie_down,,,,,
11046,act_204_57,meeting_room,5.0,0,,,,,,,,,,,,
8963,act_91_53,empty_room,5.0,1,a,,,,,,sit_down,,,,,
10923,act_203_33,meeting_room,2.4,0,,,,,,,,,,,,
7776,act_79_54,empty_room,2.4,2,a,b,,,,,stand_up,stand_up,,,,
7077,act_72_48,meeting_room,5.0,5,a,,c,d,e,b,rotation,,jump,jump,wave,rotation
4835,act_49_83,meeting_room,2.4,4,e,a,b,c,,,walk,walk,walk,walk,,
7607,act_77_83,empty_room,2.4,1,,,,,d,,,,,,rotation,
4757,act_49_5,meeting_room,2.4,4,a,b,c,d,,,wave,lie_down,pick_up,sit_down,,
9524,act_97_20,empty_room,5.0,2,c,d,,,,,walk,rotation,,,,
91,act_1_91,classroom,2.4,1,a,,,,,,nothing,,,,,
7608,act_77_84,empty_room,2.4,1,,,,,d,,,,,,jump,
8161,act_83_43,empty_room,2.4,3,,a,,c,,e,,sit_down,,nothing,,pick_up
1327,act_14_40,classroom,2.4,4,,a,,c,d,e,,wave,,pick_up,sit_down,jump
7154,act_73_26,empty_room,2.4,1,c,,,,,,sit_down,,,,,
9081,act_92_72,empty_room,5.0,1,,d,,,,,,stand_up,,,,
2118,act_22_39,classroom,5.0,1,,,,c,,,,,,lie_down,,
2938,act_30_67,classroom,5.0,3,c,,,,b,d,jump,,,,wave,jump
9394,act_95_88,empty_room,5.0,1,,,,,d,,,,,,sit_down,
984,act_10_93,classroom,2.4,3,a,b,c,,,,rotation,rotation,rotation,,,
8540,act_87_26,empty_room,2.4,4,c,,e,,b,d,sit_down,,nothing,,rotation,stand_up
6791,act_69_59,meeting_room,5.0,4,b,,d,,a,c,wave,,lie_down,,pick_up,wave
9712,act_99_10,empty_room,5.0,2,,,,,a,b,,,,,wave,nothing
2926,act_30_55,classroom,5.0,3,b,,,,a,c,nothing,,,,rotation,nothing
6877,act_70_46,meeting_room,5.0,5,a,b,c,d,e,,nothing,nothing,walk,walk,rotation,
3215,act_33_47,classroom,5.0,4,a,,c,,e,b,walk,,rotation,,jump,walk
5885,act_60_44,meeting_room,5.0,1,,,,,,e,,,,,,sit_down
2342,act_24_65,classroom,5.0,1,,,,,,c,,,,,,walk
8035,act_82_16,empty_room,2.4,3,b,c,d,,,,pick_up,sit_down,stand_up,,,
7021,act_71_91,meeting_room,5.0,5,,b,c,d,e,a,,nothing,nothing,nothing,nothing,nothing
8582,act_87_68,empty_room,2.4,4,c,,e,,b,d,wave,,wave,,lie_down,wave
8919,act_91_9,empty_room,5.0,1,a,,,,,,stand_up,,,,,
6253,act_64_16,meeting_room,5.0,3,b,c,d,,,,pick_up,sit_down,stand_up,,,
628,act_7_34,classroom,2.4,2,d,e,,,,,pick_up,sit_down,,,,
8626,act_88_13,empty_room,2.4,5,b,c,d,e,a,,jump,wave,lie_down,pick_up,sit_down,
4948,act_50_97,meeting_room,2.4,4,,b,,d,e,a,,pick_up,,pick_up,pick_up,pick_up
5081,act_52_32,meeting_room,2.4,5,d,e,a,b,c,,wave,lie_down,pick_up,sit_down,stand_up,
4245,act_43_87,meeting_room,2.4,2,e,a,,,,,lie_down,lie_down,,,,
10737,act_201_45,classroom,2.4,0,,,,,,,,,,,,
4766,act_49_14,meeting_room,2.4,4,b,c,d,e,,,wave,lie_down,pick_up,sit_down,,
1602,act_17_18,classroom,2.4,5,,c,d,e,a,b,,nothing,walk,rotation,jump,stand_up
10837,act_202_46,classroom,5.0,0,,,,,,,,,,,,
1270,act_13_82,classroom,2.4,4,e,a,b,c,,,nothing,nothing,nothing,nothing,,
129,act_2_30,classroom,2.4,1,,e,,,,,,jump,,,,
7499,act_76_74,empty_room,2.4,1,,,,b,,,,,,rotation,,
1712,act_18_29,classroom,2.4,5,d,,a,b,c,e,walk,,jump,wave,lie_down,rotation
4183,act_43_25,meeting_room,2.4,2,c,d,,,,,pick_up,sit_down,,,,
8208,act_83_90,empty_room,2.4,3,,a,,c,,e,,stand_up,,stand_up,,stand_up
4236,act_43_78,meeting_room,2.4,2,d,e,,,,,lie_down,lie_down,,,,
8073,act_82_54,empty_room,2.4,3,a,b,c,,,,stand_up,stand_up,nothing,,,
2399,act_25_23,classroom,5.0,2,c,d,,,,,wave,lie_down,,,,
8315,act_84_98,empty_room,2.4,3,a,,,,e,b,sit_down,,,,sit_down,sit_down
10288,act_104_91,empty_room,5.0,4,,b,,d,e,a,,nothing,,nothing,nothing,nothing
10587,act_107_93,empty_room,5.0,5,,b,c,d,e,a,,rotation,rotation,rotation,rotation,rotation
10371,act_105_75,empty_room,5.0,4,d,,a,,c,e,rotation,,rotation,,jump,rotation
1187,act_12_98,classroom,2.4,3,a,,,,e,b,sit_down,,,,sit_down,sit_down
7935,act_81_15,empty_room,2.4,2,,,,,a,b,,,,,nothing,lie_down
11053,act_204_64,meeting_room,5.0,0,,,,,,,,,,,,
7653,act_78_30,empty_room,2.4,1,,,,,,d,,,,,,rotation
1978,act_20_97,classroom,5.0,1,,b,,,,,,pick_up,,,,
5315,act_54_68,meeting_room,2.4,5,c,,e,a,b,d,wave,,wave,lie_down,lie_down,wave
11157,act_205_69,empty_room,2.4,0,,,,,,,,,,,,
4248,act_43_90,meeting_room,2.4,2,e,a,,,,,stand_up,stand_up,,,,
8951,act_91_41,empty_room,5.0,1,e,,,,,,wave,,,,,
916,act_10_25,classroom,2.4,3,c,d,e,,,,pick_up,sit_down,stand_up,,,
1306,act_14_19,classroom,2.4,4,,d,,a,b,c,,walk,,jump,wave,nothing
6965,act_71_35,meeting_room,5.0,5,,e,a,b,c,d,,stand_up,nothing,walk,rotation,sit_down
3050,act_31_80,classroom,5.0,4,d,e,a,b,,,sit_down,sit_down,sit_down,stand_up,,
10751,act_201_59,classroom,2.4,0,,,,,,,,,,,,
1274,act_13_86,classroom,2.4,4,e,a,b,c,,,wave,wave,wave,wave,,
5699,act_58_56,meeting_room,5.0,1,,,,e,,,,,,rotation,,
9167,act_93_59,empty_room,5.0,1,,,d,,,,,,lie_down,,,
2797,act_29_25,classroom,5.0,3,,d,,a,,c,,sit_down,,nothing,,pick_up
1399,act_15_13,classroom,2.4,4,b,,d,,a,c,jump,,lie_down,,sit_down,wave
3359,act_34_92,classroom,5.0,5,a,b,c,d,e,,walk,walk,walk,walk,walk,
184,act_2_85,classroom,2.4,1,,a,,,,,,jump,,,,
6452,act_66_17,meeting_room,5.0,3,b,,,,a,c,sit_down,,,,rotation,stand_up
7530,act_77_6,empty_room,2.4,1,,,,,e,,,,,,nothing,
9055,act_92_46,empty_room,5.0,1,,b,,,,,,nothing,,,,
6796,act_69_64,meeting_room,5.0,4,c,,e,,b,d,nothing,,nothing,,walk,nothing
7851,act_80_30,empty_room,2.4,2,,,a,b,,,,,wave,lie_down,,
8559,act_87_45,empty_room,2.4,4,e,,b,,d,a,stand_up,,walk,,jump,nothing
4568,act_47_14,meeting_room,2.4,3,,c,,e,,b,,lie_down,,sit_down,,wave
8661,act_88_48,empty_room,2.4,5,a,b,c,d,e,,rotation,rotation,jump,jump,wave,
9158,act_93_50,empty_room,5.0,1,,,c,,,,,,lie_down,,,
2657,act_27_83,classroom,5.0,2,,,,,d,e,,,,,rotation,walk
9373,act_95_67,empty_room,5.0,1,,,,,b,,,,,,wave,
4306,act_44_49,meeting_room,2.4,2,,,c,d,,,,,wave,wave,,
1962,act_20_81,classroom,5.0,1,,e,,,,,,stand_up,,,,
4993,act_51_43,meeting_room,2.4,4,e,,b,,d,a,pick_up,,stand_up,,walk,sit_down
4892,act_50_41,meeting_room,2.4,4,,a,,c,d,e,,lie_down,,sit_down,stand_up,wave
6139,act_63_1,meeting_room,5.0,2,,,,,e,a,,,,,wave,nothing
5816,act_59_74,meeting_room,5.0,1,,,,,c,,,,,,rotation,
5870,act_60_29,meeting_room,5.0,1,,,,,,d,,,,,,walk
8119,act_83_1,empty_room,2.4,3,,b,,d,,a,,walk,,jump,,nothing
10703,act_201_11,classroom,2.4,0,,,,,,,,,,,,
6227,act_63_89,meeting_room,5.0,2,,,,,d,e,,,,,stand_up,sit_down
8517,act_87_3,empty_room,2.4,4,a,,c,,e,b,rotation,,wave,,pick_up,jump
11257,act_206_70,empty_room,5.0,0,,,,,,,,,,,,
7811,act_79_89,empty_room,2.4,2,e,a,,,,,sit_down,sit_down,,,,
1252,act_13_64,classroom,2.4,4,c,d,e,a,,,nothing,nothing,nothing,walk,,
3177,act_33_9,classroom,5.0,4,a,,c,,e,b,stand_up,,walk,,jump,nothing
5073,act_52_24,meeting_room,2.4,5,c,d,e,a,b,,lie_down,pick_up,sit_down,stand_up,nothing,
3360,act_34_93,classroom,5.0,5,a,b,c,d,e,,rotation,rotation,rotation,rotation,rotation,
6393,act_65_57,meeting_room,5.0,3,,c,,e,,b,,rotation,,jump,,rotation
7413,act_75_87,empty_room,2.4,1,,,b,,,,,,lie_down,,,
8763,act_89_51,empty_room,2.4,5,,b,c,d,e,a,,lie_down,pick_up,pick_up,sit_down,lie_down
9192,act_93_84,empty_room,5.0,1,,,b,,,,,,rotation,,,
3290,act_34_23,classroom,5.0,5,c,d,e,a,b,,wave,lie_down,pick_up,sit_down,stand_up,
10193,act_103_95,empty_room,5.0,4,a,b,c,d,,,wave,wave,wave,wave,,
9859,act_100_58,empty_room,5.0,3,b,c,d,,,,jump,jump,wave,,,
3191,act_33_23,classroom,5.0,4,c,,e,,b,d,wave,,pick_up,,stand_up,lie_down
7213,act_73_85,empty_room,2.4,1,e,,,,,,jump,,,,,
8494,act_86_79,empty_room,2.4,4,,e,,b,c,d,,pick_up,,sit_down,sit_down,pick_up
1052,act_11_62,classroom,2.4,3,,c,,e,,b,,sit_down,,stand_up,,sit_down
4070,act_42_11,meeting_room,2.4,1,,,,,,b,,,,,,walk
8013,act_81_93,empty_room,2.4,2,,,,,e,a,,,,,rotation,rotation
7091,act_72_62,meeting_room,5.0,5,b,,d,e,a,c,sit_down,,stand_up,stand_up,nothing,sit_down
273,act_3_75,classroom,2.4,1,,,a,,,,,,rotation,,,
2043,act_21_63,classroom,5.0,1,,,d,,,,,,nothing,,,
4764,act_49_12,meeting_room,2.4,4,b,c,d,e,,,rotation,jump,wave,lie_down,,
6344,act_65_8,meeting_room,5.0,3,,b,,d,,a,,stand_up,,walk,,sit_down
6718,act_68_85,meeting_room,5.0,4,,a,,c,d,e,,jump,,jump,wave,jump
6757,act_69_25,meeting_room,5.0,4,c,,e,,b,d,pick_up,,stand_up,,walk,sit_down
1087,act_11_97,classroom,2.4,3,,b,,d,,a,,pick_up,,pick_up,,pick_up
7400,act_75_74,empty_room,2.4,1,,,a,,,,,,walk,,,
8075,act_82_56,empty_room,2.4,3,b,c,d,,,,walk,walk,rotation,,,
6985,act_71_55,meeting_room,5.0,5,,c,d,e,a,b,,nothing,walk,walk,rotation,nothing
2187,act_23_9,classroom,5.0,1,,,,,e,,,,,,jump,
10004,act_102_5,empty_room,5.0,3,a,,,,e,b,wave,,,,stand_up,lie_down
4323,act_44_66,meeting_room,2.4,2,,,e,a,,,,,rotation,jump,,
8532,act_87_18,empty_room,2.4,4,b,,d,,a,c,stand_up,,walk,,jump,nothing
8995,act_91_85,empty_room,5.0,1,e,,,,,,jump,,,,,
5832,act_59_90,meeting_room,5.0,1,,,,,d,,,,,,nothing,
7153,act_73_25,empty_room,2.4,1,c,,,,,,pick_up,,,,,
7047,act_72_18,meeting_room,5.0,5,b,,d,e,a,c,stand_up,,walk,rotation,jump,nothing
6534,act_66_99,meeting_room,5.0,3,a,,,,e,b,stand_up,,,,stand_up,stand_up
7862,act_80_41,empty_room,2.4,2,,,b,c,,,,,pick_up,sit_down,,
4710,act_48_57,meeting_room,2.4,3,b,,,,a,c,rotation,,,,wave,rotation
10780,act_201_88,classroom,2.4,0,,,,,,,,,,,,
9204,act_93_96,empty_room,5.0,1,,,c,,,,,,lie_down,,,
10760,act_201_68,classroom,2.4,0,,,,,,,,,,,,
9779,act_99_77,empty_room,5.0,2,,,,,c,d,,,,,lie_down,wave
3479,act_36_14,classroom,5.0,5,b,,d,e,a,c,wave,,pick_up,sit_down,stand_up,lie_down
8627,act_88_14,empty_room,2.4,5,b,c,d,e,a,,wave,lie_down,pick_up,sit_down,stand_up,
3925,act_40_64,meeting_room,2.4,1,,,,a,,,,,,walk,,
1749,act_18_66,classroom,2.4,5,c,,e,a,b,d,rotation,,rotation,jump,jump,rotation
733,act_8_40,classroom,2.4,2,,,b,c,,,,,lie_down,pick_up,,
2554,act_26_79,classroom,5.0,2,,,a,b,,,,,pick_up,sit_down,,
8732,act_89_20,empty_room,2.4,5,,d,e,a,b,c,,rotation,jump,wave,lie_down,walk
6309,act_64_72,meeting_room,5.0,3,c,d,e,,,,stand_up,stand_up,stand_up,,,
2663,act_27_89,classroom,5.0,2,,,,,d,e,,,,,stand_up,sit_down
6943,act_71_13,meeting_room,5.0,5,,c,d,e,a,b,,wave,lie_down,pick_up,sit_down,jump
7441,act_76_16,empty_room,2.4,1,,,,e,,,,,,nothing,,
3114,act_32_45,classroom,5.0,4,,a,,c,d,e,,nothing,,rotation,jump,stand_up
3304,act_34_37,classroom,5.0,5,e,a,b,c,d,,nothing,walk,rotation,jump,wave,
6251,act_64_14,meeting_room,5.0,3,b,c,d,,,,wave,lie_down,pick_up,,,
1345,act_14_58,classroom,2.4,4,,c,,e,a,b,,jump,,wave,lie_down,jump
9935,act_101_35,empty_room,5.0,3,,e,,b,,d,,stand_up,,walk,,sit_down
1691,act_18_8,classroom,2.4,5,a,,c,d,e,b,sit_down,,nothing,walk,rotation,stand_up
8043,act_82_24,empty_room,2.4,3,c,d,e,,,,lie_down,pick_up,sit_down,,,
8238,act_84_21,empty_room,2.4,3,c,,,,b,d,rotation,,,,pick_up,jump
5049,act_51_99,meeting_room,2.4,4,a,,c,,e,b,stand_up,,stand_up,,stand_up,stand_up
6436,act_66_1,meeting_room,5.0,3,a,,,,e,b,nothing,,,,wave,walk
3309,act_34_42,classroom,5.0,5,e,a,b,c,d,,lie_down,pick_up,sit_down,stand_up,nothing,
1505,act_16_20,classroom,2.4,5,c,d,e,a,b,,walk,rotation,jump,wave,lie_down,
10337,act_105_41,empty_room,5.0,4,e,,b,,d,a,wave,,pick_up,,stand_up,lie_down
1807,act_19_25,classroom,5.0,1,c,,,,,,pick_up,,,,,
10479,act_106_84,empty_room,5.0,5,e,a,b,c,d,,rotation,rotation,rotation,rotation,jump,
6859,act_70_28,meeting_room,5.0,5,d,e,a,b,c,,nothing,walk,rotation,jump,wave,
3792,act_39_30,meeting_room,2.4,1,,,a,,,,,,wave,,,
5218,act_53_70,meeting_room,2.4,5,,d,e,a,b,c,,pick_up,pick_up,sit_down,sit_down,pick_up
9213,act_94_6,empty_room,5.0,1,,,,d,,,,,,stand_up,,
10750,act_201_58,classroom,2.4,0,,,,,,,,,,,,
1068,act_11_78,classroom,2.4,3,,e,,b,,d,,lie_down,,pick_up,,lie_down
7526,act_77_2,empty_room,2.4,1,,,,,e,,,,,,lie_down,
10956,act_203_66,meeting_room,2.4,0,,,,,,,,,,,,
8848,act_90_37,empty_room,2.4,5,e,,b,c,d,a,nothing,,rotation,jump,wave,walk
2697,act_28_24,classroom,5.0,3,c,d,e,,,,lie_down,pick_up,sit_down,,,
1849,act_19_67,classroom,5.0,1,c,,,,,,jump,,,,,
4513,act_46_58,meeting_room,2.4,3,b,c,d,,,,jump,jump,wave,,,
11113,act_205_25,empty_room,2.4,0,,,,,,,,,,,,
2432,act_25_56,classroom,5.0,2,b,c,,,,,walk,walk,,,,
4661,act_48_8,meeting_room,2.4,3,a,,,,e,b,sit_down,,,,rotation,stand_up
3436,act_35_70,classroom,5.0,5,,d,e,a,b,c,,pick_up,pick_up,sit_down,sit_down,pick_up
7137,act_73_9,empty_room,2.4,1,a,,,,,,stand_up,,,,,
10593,act_107_99,empty_room,5.0,5,,b,c,d,e,a,,stand_up,stand_up,stand_up,stand_up,stand_up
143,act_2_44,classroom,2.4,1,,a,,,,,,stand_up,,,,
5587,act_57_43,meeting_room,5.0,1,,,b,,,,,,stand_up,,,
9897,act_100_96,empty_room,5.0,3,a,b,c,,,,lie_down,lie_down,lie_down,,,
8659,act_88_46,empty_room,2.4,5,a,b,c,d,e,,nothing,nothing,walk,walk,rotation,
7067,act_72_38,meeting_room,5.0,5,e,,b,c,d,a,walk,,jump,wave,lie_down,rotation
6101,act_62_62,meeting_room,5.0,2,,,d,e,,,,,stand_up,stand_up,,
5291,act_54_44,meeting_room,2.4,5,e,,b,c,d,a,sit_down,,nothing,walk,rotation,stand_up
6731,act_68_98,meeting_room,5.0,4,,b,,d,e,a,,sit_down,,sit_down,sit_down,sit_down
3410,act_35_44,classroom,5.0,5,,a,b,c,d,e,,stand_up,nothing,walk,rotation,sit_down
1118,act_12_29,classroom,2.4,3,d,,,,c,e,walk,,,,lie_down,rotation
1757,act_18_74,classroom,2.4,5,d,,a,b,c,e,walk,,walk,rotation,rotation,walk
498,act_6_3,classroom,2.4,1,,,,,,a,,,,,,rotation
11031,act_204_42,meeting_room,5.0,0,,,,,,,,,,,,
871,act_9_79,classroom,2.4,2,,,,,c,d,,,,,sit_down,pick_up
3358,act_34_91,classroom,5.0,5,a,b,c,d,e,,nothing,nothing,nothing,nothing,nothing,
913,act_10_22,classroom,2.4,3,c,d,e,,,,jump,wave,lie_down,,,
722,act_8_29,classroom,2.4,2,,,a,b,,,,,jump,wave,,
2806,act_29_34,classroom,5.0,3,,e,,b,,d,,sit_down,,nothing,,pick_up
11218,act_206_31,empty_room,5.0,0,,,,,,,,,,,,
887,act_9_95,classroom,2.4,2,,,,,e,a,,,,,wave,wave
10835,act_202_44,classroom,5.0,0,,,,,,,,,,,,
8298,act_84_81,empty_room,2.4,3,d,,,,c,e,stand_up,,,,nothing,stand_up
9384,act_95_78,empty_room,5.0,1,,,,,c,,,,,,pick_up,
8666,act_88_53,empty_room,2.4,5,a,b,c,d,e,,sit_down,sit_down,stand_up,stand_up,nothing,
1521,act_16_36,classroom,2.4,5,d,e,a,b,c,,stand_up,nothing,walk,rotation,jump,
9815,act_100_14,empty_room,5.0,3,b,c,d,,,,wave,lie_down,pick_up,,,
2747,act_28_74,classroom,5.0,3,d,e,a,,,,walk,walk,walk,,,
8218,act_84_1,empty_room,2.4,3,a,,,,e,b,nothing,,,,wave,walk
7533,act_77_9,empty_room,2.4,1,,,,,e,,,,,,jump,
315,act_4_18,classroom,2.4,1,,,,e,,,,,,rotation,,
1800,act_19_18,classroom,5.0,1,b,,,,,,stand_up,,,,,
328,act_4_31,classroom,2.4,1,,,,b,,,,,,pick_up,,
7206,act_73_78,empty_room,2.4,1,d,,,,,,lie_down,,,,,
4205,act_43_47,meeting_room,2.4,2,a,b,,,,,walk,walk,,,,
5851,act_60_10,meeting_room,5.0,1,,,,,,b,,,,,,nothing
6130,act_62_91,meeting_room,5.0,2,,,c,d,,,,,nothing,nothing,,
5448,act_56_3,meeting_room,5.0,1,,b,,,,,,jump,,,,
3130,act_32_61,classroom,5.0,4,,c,,e,a,b,,pick_up,,sit_down,stand_up,pick_up
1997,act_21_17,classroom,5.0,1,,,d,,,,,,nothing,,,
8397,act_85_81,empty_room,2.4,4,d,e,a,b,,,stand_up,stand_up,stand_up,nothing,,
3969,act_41_9,meeting_room,2.4,1,,,,,e,,,,,,jump,
7319,act_74_92,empty_room,2.4,1,,b,,,,,,walk,,,,
7041,act_72_12,meeting_room,5.0,5,b,,d,e,a,c,rotation,,wave,lie_down,pick_up,jump
1974,act_20_93,classroom,5.0,1,,b,,,,,,rotation,,,,
337,act_4_40,classroom,2.4,1,,,,c,,,,,,pick_up,,
2765,act_28_92,classroom,5.0,3,a,b,c,,,,walk,walk,walk,,,
8945,act_91_35,empty_room,5.0,1,d,,,,,,sit_down,,,,,
276,act_3_78,classroom,2.4,1,,,a,,,,,,lie_down,,,
2986,act_31_16,classroom,5.0,4,b,c,d,e,,,pick_up,sit_down,stand_up,nothing,,
7212,act_73_84,empty_room,2.4,1,e,,,,,,rotation,,,,,
7458,act_76_33,empty_room,2.4,1,,,,b,,,,,,stand_up,,
3478,act_36_13,classroom,5.0,5,b,,d,e,a,c,jump,,lie_down,pick_up,sit_down,wave
6694,act_68_61,meeting_room,5.0,4,,c,,e,a,b,,pick_up,,sit_down,stand_up,pick_up
3559,act_36_94,classroom,5.0,5,a,,c,d,e,b,jump,,jump,jump,jump,jump
9003,act_91_93,empty_room,5.0,1,a,,,,,,rotation,,,,,
2810,act_29_38,classroom,5.0,3,,a,,c,,e,,rotation,,wave,,walk
10286,act_104_89,empty_room,5.0,4,,a,,c,d,e,,sit_down,,sit_down,stand_up,sit_down
4862,act_50_11,meeting_room,2.4,4,,c,,e,a,b,,rotation,,wave,lie_down,walk
2335,act_24_58,classroom,5.0,1,,,,,,b,,,,,,jump
8194,act_83_76,empty_room,2.4,3,,e,,b,,d,,jump,,wave,,jump
5247,act_53_99,meeting_room,2.4,5,,b,c,d,e,a,,stand_up,stand_up,stand_up,stand_up,stand_up
3417,act_35_51,classroom,5.0,5,,b,c,d,e,a,,lie_down,pick_up,pick_up,sit_down,lie_down
308,act_4_11,classroom,2.4,1,,,,e,,,,,,wave,,
3909,act_40_48,meeting_room,2.4,1,,,,d,,,,,,jump,,
8594,act_87_80,empty_room,2.4,4,d,,a,,c,e,sit_down,,sit_down,,stand_up,sit_down
349,act_4_52,classroom,2.4,1,,,,d,,,,,,sit_down,,
5919,act_60_78,meeting_room,5.0,1,,,,,,d,,,,,,lie_down
827,act_9_35,classroom,2.4,2,,,,,c,d,,,,,rotation,sit_down
5297,act_54_50,meeting_room,2.4,5,a,,c,d,e,b,wave,,lie_down,lie_down,pick_up,wave
10729,act_201_37,classroom,2.4,0,,,,,,,,,,,,
9091,act_92_82,empty_room,5.0,1,,a,,,,,,nothing,,,,
4483,act_46_28,meeting_room,2.4,3,d,e,a,,,,nothing,walk,rotation,,,
8288,act_84_71,empty_room,2.4,3,c,,,,b,d,sit_down,,,,stand_up,sit_down
3683,act_38_20,meeting_room,2.4,1,,d,,,,,,rotation,,,,
9807,act_100_6,empty_room,5.0,3,a,b,c,,,,lie_down,pick_up,sit_down,,,
9534,act_97_30,empty_room,5.0,2,d,e,,,,,rotation,jump,,,,
2054,act_21_74,classroom,5.0,1,,,a,,,,,,walk,,,
6926,act_70_95,meeting_room,5.0,5,a,b,c,d,e,,wave,wave,wave,wave,wave,
10849,act_202_58,classroom,5.0,0,,,,,,,,,,,,
72,act_1_72,classroom,2.4,1,c,,,,,,stand_up,,,,,
7299,act_74_72,empty_room,2.4,1,,d,,,,,,stand_up,,,,
9024,act_92_15,empty_room,5.0,1,,c,,,,,,pick_up,,,,
7989,act_81_69,empty_room,2.4,2,,,,,b,c,,,,,pick_up,lie_down
9222,act_94_15,empty_room,5.0,1,,,,e,,,,,,stand_up,,
5357,act_55_11,meeting_room,5.0,1,b,,,,,,walk,,,,,
1667,act_17_83,classroom,2.4,5,,a,b,c,d,e,,walk,walk,walk,rotation,walk
5571,act_57_27,meeting_room,5.0,1,,,e,,,,,,walk,,,
7869,act_80_48,empty_room,2.4,2,,,c,d,,,,,jump,jump,,
53,act_1_53,classroom,2.4,1,a,,,,,,sit_down,,,,,
6857,act_70_26,meeting_room,5.0,5,c,d,e,a,b,,sit_down,stand_up,nothing,walk,rotation,
6264,act_64_27,meeting_room,5.0,3,c,d,e,,,,stand_up,nothing,walk,,,
1446,act_15_60,classroom,2.4,4,b,,d,,a,c,lie_down,,pick_up,,sit_down,lie_down
6680,act_68_47,meeting_room,5.0,4,,b,,d,e,a,,walk,,rotation,jump,walk
9165,act_93_57,empty_room,5.0,1,,,d,,,,,,jump,,,
1696,act_18_13,classroom,2.4,5,b,,d,e,a,c,jump,,lie_down,pick_up,sit_down,wave
2893,act_30_22,classroom,5.0,3,c,,,,b,d,jump,,,,sit_down,wave
11283,act_206_96,empty_room,5.0,0,,,,,,,,,,,,
1575,act_16_90,classroom,2.4,5,e,a,b,c,d,,stand_up,stand_up,stand_up,stand_up,nothing,
8385,act_85_69,empty_room,2.4,4,c,d,e,a,,,lie_down,lie_down,lie_down,pick_up,,
3204,act_33_36,classroom,5.0,4,d,,a,,c,e,stand_up,,walk,,jump,nothing
4406,act_45_50,meeting_room,2.4,2,,,,,e,a,,,,,pick_up,wave
1631,act_17_47,classroom,2.4,5,,b,c,d,e,a,,walk,rotation,rotation,jump,walk
9498,act_96_93,empty_room,5.0,1,,,,,,a,,,,,,rotation
1882,act_20_1,classroom,5.0,1,,b,,,,,,walk,,,,
11193,act_206_6,empty_room,5.0,0,,,,,,,,,,,,
5113,act_52_64,meeting_room,2.4,5,c,d,e,a,b,,nothing,nothing,nothing,walk,walk,
5709,act_58_66,meeting_room,5.0,1,,,,a,,,,,,jump,,
5075,act_52_26,meeting_room,2.4,5,c,d,e,a,b,,sit_down,stand_up,nothing,walk,rotation,
7826,act_80_5,empty_room,2.4,2,,,c,d,,,,,pick_up,sit_down,,
9965,act_101_65,empty_room,5.0,3,,d,,a,,c,,walk,,rotation,,walk
9169,act_93_61,empty_room,5.0,1,,,d,,,,,,sit_down,,,
849,act_9_57,classroom,2.4,2,,,,,a,b,,,,,wave,rotation
7634,act_78_11,empty_room,2.4,1,,,,,,b,,,,,,walk
9123,act_93_15,empty_room,5.0,1,,,d,,,,,,sit_down,,,
7482,act_76_57,empty_room,2.4,1,,,,e,,,,,,jump,,
2878,act_30_7,classroom,5.0,3,a,,,,e,b,pick_up,,,,walk,sit_down
6368,act_65_32,meeting_room,5.0,3,,e,,b,,d,,lie_down,,sit_down,,wave
187,act_2_88,classroom,2.4,1,,a,,,,,,pick_up,,,,
3780,act_39_18,meeting_room,2.4,1,,,d,,,,,,walk,,,
1831,act_19_49,classroom,5.0,1,a,,,,,,jump,,,,,
6487,act_66_52,meeting_room,5.0,3,a,,,,e,b,pick_up,,,,stand_up,pick_up
2960,act_30_89,classroom,5.0,3,e,,,,d,a,sit_down,,,,stand_up,sit_down
10435,act_106_40,empty_room,5.0,5,e,a,b,c,d,,jump,wave,lie_down,pick_up,sit_down,
8113,act_82_94,empty_room,2.4,3,a,b,c,,,,jump,jump,jump,,,
5447,act_56_2,meeting_room,5.0,1,,b,,,,,,rotation,,,,
1235,act_13_47,classroom,2.4,4,a,b,c,d,,,walk,walk,rotation,rotation,,
8938,act_91_28,empty_room,5.0,1,d,,,,,,nothing,,,,,
3916,act_40_55,meeting_room,2.4,1,,,,e,,,,,,walk,,
447,act_5_51,classroom,2.4,1,,,,,e,,,,,,sit_down,
8384,act_85_68,empty_room,2.4,4,c,d,e,a,,,wave,wave,wave,lie_down,,
5840,act_59_98,meeting_room,5.0,1,,,,,e,,,,,,sit_down,
845,act_9_53,classroom,2.4,2,,,,,e,a,,,,,nothing,sit_down
5202,act_53_54,meeting_room,2.4,5,,b,c,d,e,a,,stand_up,nothing,nothing,walk,stand_up
10741,act_201_49,classroom,2.4,0,,,,,,,,,,,,
8865,act_90_54,empty_room,2.4,5,a,,c,d,e,b,stand_up,,nothing,nothing,walk,stand_up
2441,act_25_65,classroom,5.0,2,c,d,,,,,walk,walk,,,,
3104,act_32_35,classroom,5.0,4,,e,,b,c,d,,stand_up,,walk,rotation,sit_down
9690,act_98_87,empty_room,5.0,2,,,b,c,,,,,lie_down,lie_down,,
4775,act_49_23,meeting_room,2.4,4,c,d,e,a,,,wave,lie_down,pick_up,sit_down,,
11168,act_205_80,empty_room,2.4,0,,,,,,,,,,,,
6095,act_62_56,meeting_room,5.0,2,,,d,e,,,,,rotation,rotation,,
1295,act_14_8,classroom,2.4,4,,b,,d,e,a,,stand_up,,walk,rotation,sit_down
6486,act_66_51,meeting_room,5.0,3,a,,,,e,b,lie_down,,,,sit_down,lie_down
5519,act_56_74,meeting_room,5.0,1,,e,,,,,,walk,,,,
10179,act_103_81,empty_room,5.0,4,d,e,a,b,,,stand_up,stand_up,stand_up,nothing,,
5068,act_52_19,meeting_room,2.4,5,c,d,e,a,b,,nothing,walk,rotation,jump,wave,
3443,act_35_77,classroom,5.0,5,,e,a,b,c,d,,wave,wave,lie_down,lie_down,wave
9531,act_97_27,empty_room,5.0,2,c,d,,,,,stand_up,nothing,,,,
10426,act_106_31,empty_room,5.0,5,d,e,a,b,c,,jump,wave,lie_down,pick_up,sit_down,
9411,act_96_6,empty_room,5.0,1,,,,,,a,,,,,,lie_down
7770,act_79_48,empty_room,2.4,2,a,b,,,,,rotation,rotation,,,,
777,act_8_84,classroom,2.4,2,,,b,c,,,,,rotation,rotation,,
11074,act_204_85,meeting_room,5.0,0,,,,,,,,,,,,
10486,act_106_91,empty_room,5.0,5,a,b,c,d,e,,nothing,nothing,nothing,nothing,nothing,
6325,act_64_88,meeting_room,5.0,3,e,a,b,,,,pick_up,pick_up,pick_up,,,
2154,act_22_75,classroom,5.0,1,,,,b,,,,,,jump,,
5559,act_57_15,meeting_room,5.0,1,,,d,,,,,,sit_down,,,
4921,act_50_70,meeting_room,2.4,4,,d,,a,b,c,,pick_up,,sit_down,sit_down,pick_up
6850,act_70_19,meeting_room,5.0,5,c,d,e,a,b,,nothing,walk,rotation,jump,wave,
10719,act_201_27,classroom,2.4,0,,,,,,,,,,,,
10087,act_102_88,empty_room,5.0,3,e,,,,d,a,pick_up,,,,sit_down,pick_up
3137,act_32_68,classroom,5.0,4,,d,,a,b,c,,wave,,lie_down,lie_down,wave
10276,act_104_79,empty_room,5.0,4,,e,,b,c,d,,pick_up,,sit_down,sit_down,pick_up
5463,act_56_18,meeting_room,5.0,1,,c,,,,,,nothing,,,,
8219,act_84_2,empty_room,2.4,3,a,,,,e,b,walk,,,,lie_down,rotation
9159,act_93_51,empty_room,5.0,1,,,c,,,,,,pick_up,,,
3184,act_33_16,classroom,5.0,4,b,,d,,a,c,pick_up,,stand_up,,walk,sit_down
9381,act_95_75,empty_room,5.0,1,,,,,c,,,,,,jump,
1944,act_20_63,classroom,5.0,1,,c,,,,,,stand_up,,,,
8989,act_91_79,empty_room,5.0,1,d,,,,,,pick_up,,,,,
3200,act_33_32,classroom,5.0,4,d,,a,,c,e,wave,,pick_up,,stand_up,lie_down
8575,act_87_61,empty_room,2.4,4,b,,d,,a,c,pick_up,,sit_down,,stand_up,pick_up
1290,act_14_3,classroom,2.4,4,,b,,d,e,a,,jump,,lie_down,pick_up,rotation
4582,act_47_28,meeting_room,2.4,3,,e,,b,,d,,walk,,jump,,nothing
6336,act_64_99,meeting_room,5.0,3,a,b,c,,,,stand_up,stand_up,stand_up,,,
8616,act_88_3,empty_room,2.4,5,a,b,c,d,e,,rotation,jump,wave,lie_down,pick_up,
10089,act_102_90,empty_room,5.0,3,e,,,,d,a,stand_up,,,,nothing,stand_up
10775,act_201_83,classroom,2.4,0,,,,,,,,,,,,
8420,act_86_5,empty_room,2.4,4,,b,,d,e,a,,lie_down,,sit_down,stand_up,wave
4107,act_42_48,meeting_room,2.4,1,,,,,,a,,,,,,rotation
4127,act_42_68,meeting_room,2.4,1,,,,,,c,,,,,,wave
9266,act_94_59,empty_room,5.0,1,,,,e,,,,,,lie_down,,
3967,act_41_7,meeting_room,2.4,1,,,,,e,,,,,,walk,
1880,act_19_98,classroom,5.0,1,a,,,,,,sit_down,,,,,
9585,act_97_81,empty_room,5.0,2,d,e,,,,,stand_up,stand_up,,,,
10499,act_107_5,empty_room,5.0,5,,b,c,d,e,a,,lie_down,pick_up,sit_down,stand_up,wave
6912,act_70_81,meeting_room,5.0,5,d,e,a,b,c,,stand_up,stand_up,stand_up,nothing,nothing,
5458,act_56_13,meeting_room,5.0,1,,c,,,,,,wave,,,,
8500,act_86_85,empty_room,2.4,4,,a,,c,d,e,,jump,,jump,wave,jump
3588,act_37_24,meeting_room,2.4,1,c,,,,,,lie_down,,,,,
9925,act_101_25,empty_room,5.0,3,,d,,a,,c,,sit_down,,nothing,,pick_up
3866,act_40_5,meeting_room,2.4,1,,,,d,,,,,,sit_down,,
2149,act_22_70,classroom,5.0,1,,,,a,,,,,,sit_down,,
4132,act_42_73,meeting_room,2.4,1,,,,,,d,,,,,,nothing
1037,act_11_47,classroom,2.4,3,,b,,d,,a,,walk,,rotation,,walk
637,act_7_43,classroom,2.4,2,e,a,,,,,pick_up,sit_down,,,,
7037,act_72_8,meeting_room,5.0,5,a,,c,d,e,b,sit_down,,nothing,walk,rotation,stand_up
4135,act_42_76,meeting_room,2.4,1,,,,,,d,,,,,,jump
6825,act_69_93,meeting_room,5.0,4,a,,c,,e,b,rotation,,rotation,,rotation,rotation
1084,act_11_94,classroom,2.4,3,,b,,d,,a,,jump,,jump,,jump
862,act_9_70,classroom,2.4,2,,,,,b,c,,,,,sit_down,pick_up
5213,act_53_65,meeting_room,2.4,5,,d,e,a,b,c,,walk,walk,rotation,rotation,walk
904,act_10_13,classroom,2.4,3,b,c,d,,,,jump,wave,lie_down,,,
192,act_2_93,classroom,2.4,1,,b,,,,,,rotation,,,,
110,act_2_11,classroom,2.4,1,,c,,,,,,rotation,,,,
6027,act_61_87,meeting_room,5.0,2,e,a,,,,,lie_down,lie_down,,,,
4456,act_46_1,meeting_room,2.4,3,a,b,c,,,,nothing,walk,rotation,,,
1943,act_20_62,classroom,5.0,1,,c,,,,,,sit_down,,,,
6762,act_69_30,meeting_room,5.0,4,d,,a,,c,e,rotation,,wave,,pick_up,jump
4332,act_44_75,meeting_room,2.4,2,,,a,b,,,,,rotation,jump,,
10000,act_102_1,empty_room,5.0,3,a,,,,e,b,nothing,,,,wave,walk
9640,act_98_37,empty_room,5.0,2,,,b,c,,,,,rotation,jump,,
5928,act_60_87,meeting_room,5.0,1,,,,,,e,,,,,,lie_down
2041,act_21_61,classroom,5.0,1,,,d,,,,,,sit_down,,,
8757,act_89_45,empty_room,2.4,5,,a,b,c,d,e,,nothing,walk,rotation,jump,stand_up
8472,act_86_57,empty_room,2.4,4,,c,,e,a,b,,rotation,,jump,wave,rotation
4879,act_50_28,meeting_room,2.4,4,,e,,b,c,d,,walk,,jump,wave,nothing
4660,act_48_7,meeting_room,2.4,3,a,,,,e,b,pick_up,,,,walk,sit_down
8152,act_83_34,empty_room,2.4,3,,e,,b,,d,,sit_down,,nothing,,pick_up
2776,act_29_4,classroom,5.0,3,,b,,d,,a,,wave,,pick_up,,jump
4146,act_42_87,meeting_room,2.4,1,,,,,,e,,,,,,lie_down
2324,act_24_47,classroom,5.0,1,,,,,,a,,,,,,walk
763,act_8_70,classroom,2.4,2,,,e,a,,,,,pick_up,sit_down,,
5922,act_60_81,meeting_room,5.0,1,,,,,,d,,,,,,stand_up
2618,act_27_44,classroom,5.0,2,,,,,d,e,,,,,rotation,sit_down
2412,act_25_36,classroom,5.0,2,d,e,,,,,stand_up,nothing,,,,
1095,act_12_6,classroom,2.4,3,a,,,,e,b,lie_down,,,,nothing,pick_up
6066,act_62_27,meeting_room,5.0,2,,,e,a,,,,,walk,rotation,,
7854,act_80_33,empty_room,2.4,2,,,a,b,,,,,sit_down,stand_up,,
4590,act_47_36,meeting_room,2.4,3,,e,,b,,d,,nothing,,rotation,,stand_up
6035,act_61_95,meeting_room,5.0,2,a,b,,,,,wave,wave,,,,
7140,act_73_12,empty_room,2.4,1,b,,,,,,rotation,,,,,
3136,act_32_67,classroom,5.0,4,,d,,a,b,c,,jump,,wave,wave,jump
7255,act_74_28,empty_room,2.4,1,,e,,,,,,walk,,,,
5041,act_51_91,meeting_room,2.4,4,a,,c,,e,b,nothing,,nothing,,nothing,nothing
10404,act_106_9,empty_room,5.0,5,a,b,c,d,e,,stand_up,nothing,walk,rotation,jump,
5429,act_55_83,meeting_room,5.0,1,e,,,,,,walk,,,,,
6524,act_66_89,meeting_room,5.0,3,e,,,,d,a,sit_down,,,,stand_up,sit_down
6420,act_65_84,meeting_room,5.0,3,,a,,c,,e,,rotation,,rotation,,rotation
8714,act_89_2,empty_room,2.4,5,,b,c,d,e,a,,rotation,jump,wave,lie_down,walk
3806,act_39_44,meeting_room,2.4,1,,,b,,,,,,nothing,,,
885,act_9_93,classroom,2.4,2,,,,,e,a,,,,,rotation,rotation
2655,act_27_81,classroom,5.0,2,,,,,c,d,,,,,nothing,stand_up
8387,act_85_71,empty_room,2.4,4,c,d,e,a,,,sit_down,sit_down,sit_down,stand_up,,
11203,act_206_16,empty_room,5.0,0,,,,,,,,,,,,
10414,act_106_19,empty_room,5.0,5,c,d,e,a,b,,nothing,walk,rotation,jump,wave,
465,act_5_69,classroom,2.4,1,,,,,b,,,,,,pick_up,
1258,act_13_70,classroom,2.4,4,c,d,e,a,,,pick_up,pick_up,pick_up,sit_down,,
9631,act_98_28,empty_room,5.0,2,,,a,b,,,,,rotation,jump,,
7249,act_74_22,empty_room,2.4,1,,d,,,,,,wave,,,,
4275,act_44_18,meeting_room,2.4,2,,,d,e,,,,,walk,rotation,,
5193,act_53_45,meeting_room,2.4,5,,a,b,c,d,e,,nothing,walk,rotation,jump,stand_up
7603,act_77_79,empty_room,2.4,1,,,,,c,,,,,,sit_down,
10937,act_203_47,meeting_room,2.4,0,,,,,,,,,,,,
6232,act_63_94,meeting_room,5.0,2,,,,,e,a,,,,,jump,jump
5301,act_54_54,meeting_room,2.4,5,a,,c,d,e,b,stand_up,,nothing,nothing,walk,stand_up
2203,act_23_25,classroom,5.0,1,,,,,b,,,,,,walk,
7772,act_79_50,empty_room,2.4,2,a,b,,,,,wave,wave,,,,
8094,act_82_75,empty_room,2.4,3,d,e,a,,,,rotation,rotation,rotation,,,
1263,act_13_75,classroom,2.4,4,d,e,a,b,,,rotation,rotation,rotation,jump,,
6829,act_69_97,meeting_room,5.0,4,a,,c,,e,b,pick_up,,pick_up,,pick_up,pick_up
976,act_10_85,classroom,2.4,3,e,a,b,,,,jump,jump,jump,,,
7437,act_76_12,empty_room,2.4,1,,,,e,,,,,,lie_down,,
5867,act_60_26,meeting_room,5.0,1,,,,,,c,,,,,,sit_down
4926,act_50_75,meeting_room,2.4,4,,e,,b,c,d,,rotation,,jump,jump,rotation
942,act_10_51,classroom,2.4,3,a,b,c,,,,lie_down,lie_down,pick_up,,,
5264,act_54_17,meeting_room,2.4,5,b,,d,e,a,c,sit_down,,nothing,walk,rotation,stand_up
6583,act_67_49,meeting_room,5.0,4,a,b,c,d,,,jump,jump,wave,wave,,
4724,act_48_71,meeting_room,2.4,3,c,,,,b,d,sit_down,,,,stand_up,sit_down
2388,act_25_12,classroom,5.0,2,b,c,,,,,rotation,jump,,,,
10984,act_203_94,meeting_room,2.4,0,,,,,,,,,,,,
5022,act_51_72,meeting_room,2.4,4,c,,e,,b,d,stand_up,,stand_up,,nothing,stand_up
4392,act_45_36,meeting_room,2.4,2,,,,,c,d,,,,,jump,stand_up
5149,act_53_1,meeting_room,2.4,5,,b,c,d,e,a,,walk,rotation,jump,wave,nothing
3222,act_33_54,classroom,5.0,4,a,,c,,e,b,stand_up,,nothing,,walk,stand_up
3883,act_40_22,meeting_room,2.4,1,,,,a,,,,,,pick_up,,
8202,act_83_84,empty_room,2.4,3,,a,,c,,e,,rotation,,rotation,,rotation
10660,act_108_67,empty_room,5.0,5,c,,e,a,b,d,jump,,jump,wave,wave,jump
1611,act_17_27,classroom,2.4,5,,d,e,a,b,c,,nothing,walk,rotation,jump,stand_up
8277,act_84_60,empty_room,2.4,3,b,,,,a,c,lie_down,,,,sit_down,lie_down
5954,act_61_14,meeting_room,5.0,2,b,c,,,,,wave,lie_down,,,,
2790,act_29_18,classroom,5.0,3,,c,,e,,b,,nothing,,rotation,,stand_up
945,act_10_54,classroom,2.4,3,a,b,c,,,,stand_up,stand_up,nothing,,,
10059,act_102_60,empty_room,5.0,3,b,,,,a,c,lie_down,,,,sit_down,lie_down
1858,act_19_76,classroom,5.0,1,d,,,,,,jump,,,,,
9822,act_100_21,empty_room,5.0,3,c,d,e,,,,rotation,jump,wave,,,
4109,act_42_50,meeting_room,2.4,1,,,,,,a,,,,,,wave
5214,act_53_66,meeting_room,2.4,5,,d,e,a,b,c,,rotation,rotation,jump,jump,rotation
9607,act_98_4,empty_room,5.0,2,,,c,d,,,,,lie_down,pick_up,,
3256,act_33_88,classroom,5.0,4,e,,b,,d,a,pick_up,,pick_up,,sit_down,pick_up
2691,act_28_18,classroom,5.0,3,b,c,d,,,,stand_up,nothing,walk,,,
7345,act_75_19,empty_room,2.4,1,,,e,,,,,,rotation,,,
4628,act_47_74,meeting_room,2.4,3,,e,,b,,d,,walk,,rotation,,walk
10361,act_105_65,empty_room,5.0,4,c,,e,,b,d,walk,,walk,,rotation,walk
1320,act_14_33,classroom,2.4,4,,e,,b,c,d,,pick_up,,stand_up,nothing,lie_down
8962,act_91_52,empty_room,5.0,1,a,,,,,,pick_up,,,,,
11150,act_205_62,empty_room,2.4,0,,,,,,,,,,,,
5163,act_53_15,meeting_room,2.4,5,,c,d,e,a,b,,pick_up,sit_down,stand_up,nothing,lie_down
7435,act_76_10,empty_room,2.4,1,,,,e,,,,,,jump,,
8433,act_86_18,empty_room,2.4,4,,c,,e,a,b,,nothing,,rotation,jump,stand_up
7590,act_77_66,empty_room,2.4,1,,,,,b,,,,,,jump,
7945,act_81_25,empty_room,2.4,2,,,,,b,c,,,,,walk,pick_up
3476,act_36_11,classroom,5.0,5,b,,d,e,a,c,walk,,jump,wave,lie_down,rotation
3506,act_36_41,classroom,5.0,5,e,,b,c,d,a,wave,,pick_up,sit_down,stand_up,lie_down
4750,act_48_97,meeting_room,2.4,3,a,,,,e,b,pick_up,,,,pick_up,pick_up
2478,act_26_3,classroom,5.0,2,,,c,d,,,,,wave,lie_down,,
10831,act_202_40,classroom,5.0,0,,,,,,,,,,,,
9437,act_96_32,empty_room,5.0,1,,,,,,d,,,,,,wave
10170,act_103_72,empty_room,5.0,4,c,d,e,a,,,stand_up,stand_up,stand_up,nothing,,
4502,act_46_47,meeting_room,2.4,3,a,b,c,,,,walk,walk,rotation,,,
6832,act_70_1,meeting_room,5.0,5,a,b,c,d,e,,nothing,walk,rotation,jump,wave,
11133,act_205_45,empty_room,2.4,0,,,,,,,,,,,,
6337,act_65_1,meeting_room,5.0,3,,b,,d,,a,,walk,,jump,,nothing
8426,act_86_11,empty_room,2.4,4,,c,,e,a,b,,rotation,,wave,lie_down,walk
1875,act_19_93,classroom,5.0,1,a,,,,,,rotation,,,,,
9610,act_98_7,empty_room,5.0,2,,,c,d,,,,,stand_up,nothing,,
10379,act_105_83,empty_room,5.0,4,e,,b,,d,a,walk,,walk,,rotation,walk
10659,act_108_66,empty_room,5.0,5,c,,e,a,b,d,rotation,,rotation,jump,jump,rotation
5097,act_52_48,meeting_room,2.4,5,a,b,c,d,e,,rotation,rotation,jump,jump,wave,
2905,act_30_34,classroom,5.0,3,d,,,,c,e,pick_up,,,,walk,sit_down
571,act_6_76,classroom,2.4,1,,,,,,d,,,,,,jump
1449,act_15_63,classroom,2.4,4,b,,d,,a,c,stand_up,,nothing,,walk,stand_up
7597,act_77_73,empty_room,2.4,1,,,,,c,,,,,,walk,
7949,act_81_29,empty_room,2.4,2,,,,,c,d,,,,,lie_down,walk
8076,act_82_57,empty_room,2.4,3,b,c,d,,,,rotation,rotation,jump,,,
8770,act_89_58,empty_room,2.4,5,,c,d,e,a,b,,jump,wave,wave,lie_down,jump
8258,act_84_41,empty_room,2.4,3,e,,,,d,a,wave,,,,stand_up,lie_down
7081,act_72_52,meeting_room,5.0,5,a,,c,d,e,b,pick_up,,sit_down,sit_down,stand_up,pick_up
5842,act_60_1,meeting_room,5.0,1,,,,,,a,,,,,,nothing
8234,act_84_17,empty_room,2.4,3,b,,,,a,c,sit_down,,,,rotation,stand_up
3227,act_33_59,classroom,5.0,4,b,,d,,a,c,wave,,lie_down,,pick_up,wave
11000,act_204_11,meeting_room,5.0,0,,,,,,,,,,,,
7650,act_78_27,empty_room,2.4,1,,,,,,c,,,,,,stand_up
3979,act_41_19,meeting_room,2.4,1,,,,,b,,,,,,wave,
4384,act_45_28,meeting_room,2.4,2,,,,,c,d,,,,,wave,nothing
5835,act_59_93,meeting_room,5.0,1,,,,,e,,,,,,rotation,
8940,act_91_30,empty_room,5.0,1,d,,,,,,rotation,,,,,
9097,act_92_88,empty_room,5.0,1,,a,,,,,,pick_up,,,,
3540,act_36_75,classroom,5.0,5,d,,a,b,c,e,rotation,,rotation,jump,jump,rotation
7251,act_74_24,empty_room,2.4,1,,d,,,,,,pick_up,,,,
10117,act_103_19,empty_room,5.0,4,c,d,e,a,,,nothing,walk,rotation,jump,,
10040,act_102_41,empty_room,5.0,3,e,,,,d,a,wave,,,,stand_up,lie_down
9453,act_96_48,empty_room,5.0,1,,,,,,a,,,,,,rotation
5682,act_58_39,meeting_room,5.0,1,,,,c,,,,,,lie_down,,
2828,act_29_56,classroom,5.0,3,,c,,e,,b,,walk,,rotation,,walk
5781,act_59_39,meeting_room,5.0,1,,,,,d,,,,,,pick_up,
3635,act_37_71,meeting_room,2.4,1,c,,,,,,sit_down,,,,,
4997,act_51_47,meeting_room,2.4,4,a,,c,,e,b,walk,,rotation,,jump,walk
1339,act_14_52,classroom,2.4,4,,b,,d,e,a,,pick_up,,sit_down,stand_up,pick_up
3263,act_33_95,classroom,5.0,4,a,,c,,e,b,wave,,wave,,wave,wave
8122,act_83_4,empty_room,2.4,3,,b,,d,,a,,wave,,pick_up,,jump
7648,act_78_25,empty_room,2.4,1,,,,,,c,,,,,,pick_up
5742,act_58_99,meeting_room,5.0,1,,,,d,,,,,,stand_up,,
651,act_7_57,classroom,2.4,2,b,c,,,,,rotation,rotation,,,,
6040,act_62_1,meeting_room,5.0,2,,,c,d,,,,,rotation,jump,,
2903,act_30_32,classroom,5.0,3,d,,,,c,e,wave,,,,stand_up,lie_down
2259,act_23_81,classroom,5.0,1,,,,,c,,,,,,nothing,
5396,act_55_50,meeting_room,5.0,1,a,,,,,,wave,,,,,
8794,act_89_82,empty_room,2.4,5,,a,b,c,d,e,,nothing,nothing,nothing,walk,nothing
7787,act_79_65,empty_room,2.4,2,c,d,,,,,walk,walk,,,,
3522,act_36_57,classroom,5.0,5,b,,d,e,a,c,rotation,,jump,jump,wave,rotation
2731,act_28_58,classroom,5.0,3,b,c,d,,,,jump,jump,wave,,,
7020,act_71_90,meeting_room,5.0,5,,a,b,c,d,e,,stand_up,stand_up,stand_up,nothing,stand_up
4479,act_46_24,meeting_room,2.4,3,c,d,e,,,,lie_down,pick_up,sit_down,,,
5661,act_58_18,meeting_room,5.0,1,,,,e,,,,,,rotation,,
1597,act_17_13,classroom,2.4,5,,c,d,e,a,b,,wave,lie_down,pick_up,sit_down,jump
68,act_1_68,classroom,2.4,1,c,,,,,,wave,,,,,
2585,act_27_11,classroom,5.0,2,,,,,a,b,,,,,lie_down,walk
6949,act_71_19,meeting_room,5.0,5,,d,e,a,b,c,,walk,rotation,jump,wave,nothing
6282,act_64_45,meeting_room,5.0,3,e,a,b,,,,stand_up,nothing,walk,,,
3197,act_33_29,classroom,5.0,4,d,,a,,c,e,walk,,jump,,lie_down,rotation
7703,act_78_80,empty_room,2.4,1,,,,,,d,,,,,,sit_down
5328,act_54_81,meeting_room,2.4,5,d,,a,b,c,e,stand_up,,stand_up,nothing,nothing,stand_up
8957,act_91_47,empty_room,5.0,1,a,,,,,,walk,,,,,
6867,act_70_36,meeting_room,5.0,5,d,e,a,b,c,,stand_up,nothing,walk,rotation,jump,
1259,act_13_71,classroom,2.4,4,c,d,e,a,,,sit_down,sit_down,sit_down,stand_up,,
6750,act_69_18,meeting_room,5.0,4,b,,d,,a,c,stand_up,,walk,,jump,nothing
6351,act_65_15,meeting_room,5.0,3,,c,,e,,b,,pick_up,,stand_up,,lie_down
9617,act_98_14,empty_room,5.0,2,,,d,e,,,,,pick_up,sit_down,,
992,act_11_2,classroom,2.4,3,,b,,d,,a,,rotation,,wave,,walk
3505,act_36_40,classroom,5.0,5,e,,b,c,d,a,jump,,lie_down,pick_up,sit_down,wave
114,act_2_15,classroom,2.4,1,,c,,,,,,pick_up,,,,
920,act_10_29,classroom,2.4,3,d,e,a,,,,walk,rotation,jump,,,
2510,act_26_35,classroom,5.0,2,,,a,b,,,,,nothing,walk,,
10620,act_108_27,empty_room,5.0,5,c,,e,a,b,d,stand_up,,walk,rotation,jump,nothing
166,act_2_67,classroom,2.4,1,,d,,,,,,jump,,,,
6729,act_68_96,meeting_room,5.0,4,,b,,d,e,a,,lie_down,,lie_down,lie_down,lie_down
9644,act_98_41,empty_room,5.0,2,,,b,c,,,,,pick_up,sit_down,,
9068,act_92_59,empty_room,5.0,1,,c,,,,,,wave,,,,
4604,act_47_50,meeting_room,2.4,3,,b,,d,,a,,wave,,lie_down,,wave
8314,act_84_97,empty_room,2.4,3,a,,,,e,b,pick_up,,,,pick_up,pick_up
9600,act_97_96,empty_room,5.0,2,a,b,,,,,lie_down,lie_down,,,,
950,act_10_59,classroom,2.4,3,b,c,d,,,,wave,wave,lie_down,,,
4595,act_47_41,meeting_room,2.4,3,,a,,c,,e,,lie_down,,sit_down,,wave
7300,act_74_73,empty_room,2.4,1,,e,,,,,,nothing,,,,
3771,act_39_9,meeting_room,2.4,1,,,c,,,,,,walk,,,
2507,act_26_32,classroom,5.0,2,,,a,b,,,,,pick_up,sit_down,,
5108,act_52_59,meeting_room,2.4,5,b,c,d,e,a,,wave,wave,lie_down,lie_down,pick_up,
2851,act_29_79,classroom,5.0,3,,e,,b,,d,,pick_up,,sit_down,,pick_up
6001,act_61_61,meeting_room,5.0,2,b,c,,,,,pick_up,pick_up,,,,
8226,act_84_9,empty_room,2.4,3,a,,,,e,b,stand_up,,,,jump,nothing
11264,act_206_77,empty_room,5.0,0,,,,,,,,,,,,
6852,act_70_21,meeting_room,5.0,5,c,d,e,a,b,,rotation,jump,wave,lie_down,pick_up,
9390,act_95_84,empty_room,5.0,1,,,,,d,,,,,,jump,
4447,act_45_91,meeting_room,2.4,2,,,,,e,a,,,,,nothing,nothing
5795,act_59_53,meeting_room,5.0,1,,,,,e,,,,,,nothing,
4461,act_46_6,meeting_room,2.4,3,a,b,c,,,,lie_down,pick_up,sit_down,,,
9586,act_97_82,empty_room,5.0,2,e,a,,,,,nothing,nothing,,,,
2506,act_26_31,classroom,5.0,2,,,a,b,,,,,lie_down,pick_up,,
10213,act_104_16,empty_room,5.0,4,,c,,e,a,b,,sit_down,,nothing,walk,pick_up
6624,act_67_90,meeting_room,5.0,4,e,a,b,c,,,stand_up,stand_up,stand_up,stand_up,,
1115,act_12_26,classroom,2.4,3,c,,,,b,d,sit_down,,,,rotation,stand_up
9474,act_96_69,empty_room,5.0,1,,,,,,c,,,,,,lie_down
299,act_4_2,classroom,2.4,1,,,,d,,,,,,wave,,
1676,act_17_92,classroom,2.4,5,,b,c,d,e,a,,walk,walk,walk,walk,walk
3348,act_34_81,classroom,5.0,5,d,e,a,b,c,,stand_up,stand_up,stand_up,nothing,nothing,
6171,act_63_33,meeting_room,5.0,2,,,,,c,d,,,,,nothing,lie_down
2736,act_28_63,classroom,5.0,3,b,c,d,,,,stand_up,stand_up,nothing,,,
5670,act_58_27,meeting_room,5.0,1,,,,a,,,,,,rotation,,
9030,act_92_21,empty_room,5.0,1,,d,,,,,,jump,,,,
4989,act_51_39,meeting_room,2.4,4,e,,b,,d,a,rotation,,wave,,pick_up,jump
10157,act_103_59,empty_room,5.0,4,b,c,d,e,,,wave,wave,lie_down,lie_down,,
9287,act_94_80,empty_room,5.0,1,,,,b,,,,,,stand_up,,
7488,act_76_63,empty_room,2.4,1,,,,e,,,,,,nothing,,
4326,act_44_69,meeting_room,2.4,2,,,e,a,,,,,lie_down,pick_up,,
4173,act_43_15,meeting_room,2.4,2,b,c,,,,,lie_down,pick_up,,,,
8850,act_90_39,empty_room,2.4,5,e,,b,c,d,a,rotation,,wave,lie_down,pick_up,jump
4551,act_46_96,meeting_room,2.4,3,a,b,c,,,,lie_down,lie_down,lie_down,,,
9803,act_100_2,empty_room,5.0,3,a,b,c,,,,walk,rotation,jump,,,
8010,act_81_90,empty_room,2.4,2,,,,,d,e,,,,,nothing,stand_up
9041,act_92_32,empty_room,5.0,1,,e,,,,,,lie_down,,,,
2104,act_22_25,classroom,5.0,1,,,,a,,,,,,nothing,,
5337,act_54_90,meeting_room,2.4,5,e,,b,c,d,a,stand_up,,stand_up,stand_up,nothing,stand_up
7418,act_75_92,empty_room,2.4,1,,,c,,,,,,walk,,,
3760,act_38_97,meeting_room,2.4,1,,b,,,,,,pick_up,,,,
8824,act_90_13,empty_room,2.4,5,b,,d,e,a,c,jump,,lie_down,pick_up,sit_down,wave
1838,act_19_56,classroom,5.0,1,b,,,,,,walk,,,,,
9725,act_99_23,empty_room,5.0,2,,,,,b,c,,,,,stand_up,wave
9385,act_95_79,empty_room,5.0,1,,,,,c,,,,,,sit_down,
10680,act_108_87,empty_room,5.0,5,e,,b,c,d,a,lie_down,,lie_down,lie_down,pick_up,lie_down
5711,act_58_68,meeting_room,5.0,1,,,,a,,,,,,lie_down,,
608,act_7_14,classroom,2.4,2,b,c,,,,,wave,lie_down,,,,
10963,act_203_73,meeting_room,2.4,0,,,,,,,,,,,,
1094,act_12_5,classroom,2.4,3,a,,,,e,b,wave,,,,stand_up,lie_down
6930,act_70_99,meeting_room,5.0,5,a,b,c,d,e,,stand_up,stand_up,stand_up,stand_up,stand_up,
6719,act_68_86,meeting_room,5.0,4,,a,,c,d,e,,wave,,wave,lie_down,wave
10980,act_203_90,meeting_room,2.4,0,,,,,,,,,,,,
10121,act_103_23,empty_room,5.0,4,c,d,e,a,,,wave,lie_down,pick_up,sit_down,,
4488,act_46_33,meeting_room,2.4,3,d,e,a,,,,lie_down,pick_up,sit_down,,,
161,act_2_62,classroom,2.4,1,,c,,,,,,sit_down,,,,
204,act_3_6,classroom,2.4,1,,,c,,,,,,sit_down,,,
6484,act_66_49,meeting_room,5.0,3,a,,,,e,b,jump,,,,lie_down,jump
3941,act_40_80,meeting_room,2.4,1,,,,b,,,,,,stand_up,,
7509,act_76_84,empty_room,2.4,1,,,,c,,,,,,rotation,,
6104,act_62_65,meeting_room,5.0,2,,,e,a,,,,,walk,rotation,,
4934,act_50_83,meeting_room,2.4,4,,a,,c,d,e,,walk,,walk,rotation,walk
2935,act_30_64,classroom,5.0,3,c,,,,b,d,nothing,,,,walk,nothing
1815,act_19_33,classroom,5.0,1,d,,,,,,lie_down,,,,,
2436,act_25_60,classroom,5.0,2,b,c,,,,,lie_down,lie_down,,,,
1231,act_13_43,classroom,2.4,4,e,a,b,c,,,pick_up,sit_down,stand_up,nothing,,
10391,act_105_95,empty_room,5.0,4,a,,c,,e,b,wave,,wave,,wave,wave
3047,act_31_77,classroom,5.0,4,d,e,a,b,,,wave,wave,wave,lie_down,,
5706,act_58_63,meeting_room,5.0,1,,,,e,,,,,,nothing,,
10902,act_203_12,meeting_room,2.4,0,,,,,,,,,,,,
8266,act_84_49,empty_room,2.4,3,a,,,,e,b,jump,,,,lie_down,jump
10247,act_104_50,empty_room,5.0,4,,b,,d,e,a,,wave,,lie_down,pick_up,wave
8148,act_83_30,empty_room,2.4,3,,e,,b,,d,,jump,,lie_down,,rotation
4252,act_43_94,meeting_room,2.4,2,a,b,,,,,jump,jump,,,,
6112,act_62_73,meeting_room,5.0,2,,,a,b,,,,,nothing,walk,,
11072,act_204_83,meeting_room,5.0,0,,,,,,,,,,,,
6205,act_63_67,meeting_room,5.0,2,,,,,b,c,,,,,wave,jump
3294,act_34_27,classroom,5.0,5,c,d,e,a,b,,stand_up,nothing,walk,rotation,jump,
4035,act_41_75,meeting_room,2.4,1,,,,,c,,,,,,jump,
2726,act_28_53,classroom,5.0,3,a,b,c,,,,sit_down,sit_down,stand_up,,,
4291,act_44_34,meeting_room,2.4,2,,,a,b,,,,,stand_up,nothing,,
4335,act_44_78,meeting_room,2.4,2,,,a,b,,,,,lie_down,pick_up,,
7554,act_77_30,empty_room,2.4,1,,,,,c,,,,,,pick_up,
3878,act_40_17,meeting_room,2.4,1,,,,e,,,,,,walk,,
6206,act_63_68,meeting_room,5.0,2,,,,,b,c,,,,,lie_down,wave
6935,act_71_5,meeting_room,5.0,5,,b,c,d,e,a,,lie_down,pick_up,sit_down,stand_up,wave
7189,act_73_61,empty_room,2.4,1,b,,,,,,pick_up,,,,,
4754,act_49_2,meeting_room,2.4,4,a,b,c,d,,,walk,rotation,jump,wave,,
4887,act_50_36,meeting_room,2.4,4,,e,,b,c,d,,nothing,,rotation,jump,stand_up
858,act_9_66,classroom,2.4,2,,,,,b,c,,,,,jump,rotation
371,act_4_74,classroom,2.4,1,,,,b,,,,,,rotation,,
6540,act_67_6,meeting_room,5.0,4,a,b,c,d,,,lie_down,pick_up,sit_down,stand_up,,
10432,act_106_37,empty_room,5.0,5,e,a,b,c,d,,nothing,walk,rotation,jump,wave,
2562,act_26_87,classroom,5.0,2,,,b,c,,,,,lie_down,lie_down,,
3802,act_39_40,meeting_room,2.4,1,,,b,,,,,,lie_down,,,
2641,act_27_67,classroom,5.0,2,,,,,b,c,,,,,wave,jump
5456,act_56_11,meeting_room,5.0,1,,c,,,,,,rotation,,,,
7150,act_73_22,empty_room,2.4,1,c,,,,,,jump,,,,,
4491,act_46_36,meeting_room,2.4,3,d,e,a,,,,stand_up,nothing,walk,,,
2348,act_24_71,classroom,5.0,1,,,,,,c,,,,,,sit_down
650,act_7_56,classroom,2.4,2,b,c,,,,,walk,walk,,,,
2782,act_29_10,classroom,5.0,3,,c,,e,,b,,walk,,jump,,nothing
7218,act_73_90,empty_room,2.4,1,e,,,,,,stand_up,,,,,
9642,act_98_39,empty_room,5.0,2,,,b,c,,,,,wave,lie_down,,
9799,act_99_97,empty_room,5.0,2,,,,,e,a,,,,,pick_up,pick_up
5945,act_61_5,meeting_room,5.0,2,a,b,,,,,wave,lie_down,,,,
7314,act_74_87,empty_room,2.4,1,,a,,,,,,lie_down,,,,
616,act_7_22,classroom,2.4,2,c,d,,,,,jump,wave,,,,
9528,act_97_24,empty_room,5.0,2,c,d,,,,,lie_down,pick_up,,,,
2576,act_27_2,classroom,5.0,2,,,,,e,a,,,,,lie_down,walk
54,act_1_54,classroom,2.4,1,a,,,,,,stand_up,,,,,
7925,act_81_5,empty_room,2.4,2,,,,,e,a,,,,,stand_up,wave
3341,act_34_74,classroom,5.0,5,d,e,a,b,c,,walk,walk,walk,rotation,rotation,
8580,act_87_66,empty_room,2.4,4,c,,e,,b,d,rotation,,rotation,,jump,rotation
1706,act_18_23,classroom,2.4,5,c,,e,a,b,d,wave,,pick_up,sit_down,stand_up,lie_down
10227,act_104_30,empty_room,5.0,4,,e,,b,c,d,,jump,,lie_down,pick_up,rotation
8299,act_84_82,empty_room,2.4,3,e,,,,d,a,nothing,,,,walk,nothing
1494,act_16_9,classroom,2.4,5,a,b,c,d,e,,stand_up,nothing,walk,rotation,jump,
5877,act_60_36,meeting_room,5.0,1,,,,,,d,,,,,,stand_up
11246,act_206_59,empty_room,5.0,0,,,,,,,,,,,,
8761,act_89_49,empty_room,2.4,5,,b,c,d,e,a,,jump,wave,wave,lie_down,jump
804,act_9_12,classroom,2.4,2,,,,,a,b,,,,,pick_up,rotation
4954,act_51_4,meeting_room,2.4,4,a,,c,,e,b,jump,,lie_down,,sit_down,wave
1813,act_19_31,classroom,5.0,1,d,,,,,,jump,,,,,
8618,act_88_5,empty_room,2.4,5,a,b,c,d,e,,wave,lie_down,pick_up,sit_down,stand_up,
991,act_11_1,classroom,2.4,3,,b,,d,,a,,walk,,jump,,nothing
2775,act_29_3,classroom,5.0,3,,b,,d,,a,,jump,,lie_down,,rotation
8877,act_90_66,empty_room,2.4,5,c,,e,a,b,d,rotation,,rotation,jump,jump,rotation
10299,act_105_3,empty_room,5.0,4,a,,c,,e,b,rotation,,wave,,pick_up,jump
3514,act_36_49,classroom,5.0,5,a,,c,d,e,b,jump,,wave,wave,lie_down,jump
6996,act_71_66,meeting_room,5.0,5,,d,e,a,b,c,,rotation,rotation,jump,jump,rotation
9477,act_96_72,empty_room,5.0,1,,,,,,c,,,,,,stand_up
220,act_3_22,classroom,2.4,1,,,e,,,,,,lie_down,,,
7078,act_72_49,meeting_room,5.0,5,a,,c,d,e,b,jump,,wave,wave,lie_down,jump
1289,act_14_2,classroom,2.4,4,,b,,d,e,a,,rotation,,wave,lie_down,walk
3164,act_32_95,classroom,5.0,4,,b,,d,e,a,,wave,,wave,wave,wave
4679,act_48_26,meeting_room,2.4,3,c,,,,b,d,sit_down,,,,rotation,stand_up
2619,act_27_45,classroom,5.0,2,,,,,d,e,,,,,jump,stand_up
3613,act_37_49,meeting_room,2.4,1,a,,,,,,jump,,,,,
44,act_1_44,classroom,2.4,1,e,,,,,,sit_down,,,,,
9039,act_92_30,empty_room,5.0,1,,e,,,,,,jump,,,,
10889,act_202_98,classroom,5.0,0,,,,,,,,,,,,
8257,act_84_40,empty_room,2.4,3,e,,,,d,a,jump,,,,sit_down,wave
3793,act_39_31,meeting_room,2.4,1,,,a,,,,,,lie_down,,,
3572,act_37_8,meeting_room,2.4,1,a,,,,,,sit_down,,,,,
11265,act_206_78,empty_room,5.0,0,,,,,,,,,,,,
1504,act_16_19,classroom,2.4,5,c,d,e,a,b,,nothing,walk,rotation,jump,wave,
8791,act_89_79,empty_room,2.4,5,,e,a,b,c,d,,pick_up,pick_up,sit_down,sit_down,pick_up
11093,act_205_5,empty_room,2.4,0,,,,,,,,,,,,
3440,act_35_74,classroom,5.0,5,,e,a,b,c,d,,walk,walk,rotation,rotation,walk
1893,act_20_12,classroom,5.0,1,,c,,,,,,jump,,,,
10882,act_202_91,classroom,5.0,0,,,,,,,,,,,,
10531,act_107_37,empty_room,5.0,5,,a,b,c,d,e,,walk,rotation,jump,wave,nothing
5256,act_54_9,meeting_room,2.4,5,a,,c,d,e,b,stand_up,,walk,rotation,jump,nothing
1956,act_20_75,classroom,5.0,1,,e,,,,,,rotation,,,,
5168,act_53_20,meeting_room,2.4,5,,d,e,a,b,c,,rotation,jump,wave,lie_down,walk
4815,act_49_63,meeting_room,2.4,4,b,c,d,e,,,stand_up,stand_up,nothing,nothing,,
7973,act_81_53,empty_room,2.4,2,,,,,e,a,,,,,nothing,sit_down
6461,act_66_26,meeting_room,5.0,3,c,,,,b,d,sit_down,,,,rotation,stand_up
1506,act_16_21,classroom,2.4,5,c,d,e,a,b,,rotation,jump,wave,lie_down,pick_up,
671,act_7_77,classroom,2.4,2,d,e,,,,,wave,wave,,,,
6492,act_66_57,meeting_room,5.0,3,b,,,,a,c,rotation,,,,wave,rotation
9267,act_94_60,empty_room,5.0,1,,,,e,,,,,,pick_up,,
10058,act_102_59,empty_room,5.0,3,b,,,,a,c,wave,,,,pick_up,wave
1086,act_11_96,classroom,2.4,3,,b,,d,,a,,lie_down,,lie_down,,lie_down
898,act_10_7,classroom,2.4,3,a,b,c,,,,pick_up,sit_down,stand_up,,,
10705,act_201_13,classroom,2.4,0,,,,,,,,,,,,
6240,act_64_3,meeting_room,5.0,3,a,b,c,,,,rotation,jump,wave,,,
2667,act_27_93,classroom,5.0,2,,,,,e,a,,,,,rotation,rotation
3194,act_33_26,classroom,5.0,4,c,,e,,b,d,sit_down,,nothing,,rotation,stand_up
2891,act_30_20,classroom,5.0,3,c,,,,b,d,walk,,,,lie_down,rotation
6004,act_61_64,meeting_room,5.0,2,c,d,,,,,nothing,nothing,,,,
8629,act_88_16,empty_room,2.4,5,b,c,d,e,a,,pick_up,sit_down,stand_up,nothing,walk,
7262,act_74_35,empty_room,2.4,1,,e,,,,,,stand_up,,,,
2622,act_27_48,classroom,5.0,2,,,,,e,a,,,,,wave,rotation
6203,act_63_65,meeting_room,5.0,2,,,,,b,c,,,,,rotation,walk
8217,act_83_99,empty_room,2.4,3,,b,,d,,a,,stand_up,,stand_up,,stand_up
7842,act_80_21,empty_room,2.4,2,,,e,a,,,,,wave,lie_down,,
10757,act_201_65,classroom,2.4,0,,,,,,,,,,,,
5814,act_59_72,meeting_room,5.0,1,,,,,b,,,,,,nothing,
3,act_1_3,classroom,2.4,1,a,,,,,,rotation,,,,,
5971,act_61_31,meeting_room,5.0,2,d,e,,,,,jump,wave,,,,
2371,act_24_94,classroom,5.0,1,,,,,,a,,,,,,jump
3805,act_39_43,meeting_room,2.4,1,,,b,,,,,,stand_up,,,
1770,act_18_87,classroom,2.4,5,e,,b,c,d,a,lie_down,,lie_down,lie_down,pick_up,lie_down
9597,act_97_93,empty_room,5.0,2,a,b,,,,,rotation,rotation,,,,
10410,act_106_15,empty_room,5.0,5,b,c,d,e,a,,lie_down,pick_up,sit_down,stand_up,nothing,
6080,act_62_41,meeting_room,5.0,2,,,b,c,,,,,pick_up,sit_down,,
532,act_6_37,classroom,2.4,1,,,,,,e,,,,,,nothing
9736,act_99_34,empty_room,5.0,2,,,,,c,d,,,,,walk,pick_up
10334,act_105_38,empty_room,5.0,4,e,,b,,d,a,walk,,jump,,lie_down,rotation
6477,act_66_42,meeting_room,5.0,3,e,,,,d,a,lie_down,,,,nothing,pick_up
10069,act_102_70,empty_room,5.0,3,c,,,,b,d,pick_up,,,,sit_down,pick_up
11249,act_206_62,empty_room,5.0,0,,,,,,,,,,,,
3121,act_32_52,classroom,5.0,4,,b,,d,e,a,,pick_up,,sit_down,stand_up,pick_up
10185,act_103_87,empty_room,5.0,4,e,a,b,c,,,lie_down,lie_down,lie_down,lie_down,,
6260,act_64_23,meeting_room,5.0,3,c,d,e,,,,wave,lie_down,pick_up,,,
732,act_8_39,classroom,2.4,2,,,b,c,,,,,wave,lie_down,,
3407,act_35_41,classroom,5.0,5,,a,b,c,d,e,,lie_down,pick_up,sit_down,stand_up,wave
2340,act_24_63,classroom,5.0,1,,,,,,b,,,,,,stand_up
5992,act_61_52,meeting_room,5.0,2,a,b,,,,,pick_up,pick_up,,,,
6329,act_64_92,meeting_room,5.0,3,a,b,c,,,,walk,walk,walk,,,
7601,act_77_77,empty_room,2.4,1,,,,,c,,,,,,lie_down,
7453,act_76_28,empty_room,2.4,1,,,,b,,,,,,jump,,
2566,act_26_91,classroom,5.0,2,,,c,d,,,,,nothing,nothing,,
2582,act_27_8,classroom,5.0,2,,,,,e,a,,,,,rotation,sit_down
9240,act_94_33,empty_room,5.0,1,,,,b,,,,,,stand_up,,
9996,act_101_96,empty_room,5.0,3,,b,,d,,a,,lie_down,,lie_down,,lie_down
8805,act_89_93,empty_room,2.4,5,,b,c,d,e,a,,rotation,rotation,rotation,rotation,rotation
9305,act_94_98,empty_room,5.0,1,,,,d,,,,,,sit_down,,
8422,act_86_7,empty_room,2.4,4,,b,,d,e,a,,sit_down,,nothing,walk,pick_up
10133,act_103_35,empty_room,5.0,4,d,e,a,b,,,sit_down,stand_up,nothing,walk,,
10694,act_201_2,classroom,2.4,0,,,,,,,,,,,,
1256,act_13_68,classroom,2.4,4,c,d,e,a,,,wave,wave,wave,lie_down,,
2105,act_22_26,classroom,5.0,1,,,,a,,,,,,walk,,
10495,act_107_1,empty_room,5.0,5,,b,c,d,e,a,,walk,rotation,jump,wave,nothing
9377,act_95_71,empty_room,5.0,1,,,,,b,,,,,,stand_up,
8485,act_86_70,empty_room,2.4,4,,d,,a,b,c,,pick_up,,sit_down,sit_down,pick_up
10331,act_105_35,empty_room,5.0,4,d,,a,,c,e,sit_down,,nothing,,rotation,stand_up
4995,act_51_45,meeting_room,2.4,4,e,,b,,d,a,stand_up,,walk,,jump,nothing
10127,act_103_29,empty_room,5.0,4,d,e,a,b,,,walk,rotation,jump,wave,,
9636,act_98_33,empty_room,5.0,2,,,a,b,,,,,sit_down,stand_up,,
5058,act_52_9,meeting_room,2.4,5,a,b,c,d,e,,stand_up,nothing,walk,rotation,jump,
7454,act_76_29,empty_room,2.4,1,,,,b,,,,,,wave,,
4435,act_45_79,meeting_room,2.4,2,,,,,c,d,,,,,sit_down,pick_up
3485,act_36_20,classroom,5.0,5,c,,e,a,b,d,walk,,jump,wave,lie_down,rotation
10720,act_201_28,classroom,2.4,0,,,,,,,,,,,,
5319,act_54_72,meeting_room,2.4,5,c,,e,a,b,d,stand_up,,stand_up,nothing,nothing,stand_up
3817,act_39_55,meeting_room,2.4,1,,,d,,,,,,walk,,,
6774,act_69_42,meeting_room,5.0,4,e,,b,,d,a,lie_down,,sit_down,,nothing,pick_up
8004,act_81_84,empty_room,2.4,2,,,,,d,e,,,,,jump,rotation
10054,act_102_55,empty_room,5.0,3,b,,,,a,c,nothing,,,,rotation,nothing
2547,act_26_72,classroom,5.0,2,,,e,a,,,,,stand_up,nothing,,
7087,act_72_58,meeting_room,5.0,5,b,,d,e,a,c,jump,,wave,wave,lie_down,jump
6480,act_66_45,meeting_room,5.0,3,e,,,,d,a,stand_up,,,,jump,nothing
1622,act_17_38,classroom,2.4,5,,a,b,c,d,e,,rotation,jump,wave,lie_down,walk
10640,act_108_47,empty_room,5.0,5,a,,c,d,e,b,walk,,rotation,rotation,jump,walk
8025,act_82_6,empty_room,2.4,3,a,b,c,,,,lie_down,pick_up,sit_down,,,
7948,act_81_28,empty_room,2.4,2,,,,,c,d,,,,,wave,nothing
10053,act_102_54,empty_room,5.0,3,a,,,,e,b,stand_up,,,,walk,stand_up
1097,act_12_8,classroom,2.4,3,a,,,,e,b,sit_down,,,,rotation,stand_up
6812,act_69_80,meeting_room,5.0,4,d,,a,,c,e,sit_down,,sit_down,,stand_up,sit_down
8095,act_82_76,empty_room,2.4,3,d,e,a,,,,jump,jump,jump,,,
10392,act_105_96,empty_room,5.0,4,a,,c,,e,b,lie_down,,lie_down,,lie_down,lie_down
10708,act_201_16,classroom,2.4,0,,,,,,,,,,,,
5500,act_56_55,meeting_room,5.0,1,,c,,,,,,nothing,,,,
10440,act_106_45,empty_room,5.0,5,e,a,b,c,d,,stand_up,nothing,walk,rotation,jump,
2464,act_25_88,classroom,5.0,2,e,a,,,,,pick_up,pick_up,,,,
9980,act_101_80,empty_room,5.0,3,,e,,b,,d,,sit_down,,stand_up,,sit_down
3701,act_38_38,meeting_room,2.4,1,,a,,,,,,rotation,,,,
6685,act_68_52,meeting_room,5.0,4,,b,,d,e,a,,pick_up,,sit_down,stand_up,pick_up
1789,act_19_7,classroom,5.0,1,a,,,,,,pick_up,,,,,
251,act_3_53,classroom,2.4,1,,,c,,,,,,stand_up,,,
6315,act_64_78,meeting_room,5.0,3,d,e,a,,,,lie_down,lie_down,lie_down,,,
10733,act_201_41,classroom,2.4,0,,,,,,,,,,,,
7878,act_80_57,empty_room,2.4,2,,,d,e,,,,,jump,jump,,
7900,act_80_79,empty_room,2.4,2,,,a,b,,,,,pick_up,sit_down,,
193,act_2_94,classroom,2.4,1,,b,,,,,,jump,,,,
821,act_9_29,classroom,2.4,2,,,,,c,d,,,,,lie_down,walk
10871,act_202_80,classroom,5.0,0,,,,,,,,,,,,
7285,act_74_58,empty_room,2.4,1,,c,,,,,,jump,,,,
8678,act_88_65,empty_room,2.4,5,c,d,e,a,b,,walk,walk,walk,rotation,rotation,
9323,act_95_17,empty_room,5.0,1,,,,,a,,,,,,rotation,
4401,act_45_45,meeting_room,2.4,2,,,,,d,e,,,,,jump,stand_up
8585,act_87_71,empty_room,2.4,4,c,,e,,b,d,sit_down,,sit_down,,stand_up,sit_down
5389,act_55_43,meeting_room,5.0,1,e,,,,,,pick_up,,,,,
4167,act_43_9,meeting_room,2.4,2,a,b,,,,,stand_up,nothing,,,,
7371,act_75_45,empty_room,2.4,1,,,b,,,,,,walk,,,
4952,act_51_2,meeting_room,2.4,4,a,,c,,e,b,walk,,jump,,lie_down,rotation
2688,act_28_15,classroom,5.0,3,b,c,d,,,,lie_down,pick_up,sit_down,,,
4391,act_45_35,meeting_room,2.4,2,,,,,c,d,,,,,rotation,sit_down
7689,act_78_66,empty_room,2.4,1,,,,,,c,,,,,,rotation
7615,act_77_91,empty_room,2.4,1,,,,,e,,,,,,nothing,
4928,act_50_77,meeting_room,2.4,4,,e,,b,c,d,,wave,,lie_down,lie_down,wave
8396,act_85_80,empty_room,2.4,4,d,e,a,b,,,sit_down,sit_down,sit_down,stand_up,,
5553,act_57_9,meeting_room,5.0,1,,,c,,,,,,walk,,,
2608,act_27_34,classroom,5.0,2,,,,,c,d,,,,,walk,pick_up
8833,act_90_22,empty_room,2.4,5,c,,e,a,b,d,jump,,lie_down,pick_up,sit_down,wave
239,act_3_41,classroom,2.4,1,,,b,,,,,,pick_up,,,
4016,act_41_56,meeting_room,2.4,1,,,,,a,,,,,,jump,
10459,act_106_64,empty_room,5.0,5,c,d,e,a,b,,nothing,nothing,nothing,walk,walk,
2978,act_31_8,classroom,5.0,4,a,b,c,d,,,sit_down,stand_up,nothing,walk,,
7283,act_74_56,empty_room,2.4,1,,c,,,,,,walk,,,,
7468,act_76_43,empty_room,2.4,1,,,,c,,,,,,nothing,,
8269,act_84_52,empty_room,2.4,3,a,,,,e,b,pick_up,,,,stand_up,pick_up
7754,act_79_32,empty_room,2.4,2,d,e,,,,,wave,lie_down,,,,
5474,act_56_29,meeting_room,5.0,1,,e,,,,,,rotation,,,,
946,act_10_55,classroom,2.4,3,b,c,d,,,,nothing,nothing,walk,,,
8159,act_83_41,empty_room,2.4,3,,a,,c,,e,,lie_down,,sit_down,,wave
8956,act_91_46,empty_room,5.0,1,a,,,,,,nothing,,,,,
5098,act_52_49,meeting_room,2.4,5,a,b,c,d,e,,jump,jump,wave,wave,lie_down,
10425,act_106_30,empty_room,5.0,5,d,e,a,b,c,,rotation,jump,wave,lie_down,pick_up,
6056,act_62_17,meeting_room,5.0,2,,,d,e,,,,,nothing,walk,,
6474,act_66_39,meeting_room,5.0,3,e,,,,d,a,rotation,,,,pick_up,jump
8442,act_86_27,empty_room,2.4,4,,d,,a,b,c,,nothing,,rotation,jump,stand_up
7403,act_75_77,empty_room,2.4,1,,,a,,,,,,wave,,,
3553,act_36_88,classroom,5.0,5,e,,b,c,d,a,pick_up,,pick_up,pick_up,sit_down,pick_up
11252,act_206_65,empty_room,5.0,0,,,,,,,,,,,,
3361,act_34_94,classroom,5.0,5,a,b,c,d,e,,jump,jump,jump,jump,jump,
7092,act_72_63,meeting_room,5.0,5,b,,d,e,a,c,stand_up,,nothing,nothing,walk,stand_up
5629,act_57_85,meeting_room,5.0,1,,,b,,,,,,jump,,,
2411,act_25_35,classroom,5.0,2,d,e,,,,,sit_down,stand_up,,,,
5784,act_59_42,meeting_room,5.0,1,,,,,d,,,,,,nothing,
4508,act_46_53,meeting_room,2.4,3,a,b,c,,,,sit_down,sit_down,stand_up,,,
9544,act_97_40,empty_room,5.0,2,e,a,,,,,jump,wave,,,,
3983,act_41_23,meeting_room,2.4,1,,,,,b,,,,,,stand_up,
7411,act_75_85,empty_room,2.4,1,,,b,,,,,,jump,,,
147,act_2_48,classroom,2.4,1,,b,,,,,,rotation,,,,
6902,act_70_71,meeting_room,5.0,5,c,d,e,a,b,,sit_down,sit_down,sit_down,stand_up,stand_up,
8343,act_85_27,empty_room,2.4,4,c,d,e,a,,,stand_up,nothing,walk,rotation,,
2295,act_24_18,classroom,5.0,1,,,,,,b,,,,,,stand_up
2254,act_23_76,classroom,5.0,1,,,,,c,,,,,,wave,
3612,act_37_48,meeting_room,2.4,1,a,,,,,,rotation,,,,,
5354,act_55_8,meeting_room,5.0,1,a,,,,,,sit_down,,,,,
1737,act_18_54,classroom,2.4,5,a,,c,d,e,b,stand_up,,nothing,nothing,walk,stand_up
7477,act_76_52,empty_room,2.4,1,,,,d,,,,,,sit_down,,
8944,act_91_34,empty_room,5.0,1,d,,,,,,pick_up,,,,,
115,act_2_16,classroom,2.4,1,,c,,,,,,sit_down,,,,
10009,act_102_10,empty_room,5.0,3,b,,,,a,c,nothing,,,,wave,walk
6127,act_62_88,meeting_room,5.0,2,,,b,c,,,,,pick_up,pick_up,,
7583,act_77_59,empty_room,2.4,1,,,,,a,,,,,,pick_up,
10701,act_201_9,classroom,2.4,0,,,,,,,,,,,,
499,act_6_4,classroom,2.4,1,,,,,,a,,,,,,jump
6560,act_67_26,meeting_room,5.0,4,c,d,e,a,,,sit_down,stand_up,nothing,walk,,
6379,act_65_43,meeting_room,5.0,3,,a,,c,,e,,sit_down,,nothing,,pick_up
4734,act_48_81,meeting_room,2.4,3,d,,,,c,e,stand_up,,,,nothing,stand_up
721,act_8_28,classroom,2.4,2,,,a,b,,,,,rotation,jump,,
4385,act_45_29,meeting_room,2.4,2,,,,,c,d,,,,,lie_down,walk
9990,act_101_90,empty_room,5.0,3,,a,,c,,e,,stand_up,,stand_up,,stand_up
7303,act_74_76,empty_room,2.4,1,,e,,,,,,jump,,,,
7802,act_79_80,empty_room,2.4,2,d,e,,,,,sit_down,sit_down,,,,
3090,act_32_21,classroom,5.0,4,,d,,a,b,c,,jump,,lie_down,pick_up,rotation
8672,act_88_59,empty_room,2.4,5,b,c,d,e,a,,wave,wave,lie_down,lie_down,pick_up,
8691,act_88_78,empty_room,2.4,5,d,e,a,b,c,,lie_down,lie_down,lie_down,pick_up,pick_up,
485,act_5_89,classroom,2.4,1,,,,,d,,,,,,stand_up,
4546,act_46_91,meeting_room,2.4,3,a,b,c,,,,nothing,nothing,nothing,,,
597,act_7_3,classroom,2.4,2,a,b,,,,,rotation,jump,,,,
10262,act_104_65,empty_room,5.0,4,,d,,a,b,c,,walk,,rotation,rotation,walk
7757,act_79_35,empty_room,2.4,2,d,e,,,,,sit_down,stand_up,,,,
8847,act_90_36,empty_room,2.4,5,d,,a,b,c,e,stand_up,,walk,rotation,jump,nothing
5165,act_53_17,meeting_room,2.4,5,,c,d,e,a,b,,stand_up,nothing,walk,rotation,sit_down
10323,act_105_27,empty_room,5.0,4,c,,e,,b,d,stand_up,,walk,,jump,nothing
1648,act_17_64,classroom,2.4,5,,d,e,a,b,c,,nothing,nothing,walk,walk,nothing
7803,act_79_81,empty_room,2.4,2,d,e,,,,,stand_up,stand_up,,,,
8514,act_86_99,empty_room,2.4,4,,b,,d,e,a,,stand_up,,stand_up,stand_up,stand_up
6816,act_69_84,meeting_room,5.0,4,e,,b,,d,a,rotation,,rotation,,jump,rotation
2701,act_28_28,classroom,5.0,3,d,e,a,,,,nothing,walk,rotation,,,
10766,act_201_74,classroom,2.4,0,,,,,,,,,,,,
1701,act_18_18,classroom,2.4,5,b,,d,e,a,c,stand_up,,walk,rotation,jump,nothing
10097,act_102_98,empty_room,5.0,3,a,,,,e,b,sit_down,,,,sit_down,sit_down
5405,act_55_59,meeting_room,5.0,1,b,,,,,,wave,,,,,
8687,act_88_74,empty_room,2.4,5,d,e,a,b,c,,walk,walk,walk,rotation,rotation,
11089,act_205_1,empty_room,2.4,0,,,,,,,,,,,,
2943,act_30_72,classroom,5.0,3,c,,,,b,d,stand_up,,,,nothing,stand_up
6969,act_71_39,meeting_room,5.0,5,,a,b,c,d,e,,jump,wave,lie_down,pick_up,rotation
6558,act_67_24,meeting_room,5.0,4,c,d,e,a,,,lie_down,pick_up,sit_down,stand_up,,
9386,act_95_80,empty_room,5.0,1,,,,,c,,,,,,stand_up,
6220,act_63_82,meeting_room,5.0,2,,,,,d,e,,,,,walk,nothing
8019,act_81_99,empty_room,2.4,2,,,,,e,a,,,,,stand_up,stand_up
87,act_1_87,classroom,2.4,1,e,,,,,,lie_down,,,,,
2309,act_24_32,classroom,5.0,1,,,,,,d,,,,,,wave
2678,act_28_5,classroom,5.0,3,a,b,c,,,,wave,lie_down,pick_up,,,
9270,act_94_63,empty_room,5.0,1,,,,e,,,,,,nothing,,
9249,act_94_42,empty_room,5.0,1,,,,c,,,,,,stand_up,,
2595,act_27_21,classroom,5.0,2,,,,,b,c,,,,,pick_up,rotation
7500,act_76_75,empty_room,2.4,1,,,,b,,,,,,jump,,
1030,act_11_40,classroom,2.4,3,,a,,c,,e,,wave,,pick_up,,jump
137,act_2_38,classroom,2.4,1,,a,,,,,,rotation,,,,
6973,act_71_43,meeting_room,5.0,5,,a,b,c,d,e,,sit_down,stand_up,nothing,walk,pick_up
1237,act_13_49,classroom,2.4,4,a,b,c,d,,,jump,jump,wave,wave,,
7025,act_71_95,meeting_room,5.0,5,,b,c,d,e,a,,wave,wave,wave,wave,wave
6241,act_64_4,meeting_room,5.0,3,a,b,c,,,,jump,wave,lie_down,,,
9707,act_99_5,empty_room,5.0,2,,,,,e,a,,,,,stand_up,wave
2855,act_29_83,classroom,5.0,3,,a,,c,,e,,walk,,walk,,walk
4410,act_45_54,meeting_room,2.4,2,,,,,e,a,,,,,walk,stand_up
1201,act_13_13,classroom,2.4,4,b,c,d,e,,,jump,wave,lie_down,pick_up,,
6122,act_62_83,meeting_room,5.0,2,,,b,c,,,,,walk,walk,,
4718,act_48_65,meeting_room,2.4,3,c,,,,b,d,walk,,,,rotation,walk
10747,act_201_55,classroom,2.4,0,,,,,,,,,,,,
8304,act_84_87,empty_room,2.4,3,e,,,,d,a,lie_down,,,,pick_up,lie_down
567,act_6_72,classroom,2.4,1,,,,,,c,,,,,,stand_up
9665,act_98_62,empty_room,5.0,2,,,d,e,,,,,stand_up,stand_up,,
5934,act_60_93,meeting_room,5.0,1,,,,,,a,,,,,,rotation
5431,act_55_85,meeting_room,5.0,1,e,,,,,,jump,,,,,
5869,act_60_28,meeting_room,5.0,1,,,,,,d,,,,,,nothing
6297,act_64_60,meeting_room,5.0,3,b,c,d,,,,lie_down,lie_down,pick_up,,,
3928,act_40_67,meeting_room,2.4,1,,,,a,,,,,,wave,,
6196,act_63_58,meeting_room,5.0,2,,,,,a,b,,,,,lie_down,jump
7713,act_78_90,empty_room,2.4,1,,,,,,e,,,,,,stand_up
8904,act_90_93,empty_room,2.4,5,a,,c,d,e,b,rotation,,rotation,rotation,rotation,rotation
11141,act_205_53,empty_room,2.4,0,,,,,,,,,,,,
8286,act_84_69,empty_room,2.4,3,c,,,,b,d,lie_down,,,,pick_up,lie_down
10964,act_203_74,meeting_room,2.4,0,,,,,,,,,,,,
3607,act_37_43,meeting_room,2.4,1,e,,,,,,pick_up,,,,,
10064,act_102_65,empty_room,5.0,3,c,,,,b,d,walk,,,,rotation,walk
10342,act_105_46,empty_room,5.0,4,a,,c,,e,b,nothing,,walk,,rotation,nothing
2331,act_24_54,classroom,5.0,1,,,,,,a,,,,,,stand_up
3516,act_36_51,classroom,5.0,5,a,,c,d,e,b,lie_down,,pick_up,pick_up,sit_down,lie_down
2188,act_23_10,classroom,5.0,1,,,,,a,,,,,,wave,
196,act_2_97,classroom,2.4,1,,b,,,,,,pick_up,,,,
8710,act_88_97,empty_room,2.4,5,a,b,c,d,e,,pick_up,pick_up,pick_up,pick_up,pick_up,
9389,act_95_83,empty_room,5.0,1,,,,,d,,,,,,rotation,
5060,act_52_11,meeting_room,2.4,5,b,c,d,e,a,,walk,rotation,jump,wave,lie_down,
803,act_9_11,classroom,2.4,2,,,,,a,b,,,,,lie_down,walk
5716,act_58_73,meeting_room,5.0,1,,,,b,,,,,,walk,,
9687,act_98_84,empty_room,5.0,2,,,b,c,,,,,rotation,rotation,,
8090,act_82_71,empty_room,2.4,3,c,d,e,,,,sit_down,sit_down,sit_down,,,
10670,act_108_77,empty_room,5.0,5,d,,a,b,c,e,wave,,wave,lie_down,lie_down,wave
6599,act_67_65,meeting_room,5.0,4,c,d,e,a,,,walk,walk,walk,rotation,,
242,act_3_44,classroom,2.4,1,,,b,,,,,,nothing,,,
2069,act_21_89,classroom,5.0,1,,,b,,,,,,sit_down,,,
8984,act_91_74,empty_room,5.0,1,d,,,,,,walk,,,,,
8930,act_91_20,empty_room,5.0,1,c,,,,,,walk,,,,,
9878,act_100_77,empty_room,5.0,3,d,e,a,,,,wave,wave,wave,,,
645,act_7_51,classroom,2.4,2,a,b,,,,,lie_down,lie_down,,,,
10589,act_107_95,empty_room,5.0,5,,b,c,d,e,a,,wave,wave,wave,wave,wave
5104,act_52_55,meeting_room,2.4,5,b,c,d,e,a,,nothing,nothing,walk,walk,rotation,
5461,act_56_16,meeting_room,5.0,1,,c,,,,,,sit_down,,,,
1638,act_17_54,classroom,2.4,5,,b,c,d,e,a,,stand_up,nothing,nothing,walk,stand_up
121,act_2_22,classroom,2.4,1,,d,,,,,,wave,,,,
5874,act_60_33,meeting_room,5.0,1,,,,,,d,,,,,,lie_down
2982,act_31_12,classroom,5.0,4,b,c,d,e,,,rotation,jump,wave,lie_down,,
5070,act_52_21,meeting_room,2.4,5,c,d,e,a,b,,rotation,jump,wave,lie_down,pick_up,
3075,act_32_6,classroom,5.0,4,,b,,d,e,a,,pick_up,,stand_up,nothing,lie_down
10080,act_102_81,empty_room,5.0,3,d,,,,c,e,stand_up,,,,nothing,stand_up
3279,act_34_12,classroom,5.0,5,b,c,d,e,a,,rotation,jump,wave,lie_down,pick_up,
7132,act_73_4,empty_room,2.4,1,a,,,,,,jump,,,,,
2136,act_22_57,classroom,5.0,1,,,,e,,,,,,jump,,
8072,act_82_53,empty_room,2.4,3,a,b,c,,,,sit_down,sit_down,stand_up,,,
4971,act_51_21,meeting_room,2.4,4,c,,e,,b,d,rotation,,wave,,pick_up,jump
7885,act_80_64,empty_room,2.4,2,,,e,a,,,,,nothing,walk,,
135,act_2_36,classroom,2.4,1,,e,,,,,,nothing,,,,
4352,act_44_95,meeting_room,2.4,2,,,c,d,,,,,wave,wave,,
6916,act_70_85,meeting_room,5.0,5,e,a,b,c,d,,jump,jump,jump,jump,wave,
5325,act_54_78,meeting_room,2.4,5,d,,a,b,c,e,lie_down,,lie_down,pick_up,pick_up,lie_down
10886,act_202_95,classroom,5.0,0,,,,,,,,,,,,
7837,act_80_16,empty_room,2.4,2,,,d,e,,,,,stand_up,nothing,,
2560,act_26_85,classroom,5.0,2,,,b,c,,,,,jump,jump,,
63,act_1_63,classroom,2.4,1,b,,,,,,stand_up,,,,,
11230,act_206_43,empty_room,5.0,0,,,,,,,,,,,,
1359,act_14_72,classroom,2.4,4,,d,,a,b,c,,stand_up,,nothing,nothing,stand_up
8270,act_84_53,empty_room,2.4,3,a,,,,e,b,sit_down,,,,nothing,sit_down
8297,act_84_80,empty_room,2.4,3,d,,,,c,e,sit_down,,,,stand_up,sit_down
8201,act_83_83,empty_room,2.4,3,,a,,c,,e,,walk,,walk,,walk
2468,act_25_92,classroom,5.0,2,a,b,,,,,walk,walk,,,,
680,act_7_86,classroom,2.4,2,e,a,,,,,wave,wave,,,,
2042,act_21_62,classroom,5.0,1,,,d,,,,,,stand_up,,,
742,act_8_49,classroom,2.4,2,,,c,d,,,,,wave,wave,,
5308,act_54_61,meeting_room,2.4,5,b,,d,e,a,c,pick_up,,sit_down,sit_down,stand_up,pick_up
6267,act_64_30,meeting_room,5.0,3,d,e,a,,,,rotation,jump,wave,,,
8401,act_85_85,empty_room,2.4,4,e,a,b,c,,,jump,jump,jump,jump,,
3642,act_37_78,meeting_room,2.4,1,d,,,,,,lie_down,,,,,
445,act_5_49,classroom,2.4,1,,,,,e,,,,,,lie_down,
9215,act_94_8,empty_room,5.0,1,,,,d,,,,,,walk,,
10514,act_107_20,empty_room,5.0,5,,d,e,a,b,c,,rotation,jump,wave,lie_down,walk
3259,act_33_91,classroom,5.0,4,a,,c,,e,b,nothing,,nothing,,nothing,nothing
4664,act_48_11,meeting_room,2.4,3,b,,,,a,c,walk,,,,lie_down,rotation
1874,act_19_92,classroom,5.0,1,a,,,,,,walk,,,,,
8099,act_82_80,empty_room,2.4,3,d,e,a,,,,sit_down,sit_down,sit_down,,,
2597,act_27_23,classroom,5.0,2,,,,,b,c,,,,,stand_up,wave
1718,act_18_35,classroom,2.4,5,d,,a,b,c,e,sit_down,,nothing,walk,rotation,stand_up
2913,act_30_42,classroom,5.0,3,e,,,,d,a,lie_down,,,,nothing,pick_up
2844,act_29_72,classroom,5.0,3,,d,,a,,c,,stand_up,,nothing,,stand_up
4028,act_41_68,meeting_room,2.4,1,,,,,b,,,,,,lie_down,
5489,act_56_44,meeting_room,5.0,1,,a,,,,,,stand_up,,,,
9748,act_99_46,empty_room,5.0,2,,,,,e,a,,,,,rotation,nothing
4486,act_46_31,meeting_room,2.4,3,d,e,a,,,,jump,wave,lie_down,,,
2557,act_26_82,classroom,5.0,2,,,b,c,,,,,nothing,nothing,,
6865,act_70_34,meeting_room,5.0,5,d,e,a,b,c,,pick_up,sit_down,stand_up,nothing,walk,
490,act_5_94,classroom,2.4,1,,,,,e,,,,,,jump,
494,act_5_98,classroom,2.4,1,,,,,e,,,,,,sit_down,
691,act_7_97,classroom,2.4,2,a,b,,,,,pick_up,pick_up,,,,
9492,act_96_87,empty_room,5.0,1,,,,,,e,,,,,,lie_down
3822,act_39_60,meeting_room,2.4,1,,,d,,,,,,pick_up,,,
603,act_7_9,classroom,2.4,2,a,b,,,,,stand_up,nothing,,,,
1912,act_20_31,classroom,5.0,1,,e,,,,,,wave,,,,
1015,act_11_25,classroom,2.4,3,,d,,a,,c,,sit_down,,nothing,,pick_up
7801,act_79_79,empty_room,2.4,2,d,e,,,,,pick_up,pick_up,,,,
7830,act_80_9,empty_room,2.4,2,,,c,d,,,,,walk,rotation,,
1994,act_21_14,classroom,5.0,1,,,d,,,,,,pick_up,,,
7587,act_77_63,empty_room,2.4,1,,,,,a,,,,,,walk,
3758,act_38_95,meeting_room,2.4,1,,b,,,,,,wave,,,,
6648,act_68_15,meeting_room,5.0,4,,c,,e,a,b,,pick_up,,stand_up,nothing,lie_down
9612,act_98_9,empty_room,5.0,2,,,c,d,,,,,walk,rotation,,
2367,act_24_90,classroom,5.0,1,,,,,,e,,,,,,stand_up
5284,act_54_37,meeting_room,2.4,5,e,,b,c,d,a,nothing,,rotation,jump,wave,walk
4371,act_45_15,meeting_room,2.4,2,,,,,a,b,,,,,nothing,lie_down
2687,act_28_14,classroom,5.0,3,b,c,d,,,,wave,lie_down,pick_up,,,
1574,act_16_89,classroom,2.4,5,e,a,b,c,d,,sit_down,sit_down,sit_down,sit_down,stand_up,
1362,act_14_75,classroom,2.4,4,,e,,b,c,d,,rotation,,jump,jump,rotation
7621,act_77_97,empty_room,2.4,1,,,,,e,,,,,,pick_up,
1527,act_16_42,classroom,2.4,5,e,a,b,c,d,,lie_down,pick_up,sit_down,stand_up,nothing,
1328,act_14_41,classroom,2.4,4,,a,,c,d,e,,lie_down,,sit_down,stand_up,wave
8303,act_84_86,empty_room,2.4,3,e,,,,d,a,wave,,,,lie_down,wave
10998,act_204_9,meeting_room,5.0,0,,,,,,,,,,,,
1552,act_16_67,classroom,2.4,5,c,d,e,a,b,,jump,jump,jump,wave,wave,
7978,act_81_58,empty_room,2.4,2,,,,,a,b,,,,,lie_down,jump
10938,act_203_48,meeting_room,2.4,0,,,,,,,,,,,,
1338,act_14_51,classroom,2.4,4,,b,,d,e,a,,lie_down,,pick_up,sit_down,lie_down
3902,act_40_41,meeting_room,2.4,1,,,,c,,,,,,sit_down,,
3011,act_31_41,classroom,5.0,4,e,a,b,c,,,wave,lie_down,pick_up,sit_down,,
5042,act_51_92,meeting_room,2.4,4,a,,c,,e,b,walk,,walk,,walk,walk
9970,act_101_70,empty_room,5.0,3,,d,,a,,c,,pick_up,,sit_down,,pick_up
2251,act_23_73,classroom,5.0,1,,,,,c,,,,,,walk,
9459,act_96_54,empty_room,5.0,1,,,,,,a,,,,,,stand_up
8263,act_84_46,empty_room,2.4,3,a,,,,e,b,nothing,,,,rotation,nothing
5040,act_51_90,meeting_room,2.4,4,e,,b,,d,a,stand_up,,stand_up,,nothing,stand_up
2347,act_24_70,classroom,5.0,1,,,,,,c,,,,,,pick_up
10480,act_106_85,empty_room,5.0,5,e,a,b,c,d,,jump,jump,jump,jump,wave,
5486,act_56_41,meeting_room,5.0,1,,a,,,,,,lie_down,,,,
10018,act_102_19,empty_room,5.0,3,c,,,,b,d,nothing,,,,wave,walk
2785,act_29_13,classroom,5.0,3,,c,,e,,b,,wave,,pick_up,,jump
5695,act_58_52,meeting_room,5.0,1,,,,d,,,,,,sit_down,,
5120,act_52_71,meeting_room,2.4,5,c,d,e,a,b,,sit_down,sit_down,sit_down,stand_up,stand_up,
5167,act_53_19,meeting_room,2.4,5,,d,e,a,b,c,,walk,rotation,jump,wave,nothing
5556,act_57_12,meeting_room,5.0,1,,,d,,,,,,wave,,,
5600,act_57_56,meeting_room,5.0,1,,,d,,,,,,rotation,,,
1135,act_12_46,classroom,2.4,3,a,,,,e,b,nothing,,,,rotation,nothing
151,act_2_52,classroom,2.4,1,,b,,,,,,pick_up,,,,
2805,act_29_33,classroom,5.0,3,,e,,b,,d,,pick_up,,stand_up,,lie_down
9844,act_100_43,empty_room,5.0,3,e,a,b,,,,pick_up,sit_down,stand_up,,,
2087,act_22_8,classroom,5.0,1,,,,d,,,,,,walk,,
3752,act_38_89,meeting_room,2.4,1,,a,,,,,,sit_down,,,,
5613,act_57_69,meeting_room,5.0,1,,,e,,,,,,lie_down,,,
2260,act_23_82,classroom,5.0,1,,,,,d,,,,,,walk,
4018,act_41_58,meeting_room,2.4,1,,,,,a,,,,,,lie_down,
11061,act_204_72,meeting_room,5.0,0,,,,,,,,,,,,
10136,act_103_38,empty_room,5.0,4,e,a,b,c,,,walk,rotation,jump,wave,,
2425,act_25_49,classroom,5.0,2,a,b,,,,,jump,jump,,,,
4139,act_42_80,meeting_room,2.4,1,,,,,,d,,,,,,sit_down
3857,act_39_95,meeting_room,2.4,1,,,c,,,,,,wave,,,
860,act_9_68,classroom,2.4,2,,,,,b,c,,,,,lie_down,wave
5368,act_55_22,meeting_room,5.0,1,c,,,,,,jump,,,,,
2963,act_30_92,classroom,5.0,3,a,,,,e,b,walk,,,,walk,walk
9273,act_94_66,empty_room,5.0,1,,,,a,,,,,,jump,,
8751,act_89_39,empty_room,2.4,5,,a,b,c,d,e,,jump,wave,lie_down,pick_up,rotation
9667,act_98_64,empty_room,5.0,2,,,e,a,,,,,nothing,walk,,
4740,act_48_87,meeting_room,2.4,3,e,,,,d,a,lie_down,,,,pick_up,lie_down
9700,act_98_97,empty_room,5.0,2,,,c,d,,,,,pick_up,pick_up,,
4463,act_46_8,meeting_room,2.4,3,a,b,c,,,,sit_down,stand_up,nothing,,,
5529,act_56_84,meeting_room,5.0,1,,a,,,,,,rotation,,,,
1365,act_14_78,classroom,2.4,4,,e,,b,c,d,,lie_down,,pick_up,pick_up,lie_down
1780,act_18_97,classroom,2.4,5,a,,c,d,e,b,pick_up,,pick_up,pick_up,pick_up,pick_up
7483,act_76_58,empty_room,2.4,1,,,,e,,,,,,wave,,
4786,act_49_34,meeting_room,2.4,4,d,e,a,b,,,pick_up,sit_down,stand_up,nothing,,
8060,act_82_41,empty_room,2.4,3,e,a,b,,,,wave,lie_down,pick_up,,,
1819,act_19_37,classroom,5.0,1,e,,,,,,nothing,,,,,
370,act_4_73,classroom,2.4,1,,,,b,,,,,,walk,,
4938,act_50_87,meeting_room,2.4,4,,a,,c,d,e,,lie_down,,lie_down,pick_up,lie_down
2705,act_28_32,classroom,5.0,3,d,e,a,,,,wave,lie_down,pick_up,,,
5286,act_54_39,meeting_room,2.4,5,e,,b,c,d,a,rotation,,wave,lie_down,pick_up,jump
176,act_2_77,classroom,2.4,1,,e,,,,,,wave,,,,
6406,act_65_70,meeting_room,5.0,3,,d,,a,,c,,pick_up,,sit_down,,pick_up
7072,act_72_43,meeting_room,5.0,5,e,,b,c,d,a,pick_up,,stand_up,nothing,walk,sit_down
8843,act_90_32,empty_room,2.4,5,d,,a,b,c,e,wave,,pick_up,sit_down,stand_up,lie_down
2094,act_22_15,classroom,5.0,1,,,,e,,,,,,stand_up,,
9593,act_97_89,empty_room,5.0,2,e,a,,,,,sit_down,sit_down,,,,
3492,act_36_27,classroom,5.0,5,c,,e,a,b,d,stand_up,,walk,rotation,jump,nothing
1921,act_20_40,classroom,5.0,1,,a,,,,,,wave,,,,
83,act_1_83,classroom,2.4,1,e,,,,,,walk,,,,,
817,act_9_25,classroom,2.4,2,,,,,b,c,,,,,walk,pick_up
9710,act_99_8,empty_room,5.0,2,,,,,e,a,,,,,rotation,sit_down
1092,act_12_3,classroom,2.4,3,a,,,,e,b,rotation,,,,pick_up,jump
4397,act_45_41,meeting_room,2.4,2,,,,,d,e,,,,,stand_up,wave
2929,act_30_58,classroom,5.0,3,b,,,,a,c,jump,,,,lie_down,jump
5569,act_57_25,meeting_room,5.0,1,,,e,,,,,,stand_up,,,
284,act_3_86,classroom,2.4,1,,,b,,,,,,wave,,,
6125,act_62_86,meeting_room,5.0,2,,,b,c,,,,,wave,wave,,
4121,act_42_62,meeting_room,2.4,1,,,,,,b,,,,,,sit_down
9002,act_91_92,empty_room,5.0,1,a,,,,,,walk,,,,,
610,act_7_16,classroom,2.4,2,b,c,,,,,pick_up,sit_down,,,,
2916,act_30_45,classroom,5.0,3,e,,,,d,a,stand_up,,,,jump,nothing
1814,act_19_32,classroom,5.0,1,d,,,,,,wave,,,,,
1272,act_13_84,classroom,2.4,4,e,a,b,c,,,rotation,rotation,rotation,rotation,,
7035,act_72_6,meeting_room,5.0,5,a,,c,d,e,b,lie_down,,sit_down,stand_up,nothing,pick_up
7546,act_77_22,empty_room,2.4,1,,,,,b,,,,,,sit_down,
10838,act_202_47,classroom,5.0,0,,,,,,,,,,,,
2995,act_31_25,classroom,5.0,4,c,d,e,a,,,pick_up,sit_down,stand_up,nothing,,
8623,act_88_10,empty_room,2.4,5,b,c,d,e,a,,nothing,walk,rotation,jump,wave,
7247,act_74_20,empty_room,2.4,1,,d,,,,,,rotation,,,,
8374,act_85_58,empty_room,2.4,4,b,c,d,e,,,jump,jump,wave,wave,,
6410,act_65_74,meeting_room,5.0,3,,e,,b,,d,,walk,,rotation,,walk
6105,act_62_66,meeting_room,5.0,2,,,e,a,,,,,rotation,jump,,
9372,act_95_66,empty_room,5.0,1,,,,,b,,,,,,jump,
2643,act_27_69,classroom,5.0,2,,,,,b,c,,,,,pick_up,lie_down
8274,act_84_57,empty_room,2.4,3,b,,,,a,c,rotation,,,,wave,rotation
4509,act_46_54,meeting_room,2.4,3,a,b,c,,,,stand_up,stand_up,nothing,,,
2306,act_24_29,classroom,5.0,1,,,,,,d,,,,,,walk
8240,act_84_23,empty_room,2.4,3,c,,,,b,d,wave,,,,stand_up,lie_down
7969,act_81_49,empty_room,2.4,2,,,,,e,a,,,,,lie_down,jump
4196,act_43_38,meeting_room,2.4,2,e,a,,,,,walk,rotation,,,,
5563,act_57_19,meeting_room,5.0,1,,,e,,,,,,rotation,,,
4841,act_49_89,meeting_room,2.4,4,e,a,b,c,,,sit_down,sit_down,sit_down,sit_down,,
4656,act_48_3,meeting_room,2.4,3,a,,,,e,b,rotation,,,,pick_up,jump
9220,act_94_13,empty_room,5.0,1,,,,e,,,,,,pick_up,,
4169,act_43_11,meeting_room,2.4,2,b,c,,,,,walk,rotation,,,,
3850,act_39_88,meeting_room,2.4,1,,,b,,,,,,pick_up,,,
11111,act_205_23,empty_room,2.4,0,,,,,,,,,,,,
9775,act_99_73,empty_room,5.0,2,,,,,c,d,,,,,walk,nothing
5254,act_54_7,meeting_room,2.4,5,a,,c,d,e,b,pick_up,,stand_up,nothing,walk,sit_down
7062,act_72_33,meeting_room,5.0,5,d,,a,b,c,e,lie_down,,sit_down,stand_up,nothing,pick_up
10808,act_202_17,classroom,5.0,0,,,,,,,,,,,,
5534,act_56_89,meeting_room,5.0,1,,a,,,,,,sit_down,,,,
2415,act_25_39,classroom,5.0,2,e,a,,,,,rotation,jump,,,,
3555,act_36_90,classroom,5.0,5,e,,b,c,d,a,stand_up,,stand_up,stand_up,nothing,stand_up
4692,act_48_39,meeting_room,2.4,3,e,,,,d,a,rotation,,,,pick_up,jump
4499,act_46_44,meeting_room,2.4,3,e,a,b,,,,sit_down,stand_up,nothing,,,
7276,act_74_49,empty_room,2.4,1,,b,,,,,,jump,,,,
2196,act_23_18,classroom,5.0,1,,,,,a,,,,,,jump,
5046,act_51_96,meeting_room,2.4,4,a,,c,,e,b,lie_down,,lie_down,,lie_down,lie_down
2601,act_27_27,classroom,5.0,2,,,,,b,c,,,,,jump,stand_up
6164,act_63_26,meeting_room,5.0,2,,,,,b,c,,,,,rotation,sit_down
6374,act_65_38,meeting_room,5.0,3,,a,,c,,e,,rotation,,wave,,walk
1519,act_16_34,classroom,2.4,5,d,e,a,b,c,,pick_up,sit_down,stand_up,nothing,walk,
4765,act_49_13,meeting_room,2.4,4,b,c,d,e,,,jump,wave,lie_down,pick_up,,
4315,act_44_58,meeting_room,2.4,2,,,d,e,,,,,wave,wave,,
3367,act_35_1,classroom,5.0,5,,b,c,d,e,a,,walk,rotation,jump,wave,nothing
6059,act_62_20,meeting_room,5.0,2,,,e,a,,,,,jump,wave,,
7723,act_79_1,empty_room,2.4,2,a,b,,,,,nothing,walk,,,,
8294,act_84_77,empty_room,2.4,3,d,,,,c,e,wave,,,,lie_down,wave
6310,act_64_73,meeting_room,5.0,3,d,e,a,,,,nothing,nothing,nothing,,,
2634,act_27_60,classroom,5.0,2,,,,,a,b,,,,,sit_down,lie_down
5756,act_59_14,meeting_room,5.0,1,,,,,a,,,,,,stand_up,
5634,act_57_90,meeting_room,5.0,1,,,b,,,,,,stand_up,,,
9246,act_94_39,empty_room,5.0,1,,,,c,,,,,,lie_down,,
5923,act_60_82,meeting_room,5.0,1,,,,,,e,,,,,,nothing
10506,act_107_12,empty_room,5.0,5,,c,d,e,a,b,,jump,wave,lie_down,pick_up,rotation
9930,act_101_30,empty_room,5.0,3,,e,,b,,d,,jump,,lie_down,,rotation
2435,act_25_59,classroom,5.0,2,b,c,,,,,wave,wave,,,,
7163,act_73_35,empty_room,2.4,1,d,,,,,,sit_down,,,,,
9336,act_95_30,empty_room,5.0,1,,,,,c,,,,,,pick_up,
3276,act_34_9,classroom,5.0,5,a,b,c,d,e,,stand_up,nothing,walk,rotation,jump,
8544,act_87_30,empty_room,2.4,4,d,,a,,c,e,rotation,,wave,,pick_up,jump
8318,act_85_2,empty_room,2.4,4,a,b,c,d,,,walk,rotation,jump,wave,,
6065,act_62_26,meeting_room,5.0,2,,,e,a,,,,,nothing,walk,,
4521,act_46_66,meeting_room,2.4,3,c,d,e,,,,rotation,rotation,rotation,,,
5588,act_57_44,meeting_room,5.0,1,,,b,,,,,,nothing,,,
3546,act_36_81,classroom,5.0,5,d,,a,b,c,e,stand_up,,stand_up,nothing,nothing,stand_up
7250,act_74_23,empty_room,2.4,1,,d,,,,,,lie_down,,,,
7599,act_77_75,empty_room,2.4,1,,,,,c,,,,,,jump,
7629,act_78_6,empty_room,2.4,1,,,,,,a,,,,,,lie_down
9947,act_101_47,empty_room,5.0,3,,b,,d,,a,,walk,,rotation,,walk
5532,act_56_87,meeting_room,5.0,1,,a,,,,,,lie_down,,,,
5445,act_55_99,meeting_room,5.0,1,a,,,,,,stand_up,,,,,
518,act_6_23,classroom,2.4,1,,,,,,c,,,,,,wave
7775,act_79_53,empty_room,2.4,2,a,b,,,,,sit_down,sit_down,,,,
6161,act_63_23,meeting_room,5.0,2,,,,,b,c,,,,,stand_up,wave
8479,act_86_64,empty_room,2.4,4,,d,,a,b,c,,nothing,,walk,walk,nothing
10252,act_104_55,empty_room,5.0,4,,c,,e,a,b,,nothing,,walk,rotation,nothing
9122,act_93_14,empty_room,5.0,1,,,d,,,,,,pick_up,,,
8160,act_83_42,empty_room,2.4,3,,a,,c,,e,,pick_up,,stand_up,,lie_down
1416,act_15_30,classroom,2.4,4,d,,a,,c,e,rotation,,wave,,pick_up,jump
4665,act_48_12,meeting_room,2.4,3,b,,,,a,c,rotation,,,,pick_up,jump
4457,act_46_2,meeting_room,2.4,3,a,b,c,,,,walk,rotation,jump,,,
2762,act_28_89,classroom,5.0,3,e,a,b,,,,sit_down,sit_down,sit_down,,,
6975,act_71_45,meeting_room,5.0,5,,a,b,c,d,e,,nothing,walk,rotation,jump,stand_up
6482,act_66_47,meeting_room,5.0,3,a,,,,e,b,walk,,,,jump,walk
5912,act_60_71,meeting_room,5.0,1,,,,,,c,,,,,,sit_down
10195,act_103_97,empty_room,5.0,4,a,b,c,d,,,pick_up,pick_up,pick_up,pick_up,,
6548,act_67_14,meeting_room,5.0,4,b,c,d,e,,,wave,lie_down,pick_up,sit_down,,
4856,act_50_5,meeting_room,2.4,4,,b,,d,e,a,,lie_down,,sit_down,stand_up,wave
10008,act_102_9,empty_room,5.0,3,a,,,,e,b,stand_up,,,,jump,nothing
128,act_2_29,classroom,2.4,1,,e,,,,,,rotation,,,,
3475,act_36_10,classroom,5.0,5,b,,d,e,a,c,nothing,,rotation,jump,wave,walk
6359,act_65_23,meeting_room,5.0,3,,d,,a,,c,,lie_down,,sit_down,,wave
9119,act_93_11,empty_room,5.0,1,,,d,,,,,,jump,,,
4311,act_44_54,meeting_room,2.4,2,,,c,d,,,,,nothing,nothing,,
2439,act_25_63,classroom,5.0,2,b,c,,,,,stand_up,stand_up,,,,
3766,act_39_4,meeting_room,2.4,1,,,c,,,,,,lie_down,,,
9328,act_95_22,empty_room,5.0,1,,,,,b,,,,,,sit_down,
9851,act_100_50,empty_room,5.0,3,a,b,c,,,,wave,wave,lie_down,,,
6433,act_65_97,meeting_room,5.0,3,,b,,d,,a,,pick_up,,pick_up,,pick_up
7710,act_78_87,empty_room,2.4,1,,,,,,e,,,,,,lie_down
7906,act_80_85,empty_room,2.4,2,,,b,c,,,,,jump,jump,,
11029,act_204_40,meeting_room,5.0,0,,,,,,,,,,,,
1474,act_15_88,classroom,2.4,4,e,,b,,d,a,pick_up,,pick_up,,sit_down,pick_up
6341,act_65_5,meeting_room,5.0,3,,b,,d,,a,,lie_down,,sit_down,,wave
4822,act_49_70,meeting_room,2.4,4,c,d,e,a,,,pick_up,pick_up,pick_up,sit_down,,
19,act_1_19,classroom,2.4,1,c,,,,,,nothing,,,,,
3561,act_36_96,classroom,5.0,5,a,,c,d,e,b,lie_down,,lie_down,lie_down,lie_down,lie_down
3952,act_40_91,meeting_room,2.4,1,,,,d,,,,,,nothing,,
50,act_1_50,classroom,2.4,1,a,,,,,,wave,,,,,
5438,act_55_92,meeting_room,5.0,1,a,,,,,,walk,,,,,
11169,act_205_81,empty_room,2.4,0,,,,,,,,,,,,
10960,act_203_70,meeting_room,2.4,0,,,,,,,,,,,,
888,act_9_96,classroom,2.4,2,,,,,e,a,,,,,lie_down,lie_down
6262,act_64_25,meeting_room,5.0,3,c,d,e,,,,pick_up,sit_down,stand_up,,,
7237,act_74_10,empty_room,2.4,1,,c,,,,,,walk,,,,
6990,act_71_60,meeting_room,5.0,5,,c,d,e,a,b,,lie_down,pick_up,pick_up,sit_down,lie_down
6044,act_62_5,meeting_room,5.0,2,,,c,d,,,,,pick_up,sit_down,,
2617,act_27_43,classroom,5.0,2,,,,,d,e,,,,,walk,pick_up
517,act_6_22,classroom,2.4,1,,,,,,c,,,,,,jump
3169,act_33_1,classroom,5.0,4,a,,c,,e,b,nothing,,rotation,,wave,walk
2950,act_30_79,classroom,5.0,3,d,,,,c,e,pick_up,,,,sit_down,pick_up
1425,act_15_39,classroom,2.4,4,e,,b,,d,a,rotation,,wave,,pick_up,jump
140,act_2_41,classroom,2.4,1,,a,,,,,,lie_down,,,,
1925,act_20_44,classroom,5.0,1,,a,,,,,,stand_up,,,,
2379,act_25_3,classroom,5.0,2,a,b,,,,,rotation,jump,,,,
3198,act_33_30,classroom,5.0,4,d,,a,,c,e,rotation,,wave,,pick_up,jump
5132,act_52_83,meeting_room,2.4,5,e,a,b,c,d,,walk,walk,walk,walk,rotation,
113,act_2_14,classroom,2.4,1,,c,,,,,,lie_down,,,,
9797,act_99_95,empty_room,5.0,2,,,,,e,a,,,,,wave,wave
4560,act_47_6,meeting_room,2.4,3,,b,,d,,a,,pick_up,,stand_up,,lie_down
4596,act_47_42,meeting_room,2.4,3,,a,,c,,e,,pick_up,,stand_up,,lie_down
5330,act_54_83,meeting_room,2.4,5,e,,b,c,d,a,walk,,walk,walk,rotation,walk
3251,act_33_83,classroom,5.0,4,e,,b,,d,a,walk,,walk,,rotation,walk
4691,act_48_38,meeting_room,2.4,3,e,,,,d,a,walk,,,,lie_down,rotation
10199,act_104_2,empty_room,5.0,4,,b,,d,e,a,,rotation,,wave,lie_down,walk
3698,act_38_35,meeting_room,2.4,1,,e,,,,,,stand_up,,,,
4547,act_46_92,meeting_room,2.4,3,a,b,c,,,,walk,walk,walk,,,
10507,act_107_13,empty_room,5.0,5,,c,d,e,a,b,,wave,lie_down,pick_up,sit_down,jump
3278,act_34_11,classroom,5.0,5,b,c,d,e,a,,walk,rotation,jump,wave,lie_down,
11098,act_205_10,empty_room,2.4,0,,,,,,,,,,,,
4936,act_50_85,meeting_room,2.4,4,,a,,c,d,e,,jump,,jump,wave,jump
4069,act_42_10,meeting_room,2.4,1,,,,,,b,,,,,,nothing
4409,act_45_53,meeting_room,2.4,2,,,,,e,a,,,,,nothing,sit_down
7823,act_80_2,empty_room,2.4,2,,,c,d,,,,,jump,wave,,
10126,act_103_28,empty_room,5.0,4,d,e,a,b,,,nothing,walk,rotation,jump,,
9621,act_98_18,empty_room,5.0,2,,,d,e,,,,,walk,rotation,,
3223,act_33_55,classroom,5.0,4,b,,d,,a,c,nothing,,walk,,rotation,nothing
9264,act_94_57,empty_room,5.0,1,,,,e,,,,,,jump,,
452,act_5_56,classroom,2.4,1,,,,,a,,,,,,jump,
7263,act_74_36,empty_room,2.4,1,,e,,,,,,nothing,,,,
3732,act_38_69,meeting_room,2.4,1,,d,,,,,,lie_down,,,,
7257,act_74_30,empty_room,2.4,1,,e,,,,,,jump,,,,
10109,act_103_11,empty_room,5.0,4,b,c,d,e,,,walk,rotation,jump,wave,,
4987,act_51_37,meeting_room,2.4,4,e,,b,,d,a,nothing,,rotation,,wave,walk
3664,act_38_1,meeting_room,2.4,1,,b,,,,,,walk,,,,
2764,act_28_91,classroom,5.0,3,a,b,c,,,,nothing,nothing,nothing,,,
659,act_7_65,classroom,2.4,2,c,d,,,,,walk,walk,,,,
5603,act_57_59,meeting_room,5.0,1,,,d,,,,,,lie_down,,,
1856,act_19_74,classroom,5.0,1,d,,,,,,walk,,,,,
7408,act_75_82,empty_room,2.4,1,,,b,,,,,,nothing,,,
4621,act_47_67,meeting_room,2.4,3,,d,,a,,c,,jump,,wave,,jump
1000,act_11_10,classroom,2.4,3,,c,,e,,b,,walk,,jump,,nothing
390,act_4_93,classroom,2.4,1,,,,d,,,,,,rotation,,
3408,act_35_42,classroom,5.0,5,,a,b,c,d,e,,pick_up,sit_down,stand_up,nothing,lie_down
6427,act_65_91,meeting_room,5.0,3,,b,,d,,a,,nothing,,nothing,,nothing
1477,act_15_91,classroom,2.4,4,a,,c,,e,b,nothing,,nothing,,nothing,nothing
2241,act_23_63,classroom,5.0,1,,,,,a,,,,,,walk,
2387,act_25_11,classroom,5.0,2,b,c,,,,,walk,rotation,,,,
10318,act_105_22,empty_room,5.0,4,c,,e,,b,d,jump,,lie_down,,sit_down,wave
993,act_11_3,classroom,2.4,3,,b,,d,,a,,jump,,lie_down,,rotation
7033,act_72_4,meeting_room,5.0,5,a,,c,d,e,b,jump,,lie_down,pick_up,sit_down,wave
4998,act_51_48,meeting_room,2.4,4,a,,c,,e,b,rotation,,jump,,wave,rotation
3923,act_40_62,meeting_room,2.4,1,,,,e,,,,,,stand_up,,
2973,act_31_3,classroom,5.0,4,a,b,c,d,,,rotation,jump,wave,lie_down,,
3387,act_35_21,classroom,5.0,5,,d,e,a,b,c,,jump,wave,lie_down,pick_up,rotation
6872,act_70_41,meeting_room,5.0,5,e,a,b,c,d,,wave,lie_down,pick_up,sit_down,stand_up,
9714,act_99_12,empty_room,5.0,2,,,,,a,b,,,,,pick_up,rotation
10494,act_106_99,empty_room,5.0,5,a,b,c,d,e,,stand_up,stand_up,stand_up,stand_up,stand_up,
8542,act_87_28,empty_room,2.4,4,d,,a,,c,e,nothing,,rotation,,wave,walk
4770,act_49_18,meeting_room,2.4,4,b,c,d,e,,,stand_up,nothing,walk,rotation,,
1294,act_14_7,classroom,2.4,4,,b,,d,e,a,,sit_down,,nothing,walk,pick_up
1825,act_19_43,classroom,5.0,1,e,,,,,,pick_up,,,,,
2874,act_30_3,classroom,5.0,3,a,,,,e,b,rotation,,,,pick_up,jump
4174,act_43_16,meeting_room,2.4,2,b,c,,,,,pick_up,sit_down,,,,
2536,act_26_61,classroom,5.0,2,,,d,e,,,,,sit_down,sit_down,,
10310,act_105_14,empty_room,5.0,4,b,,d,,a,c,wave,,pick_up,,stand_up,lie_down
1908,act_20_27,classroom,5.0,1,,d,,,,,,nothing,,,,
43,act_1_43,classroom,2.4,1,e,,,,,,pick_up,,,,,
10718,act_201_26,classroom,2.4,0,,,,,,,,,,,,
369,act_4_72,classroom,2.4,1,,,,a,,,,,,nothing,,
6034,act_61_94,meeting_room,5.0,2,a,b,,,,,jump,jump,,,,
1152,act_12_63,classroom,2.4,3,b,,,,a,c,stand_up,,,,walk,stand_up
7008,act_71_78,meeting_room,5.0,5,,e,a,b,c,d,,lie_down,lie_down,pick_up,pick_up,lie_down
1568,act_16_83,classroom,2.4,5,e,a,b,c,d,,walk,walk,walk,walk,rotation,
8091,act_82_72,empty_room,2.4,3,c,d,e,,,,stand_up,stand_up,stand_up,,,
7531,act_77_7,empty_room,2.4,1,,,,,e,,,,,,walk,
8241,act_84_24,empty_room,2.4,3,c,,,,b,d,lie_down,,,,nothing,pick_up
7107,act_72_78,meeting_room,5.0,5,d,,a,b,c,e,lie_down,,lie_down,pick_up,pick_up,lie_down
8869,act_90_58,empty_room,2.4,5,b,,d,e,a,c,jump,,wave,wave,lie_down,jump
4161,act_43_3,meeting_room,2.4,2,a,b,,,,,rotation,jump,,,,
4288,act_44_31,meeting_room,2.4,2,,,a,b,,,,,lie_down,pick_up,,
2231,act_23_53,classroom,5.0,1,,,,,e,,,,,,nothing,
10706,act_201_14,classroom,2.4,0,,,,,,,,,,,,
175,act_2_76,classroom,2.4,1,,e,,,,,,jump,,,,
1904,act_20_23,classroom,5.0,1,,d,,,,,,lie_down,,,,
1100,act_12_11,classroom,2.4,3,b,,,,a,c,walk,,,,lie_down,rotation
9200,act_93_92,empty_room,5.0,1,,,c,,,,,,walk,,,
3409,act_35_43,classroom,5.0,5,,a,b,c,d,e,,sit_down,stand_up,nothing,walk,pick_up
1539,act_16_54,classroom,2.4,5,a,b,c,d,e,,stand_up,stand_up,nothing,nothing,walk,
2293,act_24_16,classroom,5.0,1,,,,,,b,,,,,,pick_up
10500,act_107_6,empty_room,5.0,5,,b,c,d,e,a,,pick_up,sit_down,stand_up,nothing,lie_down
1364,act_14_77,classroom,2.4,4,,e,,b,c,d,,wave,,lie_down,lie_down,wave
4358,act_45_2,meeting_room,2.4,2,,,,,e,a,,,,,lie_down,walk
4678,act_48_25,meeting_room,2.4,3,c,,,,b,d,pick_up,,,,walk,sit_down
5261,act_54_14,meeting_room,2.4,5,b,,d,e,a,c,wave,,pick_up,sit_down,stand_up,lie_down
8447,act_86_32,empty_room,2.4,4,,e,,b,c,d,,lie_down,,sit_down,stand_up,wave
8882,act_90_71,empty_room,2.4,5,c,,e,a,b,d,sit_down,,sit_down,stand_up,stand_up,sit_down
681,act_7_87,classroom,2.4,2,e,a,,,,,lie_down,lie_down,,,,
10521,act_107_27,empty_room,5.0,5,,d,e,a,b,c,,nothing,walk,rotation,jump,stand_up
8939,act_91_29,empty_room,5.0,1,d,,,,,,walk,,,,,
3665,act_38_2,meeting_room,2.4,1,,b,,,,,,rotation,,,,
10173,act_103_75,empty_room,5.0,4,d,e,a,b,,,rotation,rotation,rotation,jump,,
1662,act_17_78,classroom,2.4,5,,e,a,b,c,d,,lie_down,lie_down,pick_up,pick_up,lie_down
509,act_6_14,classroom,2.4,1,,,,,,b,,,,,,wave
167,act_2_68,classroom,2.4,1,,d,,,,,,wave,,,,
5498,act_56_53,meeting_room,5.0,1,,b,,,,,,sit_down,,,,
9361,act_95_55,empty_room,5.0,1,,,,,a,,,,,,rotation,
1007,act_11_17,classroom,2.4,3,,c,,e,,b,,stand_up,,walk,,sit_down
9422,act_96_17,empty_room,5.0,1,,,,,,b,,,,,,sit_down
7366,act_75_40,empty_room,2.4,1,,,b,,,,,,lie_down,,,
1915,act_20_34,classroom,5.0,1,,e,,,,,,sit_down,,,,
3495,act_36_30,classroom,5.0,5,d,,a,b,c,e,rotation,,wave,lie_down,pick_up,jump
7264,act_74_37,empty_room,2.4,1,,a,,,,,,walk,,,,
10878,act_202_87,classroom,5.0,0,,,,,,,,,,,,
11006,act_204_17,meeting_room,5.0,0,,,,,,,,,,,,
7362,act_75_36,empty_room,2.4,1,,,a,,,,,,walk,,,
10088,act_102_89,empty_room,5.0,3,e,,,,d,a,sit_down,,,,stand_up,sit_down
4991,act_51_41,meeting_room,2.4,4,e,,b,,d,a,wave,,pick_up,,stand_up,lie_down
2537,act_26_62,classroom,5.0,2,,,d,e,,,,,stand_up,stand_up,,
1105,act_12_16,classroom,2.4,3,b,,,,a,c,pick_up,,,,walk,sit_down
3876,act_40_15,meeting_room,2.4,1,,,,e,,,,,,stand_up,,
10530,act_107_36,empty_room,5.0,5,,e,a,b,c,d,,nothing,walk,rotation,jump,stand_up
1753,act_18_70,classroom,2.4,5,c,,e,a,b,d,pick_up,,pick_up,sit_down,sit_down,pick_up
5311,act_54_64,meeting_room,2.4,5,c,,e,a,b,d,nothing,,nothing,walk,walk,nothing
5953,act_61_13,meeting_room,5.0,2,b,c,,,,,jump,wave,,,,
8549,act_87_35,empty_room,2.4,4,d,,a,,c,e,sit_down,,nothing,,rotation,stand_up
8328,act_85_12,empty_room,2.4,4,b,c,d,e,,,rotation,jump,wave,lie_down,,
2917,act_30_46,classroom,5.0,3,a,,,,e,b,nothing,,,,rotation,nothing
9170,act_93_62,empty_room,5.0,1,,,d,,,,,,stand_up,,,
5755,act_59_13,meeting_room,5.0,1,,,,,a,,,,,,sit_down,
153,act_2_54,classroom,2.4,1,,b,,,,,,stand_up,,,,
5231,act_53_83,meeting_room,2.4,5,,a,b,c,d,e,,walk,walk,walk,rotation,walk
9066,act_92_57,empty_room,5.0,1,,c,,,,,,rotation,,,,
5680,act_58_37,meeting_room,5.0,1,,,,c,,,,,,jump,,
3908,act_40_47,meeting_room,2.4,1,,,,d,,,,,,rotation,,
10314,act_105_18,empty_room,5.0,4,b,,d,,a,c,stand_up,,walk,,jump,nothing
2553,act_26_78,classroom,5.0,2,,,a,b,,,,,lie_down,pick_up,,
2774,act_29_2,classroom,5.0,3,,b,,d,,a,,rotation,,wave,,walk
7761,act_79_39,empty_room,2.4,2,e,a,,,,,rotation,jump,,,,
3552,act_36_87,classroom,5.0,5,e,,b,c,d,a,lie_down,,lie_down,lie_down,pick_up,lie_down
3723,act_38_60,meeting_room,2.4,1,,c,,,,,,lie_down,,,,
977,act_10_86,classroom,2.4,3,e,a,b,,,,wave,wave,wave,,,
521,act_6_26,classroom,2.4,1,,,,,,c,,,,,,sit_down
9155,act_93_47,empty_room,5.0,1,,,c,,,,,,rotation,,,
9022,act_92_13,empty_room,5.0,1,,c,,,,,,wave,,,,
10107,act_103_9,empty_room,5.0,4,a,b,c,d,,,stand_up,nothing,walk,rotation,,
4539,act_46_84,meeting_room,2.4,3,e,a,b,,,,rotation,rotation,rotation,,,
6176,act_63_38,meeting_room,5.0,2,,,,,d,e,,,,,lie_down,walk
8423,act_86_8,empty_room,2.4,4,,b,,d,e,a,,stand_up,,walk,rotation,sit_down
7082,act_72_53,meeting_room,5.0,5,a,,c,d,e,b,sit_down,,stand_up,stand_up,nothing,sit_down
1823,act_19_41,classroom,5.0,1,e,,,,,,wave,,,,,
4087,act_42_28,meeting_room,2.4,1,,,,,,d,,,,,,nothing
7821,act_79_99,empty_room,2.4,2,a,b,,,,,stand_up,stand_up,,,,
9876,act_100_75,empty_room,5.0,3,d,e,a,,,,rotation,rotation,rotation,,,
6897,act_70_66,meeting_room,5.0,5,c,d,e,a,b,,rotation,rotation,rotation,jump,jump,
1992,act_21_12,classroom,5.0,1,,,d,,,,,,wave,,,
9943,act_101_43,empty_room,5.0,3,,a,,c,,e,,sit_down,,nothing,,pick_up
310,act_4_13,classroom,2.4,1,,,,e,,,,,,pick_up,,
4309,act_44_52,meeting_room,2.4,2,,,c,d,,,,,sit_down,sit_down,,
5142,act_52_93,meeting_room,2.4,5,a,b,c,d,e,,rotation,rotation,rotation,rotation,rotation,
8748,act_89_36,empty_room,2.4,5,,e,a,b,c,d,,nothing,walk,rotation,jump,stand_up
3600,act_37_36,meeting_room,2.4,1,d,,,,,,stand_up,,,,,
3623,act_37_59,meeting_room,2.4,1,b,,,,,,wave,,,,,
3812,act_39_50,meeting_room,2.4,1,,,c,,,,,,lie_down,,,
6006,act_61_66,meeting_room,5.0,2,c,d,,,,,rotation,rotation,,,,
9826,act_100_25,empty_room,5.0,3,c,d,e,,,,pick_up,sit_down,stand_up,,,
3451,act_35_85,classroom,5.0,5,,a,b,c,d,e,,jump,jump,jump,wave,jump
4592,act_47_38,meeting_room,2.4,3,,a,,c,,e,,rotation,,wave,,walk
7550,act_77_26,empty_room,2.4,1,,,,,b,,,,,,rotation,
7353,act_75_27,empty_room,2.4,1,,,e,,,,,,walk,,,
206,act_3_8,classroom,2.4,1,,,c,,,,,,nothing,,,
11103,act_205_15,empty_room,2.4,0,,,,,,,,,,,,
1136,act_12_47,classroom,2.4,3,a,,,,e,b,walk,,,,jump,walk
6681,act_68_48,meeting_room,5.0,4,,b,,d,e,a,,rotation,,jump,wave,rotation
10599,act_108_6,empty_room,5.0,5,a,,c,d,e,b,lie_down,,sit_down,stand_up,nothing,pick_up
2750,act_28_77,classroom,5.0,3,d,e,a,,,,wave,wave,wave,,,
3614,act_37_50,meeting_room,2.4,1,a,,,,,,wave,,,,,
306,act_4_9,classroom,2.4,1,,,,d,,,,,,rotation,,
1850,act_19_68,classroom,5.0,1,c,,,,,,wave,,,,,
3415,act_35_49,classroom,5.0,5,,b,c,d,e,a,,jump,wave,wave,lie_down,jump
10235,act_104_38,empty_room,5.0,4,,a,,c,d,e,,rotation,,wave,lie_down,walk
1989,act_21_9,classroom,5.0,1,,,c,,,,,,walk,,,
3241,act_33_73,classroom,5.0,4,d,,a,,c,e,nothing,,nothing,,walk,nothing
2799,act_29_27,classroom,5.0,3,,d,,a,,c,,nothing,,rotation,,stand_up
4516,act_46_61,meeting_room,2.4,3,b,c,d,,,,pick_up,pick_up,sit_down,,,
5631,act_57_87,meeting_room,5.0,1,,,b,,,,,,lie_down,,,
8979,act_91_69,empty_room,5.0,1,c,,,,,,lie_down,,,,,
3110,act_32_41,classroom,5.0,4,,a,,c,d,e,,lie_down,,sit_down,stand_up,wave
4940,act_50_89,meeting_room,2.4,4,,a,,c,d,e,,sit_down,,sit_down,stand_up,sit_down
4060,act_42_1,meeting_room,2.4,1,,,,,,a,,,,,,nothing
1988,act_21_8,classroom,5.0,1,,,c,,,,,,nothing,,,
5935,act_60_94,meeting_room,5.0,1,,,,,,a,,,,,,jump
10024,act_102_25,empty_room,5.0,3,c,,,,b,d,pick_up,,,,walk,sit_down
5811,act_59_69,meeting_room,5.0,1,,,,,b,,,,,,pick_up,
384,act_4_87,classroom,2.4,1,,,,c,,,,,,lie_down,,
5635,act_57_91,meeting_room,5.0,1,,,c,,,,,,nothing,,,
4308,act_44_51,meeting_room,2.4,2,,,c,d,,,,,pick_up,pick_up,,
3389,act_35_23,classroom,5.0,5,,d,e,a,b,c,,lie_down,pick_up,sit_down,stand_up,wave
3157,act_32_88,classroom,5.0,4,,a,,c,d,e,,pick_up,,pick_up,sit_down,pick_up
6054,act_62_15,meeting_room,5.0,2,,,d,e,,,,,sit_down,stand_up,,
11282,act_206_95,empty_room,5.0,0,,,,,,,,,,,,
6535,act_67_1,meeting_room,5.0,4,a,b,c,d,,,nothing,walk,rotation,jump,,
2728,act_28_55,classroom,5.0,3,b,c,d,,,,nothing,nothing,walk,,,
10132,act_103_34,empty_room,5.0,4,d,e,a,b,,,pick_up,sit_down,stand_up,nothing,,
10022,act_102_23,empty_room,5.0,3,c,,,,b,d,wave,,,,stand_up,lie_down
9810,act_100_9,empty_room,5.0,3,a,b,c,,,,stand_up,nothing,walk,,,
9365,act_95_59,empty_room,5.0,1,,,,,a,,,,,,pick_up,
10931,act_203_41,meeting_room,2.4,0,,,,,,,,,,,,
7691,act_78_68,empty_room,2.4,1,,,,,,c,,,,,,wave
3833,act_39_71,meeting_room,2.4,1,,,e,,,,,,sit_down,,,
9833,act_100_32,empty_room,5.0,3,d,e,a,,,,wave,lie_down,pick_up,,,
4777,act_49_25,meeting_room,2.4,4,c,d,e,a,,,pick_up,sit_down,stand_up,nothing,,
4277,act_44_20,meeting_room,2.4,2,,,e,a,,,,,jump,wave,,
254,act_3_56,classroom,2.4,1,,,d,,,,,,rotation,,,
7853,act_80_32,empty_room,2.4,2,,,a,b,,,,,pick_up,sit_down,,
10832,act_202_41,classroom,5.0,0,,,,,,,,,,,,
2925,act_30_54,classroom,5.0,3,a,,,,e,b,stand_up,,,,walk,stand_up
279,act_3_81,classroom,2.4,1,,,a,,,,,,stand_up,,,
6772,act_69_40,meeting_room,5.0,4,e,,b,,d,a,jump,,lie_down,,sit_down,wave
7416,act_75_90,empty_room,2.4,1,,,b,,,,,,stand_up,,,
3253,act_33_85,classroom,5.0,4,e,,b,,d,a,jump,,jump,,wave,jump
7956,act_81_36,empty_room,2.4,2,,,,,c,d,,,,,jump,stand_up
2481,act_26_6,classroom,5.0,2,,,c,d,,,,,sit_down,stand_up,,
290,act_3_92,classroom,2.4,1,,,c,,,,,,walk,,,
7747,act_79_25,empty_room,2.4,2,c,d,,,,,pick_up,sit_down,,,,
3076,act_32_7,classroom,5.0,4,,b,,d,e,a,,sit_down,,nothing,walk,pick_up
4074,act_42_15,meeting_room,2.4,1,,,,,,b,,,,,,lie_down
2584,act_27_10,classroom,5.0,2,,,,,a,b,,,,,wave,nothing
8143,act_83_25,empty_room,2.4,3,,d,,a,,c,,sit_down,,nothing,,pick_up
6109,act_62_70,meeting_room,5.0,2,,,e,a,,,,,pick_up,sit_down,,
5090,act_52_41,meeting_room,2.4,5,e,a,b,c,d,,wave,lie_down,pick_up,sit_down,stand_up,
7332,act_75_6,empty_room,2.4,1,,,c,,,,,,sit_down,,,
6333,act_64_96,meeting_room,5.0,3,a,b,c,,,,lie_down,lie_down,lie_down,,,
9552,act_97_48,empty_room,5.0,2,a,b,,,,,rotation,rotation,,,,
8724,act_89_12,empty_room,2.4,5,,c,d,e,a,b,,jump,wave,lie_down,pick_up,rotation
10971,act_203_81,meeting_room,2.4,0,,,,,,,,,,,,
7448,act_76_23,empty_room,2.4,1,,,,a,,,,,,sit_down,,
9479,act_96_74,empty_room,5.0,1,,,,,,d,,,,,,walk
6851,act_70_20,meeting_room,5.0,5,c,d,e,a,b,,walk,rotation,jump,wave,lie_down,
10113,act_103_15,empty_room,5.0,4,b,c,d,e,,,lie_down,pick_up,sit_down,stand_up,,
7788,act_79_66,empty_room,2.4,2,c,d,,,,,rotation,rotation,,,,
4067,act_42_8,meeting_room,2.4,1,,,,,,a,,,,,,sit_down
271,act_3_73,classroom,2.4,1,,,a,,,,,,nothing,,,
6010,act_61_70,meeting_room,5.0,2,c,d,,,,,pick_up,pick_up,,,,
9025,act_92_16,empty_room,5.0,1,,c,,,,,,sit_down,,,,
4571,act_47_17,meeting_room,2.4,3,,c,,e,,b,,stand_up,,walk,,sit_down
3577,act_37_13,meeting_room,2.4,1,b,,,,,,jump,,,,,
3566,act_37_2,meeting_room,2.4,1,a,,,,,,walk,,,,,
2972,act_31_2,classroom,5.0,4,a,b,c,d,,,walk,rotation,jump,wave,,
7882,act_80_61,empty_room,2.4,2,,,d,e,,,,,sit_down,sit_down,,
9906,act_101_6,empty_room,5.0,3,,b,,d,,a,,pick_up,,stand_up,,lie_down
4208,act_43_50,meeting_room,2.4,2,a,b,,,,,wave,wave,,,,
3219,act_33_51,classroom,5.0,4,a,,c,,e,b,lie_down,,pick_up,,sit_down,lie_down
1392,act_15_6,classroom,2.4,4,a,,c,,e,b,lie_down,,sit_down,,nothing,pick_up
6697,act_68_64,meeting_room,5.0,4,,d,,a,b,c,,nothing,,walk,walk,nothing
3976,act_41_16,meeting_room,2.4,1,,,,,a,,,,,,walk,
4317,act_44_60,meeting_room,2.4,2,,,d,e,,,,,pick_up,pick_up,,
3181,act_33_13,classroom,5.0,4,b,,d,,a,c,jump,,lie_down,,sit_down,wave
2676,act_28_3,classroom,5.0,3,a,b,c,,,,rotation,jump,wave,,,
6898,act_70_67,meeting_room,5.0,5,c,d,e,a,b,,jump,jump,jump,wave,wave,
1423,act_15_37,classroom,2.4,4,e,,b,,d,a,nothing,,rotation,,wave,walk
84,act_1_84,classroom,2.4,1,e,,,,,,rotation,,,,,
874,act_9_82,classroom,2.4,2,,,,,d,e,,,,,walk,nothing
10848,act_202_57,classroom,5.0,0,,,,,,,,,,,,
8927,act_91_17,empty_room,5.0,1,b,,,,,,sit_down,,,,,
4558,act_47_4,meeting_room,2.4,3,,b,,d,,a,,wave,,pick_up,,jump
4501,act_46_46,meeting_room,2.4,3,a,b,c,,,,nothing,nothing,walk,,,
4648,act_47_94,meeting_room,2.4,3,,b,,d,,a,,jump,,jump,,jump
8182,act_83_64,empty_room,2.4,3,,d,,a,,c,,nothing,,walk,,nothing
6471,act_66_36,meeting_room,5.0,3,d,,,,c,e,stand_up,,,,jump,nothing
2039,act_21_59,classroom,5.0,1,,,d,,,,,,lie_down,,,
8278,act_84_61,empty_room,2.4,3,b,,,,a,c,pick_up,,,,stand_up,pick_up
8818,act_90_7,empty_room,2.4,5,a,,c,d,e,b,pick_up,,stand_up,nothing,walk,sit_down
10946,act_203_56,meeting_room,2.4,0,,,,,,,,,,,,
1133,act_12_44,classroom,2.4,3,e,,,,d,a,sit_down,,,,rotation,stand_up
2451,act_25_75,classroom,5.0,2,d,e,,,,,rotation,rotation,,,,
3955,act_40_94,meeting_room,2.4,1,,,,d,,,,,,jump,,
2330,act_24_53,classroom,5.0,1,,,,,,a,,,,,,sit_down
10300,act_105_4,empty_room,5.0,4,a,,c,,e,b,jump,,lie_down,,sit_down,wave
6243,act_64_6,meeting_room,5.0,3,a,b,c,,,,lie_down,pick_up,sit_down,,,
8586,act_87_72,empty_room,2.4,4,c,,e,,b,d,stand_up,,stand_up,,nothing,stand_up
5043,act_51_93,meeting_room,2.4,4,a,,c,,e,b,rotation,,rotation,,rotation,rotation
10578,act_107_84,empty_room,5.0,5,,a,b,c,d,e,,rotation,rotation,rotation,jump,rotation
4747,act_48_94,meeting_room,2.4,3,a,,,,e,b,jump,,,,jump,jump
7424,act_75_98,empty_room,2.4,1,,,c,,,,,,sit_down,,,
10582,act_107_88,empty_room,5.0,5,,a,b,c,d,e,,pick_up,pick_up,pick_up,sit_down,pick_up
9279,act_94_72,empty_room,5.0,1,,,,a,,,,,,nothing,,
8232,act_84_15,empty_room,2.4,3,b,,,,a,c,lie_down,,,,nothing,pick_up
8337,act_85_21,empty_room,2.4,4,c,d,e,a,,,rotation,jump,wave,lie_down,,
8087,act_82_68,empty_room,2.4,3,c,d,e,,,,wave,wave,wave,,,
7160,act_73_32,empty_room,2.4,1,d,,,,,,wave,,,,,
2402,act_25_26,classroom,5.0,2,c,d,,,,,sit_down,stand_up,,,,
7446,act_76_21,empty_room,2.4,1,,,,a,,,,,,lie_down,,
5521,act_56_76,meeting_room,5.0,1,,e,,,,,,jump,,,,
1217,act_13_29,classroom,2.4,4,d,e,a,b,,,walk,rotation,jump,wave,,
9823,act_100_22,empty_room,5.0,3,c,d,e,,,,jump,wave,lie_down,,,
6021,act_61_81,meeting_room,5.0,2,d,e,,,,,stand_up,stand_up,,,,
8480,act_86_65,empty_room,2.4,4,,d,,a,b,c,,walk,,rotation,rotation,walk
1065,act_11_75,classroom,2.4,3,,e,,b,,d,,rotation,,jump,,rotation
3787,act_39_25,meeting_room,2.4,1,,,e,,,,,,stand_up,,,
4411,act_45_55,meeting_room,2.4,2,,,,,a,b,,,,,rotation,nothing
5386,act_55_40,meeting_room,5.0,1,e,,,,,,jump,,,,,
8414,act_85_98,empty_room,2.4,4,a,b,c,d,,,sit_down,sit_down,sit_down,sit_down,,
5524,act_56_79,meeting_room,5.0,1,,e,,,,,,pick_up,,,,
5997,act_61_57,meeting_room,5.0,2,b,c,,,,,rotation,rotation,,,,
9986,act_101_86,empty_room,5.0,3,,a,,c,,e,,wave,,wave,,wave
7226,act_73_98,empty_room,2.4,1,a,,,,,,sit_down,,,,,
5889,act_60_48,meeting_room,5.0,1,,,,,,a,,,,,,rotation
2162,act_22_83,classroom,5.0,1,,,,c,,,,,,walk,,
3009,act_31_39,classroom,5.0,4,e,a,b,c,,,rotation,jump,wave,lie_down,,
10554,act_107_60,empty_room,5.0,5,,c,d,e,a,b,,lie_down,pick_up,pick_up,sit_down,lie_down
1106,act_12_17,classroom,2.4,3,b,,,,a,c,sit_down,,,,rotation,stand_up
8346,act_85_30,empty_room,2.4,4,d,e,a,b,,,rotation,jump,wave,lie_down,,
693,act_7_99,classroom,2.4,2,a,b,,,,,stand_up,stand_up,,,,
2004,act_21_24,classroom,5.0,1,,,e,,,,,,sit_down,,,
4957,act_51_7,meeting_room,2.4,4,a,,c,,e,b,pick_up,,stand_up,,walk,sit_down
8308,act_84_91,empty_room,2.4,3,a,,,,e,b,nothing,,,,nothing,nothing
9567,act_97_63,empty_room,5.0,2,b,c,,,,,stand_up,stand_up,,,,
4370,act_45_14,meeting_room,2.4,2,,,,,a,b,,,,,stand_up,wave
10029,act_102_30,empty_room,5.0,3,d,,,,c,e,rotation,,,,pick_up,jump
2766,act_28_93,classroom,5.0,3,a,b,c,,,,rotation,rotation,rotation,,,
3930,act_40_69,meeting_room,2.4,1,,,,a,,,,,,pick_up,,
8638,act_88_25,empty_room,2.4,5,c,d,e,a,b,,pick_up,sit_down,stand_up,nothing,walk,
9868,act_100_67,empty_room,5.0,3,c,d,e,,,,jump,jump,jump,,,
11086,act_204_97,meeting_room,5.0,0,,,,,,,,,,,,
10256,act_104_59,empty_room,5.0,4,,c,,e,a,b,,wave,,lie_down,pick_up,wave
629,act_7_35,classroom,2.4,2,d,e,,,,,sit_down,stand_up,,,,
2452,act_25_76,classroom,5.0,2,d,e,,,,,jump,jump,,,,
7946,act_81_26,empty_room,2.4,2,,,,,b,c,,,,,rotation,sit_down
8290,act_84_73,empty_room,2.4,3,d,,,,c,e,nothing,,,,walk,nothing
3825,act_39_63,meeting_room,2.4,1,,,d,,,,,,nothing,,,
10580,act_107_86,empty_room,5.0,5,,a,b,c,d,e,,wave,wave,wave,lie_down,wave
2653,act_27_79,classroom,5.0,2,,,,,c,d,,,,,sit_down,pick_up
10280,act_104_83,empty_room,5.0,4,,a,,c,d,e,,walk,,walk,rotation,walk
3744,act_38_81,meeting_room,2.4,1,,e,,,,,,stand_up,,,,
2177,act_22_98,classroom,5.0,1,,,,d,,,,,,sit_down,,
11179,act_205_91,empty_room,2.4,0,,,,,,,,,,,,
6690,act_68_57,meeting_room,5.0,4,,c,,e,a,b,,rotation,,jump,wave,rotation
10460,act_106_65,empty_room,5.0,5,c,d,e,a,b,,walk,walk,walk,rotation,rotation,
3319,act_34_52,classroom,5.0,5,a,b,c,d,e,,pick_up,pick_up,sit_down,sit_down,stand_up,
10165,act_103_67,empty_room,5.0,4,c,d,e,a,,,jump,jump,jump,wave,,
7433,act_76_8,empty_room,2.4,1,,,,d,,,,,,walk,,
2788,act_29_16,classroom,5.0,3,,c,,e,,b,,sit_down,,nothing,,pick_up
4106,act_42_47,meeting_room,2.4,1,,,,,,a,,,,,,walk
8745,act_89_33,empty_room,2.4,5,,e,a,b,c,d,,pick_up,sit_down,stand_up,nothing,lie_down
1677,act_17_93,classroom,2.4,5,,b,c,d,e,a,,rotation,rotation,rotation,rotation,rotation
3948,act_40_87,meeting_room,2.4,1,,,,c,,,,,,lie_down,,
7619,act_77_95,empty_room,2.4,1,,,,,e,,,,,,wave,
4445,act_45_89,meeting_room,2.4,2,,,,,d,e,,,,,stand_up,sit_down
2937,act_30_66,classroom,5.0,3,c,,,,b,d,rotation,,,,jump,rotation
7323,act_74_96,empty_room,2.4,1,,b,,,,,,lie_down,,,,
8349,act_85_33,empty_room,2.4,4,d,e,a,b,,,lie_down,pick_up,sit_down,stand_up,,
2838,act_29_66,classroom,5.0,3,,d,,a,,c,,rotation,,jump,,rotation
5723,act_58_80,meeting_room,5.0,1,,,,b,,,,,,stand_up,,
10079,act_102_80,empty_room,5.0,3,d,,,,c,e,sit_down,,,,stand_up,sit_down
2504,act_26_29,classroom,5.0,2,,,a,b,,,,,jump,wave,,
9570,act_97_66,empty_room,5.0,2,c,d,,,,,rotation,rotation,,,,
2370,act_24_93,classroom,5.0,1,,,,,,a,,,,,,rotation
4968,act_51_18,meeting_room,2.4,4,b,,d,,a,c,stand_up,,walk,,jump,nothing
5884,act_60_43,meeting_room,5.0,1,,,,,,e,,,,,,pick_up
2218,act_23_40,classroom,5.0,1,,,,,d,,,,,,sit_down,
5848,act_60_7,meeting_room,5.0,1,,,,,,a,,,,,,pick_up
2219,act_23_41,classroom,5.0,1,,,,,d,,,,,,stand_up,
3327,act_34_60,classroom,5.0,5,b,c,d,e,a,,lie_down,lie_down,pick_up,pick_up,sit_down,
8395,act_85_79,empty_room,2.4,4,d,e,a,b,,,pick_up,pick_up,pick_up,sit_down,,
7324,act_74_97,empty_room,2.4,1,,b,,,,,,pick_up,,,,
3584,act_37_20,meeting_room,2.4,1,c,,,,,,walk,,,,,
11087,act_204_98,meeting_room,5.0,0,,,,,,,,,,,,
3620,act_37_56,meeting_room,2.4,1,b,,,,,,walk,,,,,
6218,act_63_80,meeting_room,5.0,2,,,,,c,d,,,,,stand_up,sit_down
2469,act_25_93,classroom,5.0,2,a,b,,,,,rotation,rotation,,,,
8181,act_83_63,empty_room,2.4,3,,c,,e,,b,,stand_up,,nothing,,stand_up
3116,act_32_47,classroom,5.0,4,,b,,d,e,a,,walk,,rotation,jump,walk
86,act_1_86,classroom,2.4,1,e,,,,,,wave,,,,,
9553,act_97_49,empty_room,5.0,2,a,b,,,,,jump,jump,,,,
5974,act_61_34,meeting_room,5.0,2,d,e,,,,,pick_up,sit_down,,,,
2802,act_29_30,classroom,5.0,3,,e,,b,,d,,jump,,lie_down,,rotation
3672,act_38_9,meeting_room,2.4,1,,b,,,,,,nothing,,,,
3668,act_38_5,meeting_room,2.4,1,,b,,,,,,lie_down,,,,
11054,act_204_65,meeting_room,5.0,0,,,,,,,,,,,,
11178,act_205_90,empty_room,2.4,0,,,,,,,,,,,,
5159,act_53_11,meeting_room,2.4,5,,c,d,e,a,b,,rotation,jump,wave,lie_down,walk
7595,act_77_71,empty_room,2.4,1,,,,,b,,,,,,stand_up,
6977,act_71_47,meeting_room,5.0,5,,b,c,d,e,a,,walk,rotation,rotation,jump,walk
5726,act_58_83,meeting_room,5.0,1,,,,c,,,,,,walk,,
4591,act_47_37,meeting_room,2.4,3,,a,,c,,e,,walk,,jump,,nothing
2020,act_21_40,classroom,5.0,1,,,b,,,,,,lie_down,,,
3424,act_35_58,classroom,5.0,5,,c,d,e,a,b,,jump,wave,wave,lie_down,jump
2526,act_26_51,classroom,5.0,2,,,c,d,,,,,pick_up,pick_up,,
8746,act_89_34,empty_room,2.4,5,,e,a,b,c,d,,sit_down,stand_up,nothing,walk,pick_up
7933,act_81_13,empty_room,2.4,2,,,,,a,b,,,,,sit_down,jump
3213,act_33_45,classroom,5.0,4,e,,b,,d,a,stand_up,,walk,,jump,nothing
520,act_6_25,classroom,2.4,1,,,,,,c,,,,,,pick_up
5367,act_55_21,meeting_room,5.0,1,c,,,,,,rotation,,,,,
8415,act_85_99,empty_room,2.4,4,a,b,c,d,,,stand_up,stand_up,stand_up,stand_up,,
6594,act_67_60,meeting_room,5.0,4,b,c,d,e,,,lie_down,lie_down,pick_up,pick_up,,
2896,act_30_25,classroom,5.0,3,c,,,,b,d,pick_up,,,,walk,sit_down
245,act_3_47,classroom,2.4,1,,,c,,,,,,rotation,,,
5931,act_60_90,meeting_room,5.0,1,,,,,,e,,,,,,stand_up
4715,act_48_62,meeting_room,2.4,3,b,,,,a,c,sit_down,,,,nothing,sit_down
10399,act_106_4,empty_room,5.0,5,a,b,c,d,e,,jump,wave,lie_down,pick_up,sit_down,
3426,act_35_60,classroom,5.0,5,,c,d,e,a,b,,lie_down,pick_up,pick_up,sit_down,lie_down
8398,act_85_82,empty_room,2.4,4,e,a,b,c,,,nothing,nothing,nothing,nothing,,
3643,act_37_79,meeting_room,2.4,1,d,,,,,,pick_up,,,,,
797,act_9_5,classroom,2.4,2,,,,,e,a,,,,,stand_up,wave
8335,act_85_19,empty_room,2.4,4,c,d,e,a,,,nothing,walk,rotation,jump,,
7860,act_80_39,empty_room,2.4,2,,,b,c,,,,,wave,lie_down,,
8704,act_88_91,empty_room,2.4,5,a,b,c,d,e,,nothing,nothing,nothing,nothing,nothing,
5510,act_56_65,meeting_room,5.0,1,,d,,,,,,walk,,,,
6298,act_64_61,meeting_room,5.0,3,b,c,d,,,,pick_up,pick_up,sit_down,,,
2002,act_21_22,classroom,5.0,1,,,e,,,,,,lie_down,,,
886,act_9_94,classroom,2.4,2,,,,,e,a,,,,,jump,jump
870,act_9_78,classroom,2.4,2,,,,,c,d,,,,,pick_up,lie_down
6455,act_66_20,meeting_room,5.0,3,c,,,,b,d,walk,,,,lie_down,rotation
10939,act_203_49,meeting_room,2.4,0,,,,,,,,,,,,
10123,act_103_25,empty_room,5.0,4,c,d,e,a,,,pick_up,sit_down,stand_up,nothing,,
8080,act_82_61,empty_room,2.4,3,b,c,d,,,,pick_up,pick_up,sit_down,,,
5721,act_58_78,meeting_room,5.0,1,,,,b,,,,,,pick_up,,
357,act_4_60,classroom,2.4,1,,,,e,,,,,,pick_up,,
11180,act_205_92,empty_room,2.4,0,,,,,,,,,,,,
5452,act_56_7,meeting_room,5.0,1,,b,,,,,,sit_down,,,,
7161,act_73_33,empty_room,2.4,1,d,,,,,,lie_down,,,,,
9244,act_94_37,empty_room,5.0,1,,,,c,,,,,,jump,,
7258,act_74_31,empty_room,2.4,1,,e,,,,,,wave,,,,
8189,act_83_71,empty_room,2.4,3,,d,,a,,c,,sit_down,,stand_up,,sit_down
2744,act_28_71,classroom,5.0,3,c,d,e,,,,sit_down,sit_down,sit_down,,,
6704,act_68_71,meeting_room,5.0,4,,d,,a,b,c,,sit_down,,stand_up,stand_up,sit_down
1276,act_13_88,classroom,2.4,4,e,a,b,c,,,pick_up,pick_up,pick_up,pick_up,,
1891,act_20_10,classroom,5.0,1,,c,,,,,,walk,,,,
9812,act_100_11,empty_room,5.0,3,b,c,d,,,,walk,rotation,jump,,,
6416,act_65_80,meeting_room,5.0,3,,e,,b,,d,,sit_down,,stand_up,,sit_down
3753,act_38_90,meeting_room,2.4,1,,a,,,,,,stand_up,,,,
10368,act_105_72,empty_room,5.0,4,c,,e,,b,d,stand_up,,stand_up,,nothing,stand_up
3564,act_36_99,classroom,5.0,5,a,,c,d,e,b,stand_up,,stand_up,stand_up,stand_up,stand_up
5788,act_59_46,meeting_room,5.0,1,,,,,e,,,,,,rotation,
4959,act_51_9,meeting_room,2.4,4,a,,c,,e,b,stand_up,,walk,,jump,nothing
1547,act_16_62,classroom,2.4,5,b,c,d,e,a,,sit_down,sit_down,stand_up,stand_up,nothing,
6194,act_63_56,meeting_room,5.0,2,,,,,a,b,,,,,jump,walk
2381,act_25_5,classroom,5.0,2,a,b,,,,,wave,lie_down,,,,
6475,act_66_40,meeting_room,5.0,3,e,,,,d,a,jump,,,,sit_down,wave
3824,act_39_62,meeting_room,2.4,1,,,d,,,,,,stand_up,,,
3233,act_33_65,classroom,5.0,4,c,,e,,b,d,walk,,walk,,rotation,walk
9476,act_96_71,empty_room,5.0,1,,,,,,c,,,,,,sit_down
3307,act_34_40,classroom,5.0,5,e,a,b,c,d,,jump,wave,lie_down,pick_up,sit_down,
493,act_5_97,classroom,2.4,1,,,,,e,,,,,,pick_up,
3500,act_36_35,classroom,5.0,5,d,,a,b,c,e,sit_down,,nothing,walk,rotation,stand_up
8351,act_85_35,empty_room,2.4,4,d,e,a,b,,,sit_down,stand_up,nothing,walk,,
1117,act_12_28,classroom,2.4,3,d,,,,c,e,nothing,,,,wave,walk
5638,act_57_94,meeting_room,5.0,1,,,c,,,,,,jump,,,
9913,act_101_13,empty_room,5.0,3,,c,,e,,b,,wave,,pick_up,,jump
6147,act_63_9,meeting_room,5.0,2,,,,,e,a,,,,,jump,stand_up
11137,act_205_49,empty_room,2.4,0,,,,,,,,,,,,
9914,act_101_14,empty_room,5.0,3,,c,,e,,b,,lie_down,,sit_down,,wave
8375,act_85_59,empty_room,2.4,4,b,c,d,e,,,wave,wave,lie_down,lie_down,,
9280,act_94_73,empty_room,5.0,1,,,,b,,,,,,walk,,
6858,act_70_27,meeting_room,5.0,5,c,d,e,a,b,,stand_up,nothing,walk,rotation,jump,
7758,act_79_36,empty_room,2.4,2,d,e,,,,,stand_up,nothing,,,,
9721,act_99_19,empty_room,5.0,2,,,,,b,c,,,,,wave,nothing
6590,act_67_56,meeting_room,5.0,4,b,c,d,e,,,walk,walk,rotation,rotation,,
10239,act_104_42,empty_room,5.0,4,,a,,c,d,e,,pick_up,,stand_up,nothing,lie_down
3646,act_37_82,meeting_room,2.4,1,e,,,,,,nothing,,,,,
8453,act_86_38,empty_room,2.4,4,,a,,c,d,e,,rotation,,wave,lie_down,walk
7558,act_77_34,empty_room,2.4,1,,,,,c,,,,,,walk,
2501,act_26_26,classroom,5.0,2,,,e,a,,,,,nothing,walk,,
5678,act_58_35,meeting_room,5.0,1,,,,b,,,,,,walk,,
9819,act_100_18,empty_room,5.0,3,b,c,d,,,,stand_up,nothing,walk,,,
5242,act_53_94,meeting_room,2.4,5,,b,c,d,e,a,,jump,jump,jump,jump,jump
10434,act_106_39,empty_room,5.0,5,e,a,b,c,d,,rotation,jump,wave,lie_down,pick_up,
2784,act_29_12,classroom,5.0,3,,c,,e,,b,,jump,,lie_down,,rotation
6159,act_63_21,meeting_room,5.0,2,,,,,b,c,,,,,pick_up,rotation
3810,act_39_48,meeting_room,2.4,1,,,c,,,,,,jump,,,
8324,act_85_8,empty_room,2.4,4,a,b,c,d,,,sit_down,stand_up,nothing,walk,,
10298,act_105_2,empty_room,5.0,4,a,,c,,e,b,walk,,jump,,lie_down,rotation
2994,act_31_24,classroom,5.0,4,c,d,e,a,,,lie_down,pick_up,sit_down,stand_up,,
1697,act_18_14,classroom,2.4,5,b,,d,e,a,c,wave,,pick_up,sit_down,stand_up,lie_down
5686,act_58_43,meeting_room,5.0,1,,,,c,,,,,,nothing,,
2296,act_24_19,classroom,5.0,1,,,,,,c,,,,,,nothing
9281,act_94_74,empty_room,5.0,1,,,,b,,,,,,rotation,,
6505,act_66_70,meeting_room,5.0,3,c,,,,b,d,pick_up,,,,sit_down,pick_up
5940,act_60_99,meeting_room,5.0,1,,,,,,a,,,,,,stand_up
7764,act_79_42,empty_room,2.4,2,e,a,,,,,lie_down,pick_up,,,,
2053,act_21_73,classroom,5.0,1,,,a,,,,,,nothing,,,
1777,act_18_94,classroom,2.4,5,a,,c,d,e,b,jump,,jump,jump,jump,jump
8276,act_84_59,empty_room,2.4,3,b,,,,a,c,wave,,,,pick_up,wave
3314,act_34_47,classroom,5.0,5,a,b,c,d,e,,walk,walk,rotation,rotation,jump,
4782,act_49_30,meeting_room,2.4,4,d,e,a,b,,,rotation,jump,wave,lie_down,,
6633,act_67_99,meeting_room,5.0,4,a,b,c,d,,,stand_up,stand_up,stand_up,stand_up,,
9802,act_100_1,empty_room,5.0,3,a,b,c,,,,nothing,walk,rotation,,,
8425,act_86_10,empty_room,2.4,4,,c,,e,a,b,,walk,,jump,wave,nothing
1593,act_17_9,classroom,2.4,5,,b,c,d,e,a,,nothing,walk,rotation,jump,stand_up
1724,act_18_41,classroom,2.4,5,e,,b,c,d,a,wave,,pick_up,sit_down,stand_up,lie_down
7606,act_77_82,empty_room,2.4,1,,,,,d,,,,,,walk,
216,act_3_18,classroom,2.4,1,,,d,,,,,,walk,,,
8050,act_82_31,empty_room,2.4,3,d,e,a,,,,jump,wave,lie_down,,,
6708,act_68_75,meeting_room,5.0,4,,e,,b,c,d,,rotation,,jump,jump,rotation
7855,act_80_34,empty_room,2.4,2,,,a,b,,,,,stand_up,nothing,,
9314,act_95_8,empty_room,5.0,1,,,,,e,,,,,,rotation,
491,act_5_95,classroom,2.4,1,,,,,e,,,,,,wave,
10312,act_105_16,empty_room,5.0,4,b,,d,,a,c,pick_up,,stand_up,,walk,sit_down
3484,act_36_19,classroom,5.0,5,c,,e,a,b,d,nothing,,rotation,jump,wave,walk
7007,act_71_77,meeting_room,5.0,5,,e,a,b,c,d,,wave,wave,lie_down,lie_down,wave
5103,act_52_54,meeting_room,2.4,5,a,b,c,d,e,,stand_up,stand_up,nothing,nothing,walk,
5188,act_53_40,meeting_room,2.4,5,,a,b,c,d,e,,wave,lie_down,pick_up,sit_down,jump
3432,act_35_66,classroom,5.0,5,,d,e,a,b,c,,rotation,rotation,jump,jump,rotation
6600,act_67_66,meeting_room,5.0,4,c,d,e,a,,,rotation,rotation,rotation,jump,,
8012,act_81_92,empty_room,2.4,2,,,,,e,a,,,,,walk,walk
461,act_5_65,classroom,2.4,1,,,,,b,,,,,,rotation,
6411,act_65_75,meeting_room,5.0,3,,e,,b,,d,,rotation,,jump,,rotation
7507,act_76_82,empty_room,2.4,1,,,,c,,,,,,nothing,,
8577,act_87_63,empty_room,2.4,4,b,,d,,a,c,stand_up,,nothing,,walk,stand_up
6651,act_68_18,meeting_room,5.0,4,,c,,e,a,b,,nothing,,rotation,jump,stand_up
5514,act_56_69,meeting_room,5.0,1,,d,,,,,,lie_down,,,,
10712,act_201_20,classroom,2.4,0,,,,,,,,,,,,
26,act_1_26,classroom,2.4,1,c,,,,,,sit_down,,,,,
3513,act_36_48,classroom,5.0,5,a,,c,d,e,b,rotation,,jump,jump,wave,rotation
2410,act_25_34,classroom,5.0,2,d,e,,,,,pick_up,sit_down,,,,
3271,act_34_4,classroom,5.0,5,a,b,c,d,e,,jump,wave,lie_down,pick_up,sit_down,
7660,act_78_37,empty_room,2.4,1,,,,,,e,,,,,,nothing
5210,act_53_62,meeting_room,2.4,5,,c,d,e,a,b,,sit_down,stand_up,stand_up,nothing,sit_down
9840,act_100_39,empty_room,5.0,3,e,a,b,,,,rotation,jump,wave,,,
1553,act_16_68,classroom,2.4,5,c,d,e,a,b,,wave,wave,wave,lie_down,lie_down,
10388,act_105_92,empty_room,5.0,4,a,,c,,e,b,walk,,walk,,walk,walk
9733,act_99_31,empty_room,5.0,2,,,,,c,d,,,,,sit_down,jump
6684,act_68_51,meeting_room,5.0,4,,b,,d,e,a,,lie_down,,pick_up,sit_down,lie_down
3872,act_40_11,meeting_room,2.4,1,,,,e,,,,,,wave,,
7311,act_74_84,empty_room,2.4,1,,a,,,,,,rotation,,,,
3403,act_35_37,classroom,5.0,5,,a,b,c,d,e,,walk,rotation,jump,wave,nothing
4530,act_46_75,meeting_room,2.4,3,d,e,a,,,,rotation,rotation,rotation,,,
980,act_10_89,classroom,2.4,3,e,a,b,,,,sit_down,sit_down,sit_down,,,
2656,act_27_82,classroom,5.0,2,,,,,d,e,,,,,walk,nothing
1848,act_19_66,classroom,5.0,1,c,,,,,,rotation,,,,,
9117,act_93_9,empty_room,5.0,1,,,c,,,,,,walk,,,
9298,act_94_91,empty_room,5.0,1,,,,d,,,,,,nothing,,
8646,act_88_33,empty_room,2.4,5,d,e,a,b,c,,lie_down,pick_up,sit_down,stand_up,nothing,
8733,act_89_21,empty_room,2.4,5,,d,e,a,b,c,,jump,wave,lie_down,pick_up,rotation
5722,act_58_79,meeting_room,5.0,1,,,,b,,,,,,sit_down,,
516,act_6_21,classroom,2.4,1,,,,,,c,,,,,,rotation
9278,act_94_71,empty_room,5.0,1,,,,a,,,,,,stand_up,,
10892,act_203_2,meeting_room,2.4,0,,,,,,,,,,,,
9358,act_95_52,empty_room,5.0,1,,,,,e,,,,,,stand_up,
1103,act_12_14,classroom,2.4,3,b,,,,a,c,wave,,,,stand_up,lie_down
3277,act_34_10,classroom,5.0,5,b,c,d,e,a,,nothing,walk,rotation,jump,wave,
10386,act_105_90,empty_room,5.0,4,e,,b,,d,a,stand_up,,stand_up,,nothing,stand_up
5346,act_54_99,meeting_room,2.4,5,a,,c,d,e,b,stand_up,,stand_up,stand_up,stand_up,stand_up
2658,act_27_84,classroom,5.0,2,,,,,d,e,,,,,jump,rotation
10245,act_104_48,empty_room,5.0,4,,b,,d,e,a,,rotation,,jump,wave,rotation
9407,act_96_2,empty_room,5.0,1,,,,,,a,,,,,,walk
3997,act_41_37,meeting_room,2.4,1,,,,,d,,,,,,wave,
195,act_2_96,classroom,2.4,1,,b,,,,,,lie_down,,,,
4712,act_48_59,meeting_room,2.4,3,b,,,,a,c,wave,,,,pick_up,wave
644,act_7_50,classroom,2.4,2,a,b,,,,,wave,wave,,,,
9465,act_96_60,empty_room,5.0,1,,,,,,b,,,,,,lie_down
3286,act_34_19,classroom,5.0,5,c,d,e,a,b,,nothing,walk,rotation,jump,wave,
3117,act_32_48,classroom,5.0,4,,b,,d,e,a,,rotation,,jump,wave,rotation
8216,act_83_98,empty_room,2.4,3,,b,,d,,a,,sit_down,,sit_down,,sit_down
3576,act_37_12,meeting_room,2.4,1,b,,,,,,rotation,,,,,
6873,act_70_42,meeting_room,5.0,5,e,a,b,c,d,,lie_down,pick_up,sit_down,stand_up,nothing,
10186,act_103_88,empty_room,5.0,4,e,a,b,c,,,pick_up,pick_up,pick_up,pick_up,,
4321,act_44_64,meeting_room,2.4,2,,,e,a,,,,,nothing,walk,,
8207,act_83_89,empty_room,2.4,3,,a,,c,,e,,sit_down,,sit_down,,sit_down
11279,act_206_92,empty_room,5.0,0,,,,,,,,,,,,
2208,act_23_30,classroom,5.0,1,,,,,c,,,,,,pick_up,
4553,act_46_98,meeting_room,2.4,3,a,b,c,,,,sit_down,sit_down,sit_down,,,
4403,act_45_47,meeting_room,2.4,2,,,,,e,a,,,,,jump,walk
9992,act_101_92,empty_room,5.0,3,,b,,d,,a,,walk,,walk,,walk
7396,act_75_70,empty_room,2.4,1,,,e,,,,,,pick_up,,,
3719,act_38_56,meeting_room,2.4,1,,c,,,,,,walk,,,,
973,act_10_82,classroom,2.4,3,e,a,b,,,,nothing,nothing,nothing,,,
4580,act_47_26,meeting_room,2.4,3,,d,,a,,c,,stand_up,,walk,,sit_down
6517,act_66_82,meeting_room,5.0,3,e,,,,d,a,nothing,,,,walk,nothing
6699,act_68_66,meeting_room,5.0,4,,d,,a,b,c,,rotation,,jump,jump,rotation
720,act_8_27,classroom,2.4,2,,,e,a,,,,,walk,rotation,,
8249,act_84_32,empty_room,2.4,3,d,,,,c,e,wave,,,,stand_up,lie_down
6156,act_63_18,meeting_room,5.0,2,,,,,a,b,,,,,jump,stand_up
10650,act_108_57,empty_room,5.0,5,b,,d,e,a,c,rotation,,jump,jump,wave,rotation
3897,act_40_36,meeting_room,2.4,1,,,,b,,,,,,rotation,,
2804,act_29_32,classroom,5.0,3,,e,,b,,d,,lie_down,,sit_down,,wave
2567,act_26_92,classroom,5.0,2,,,c,d,,,,,walk,walk,,
4026,act_41_66,meeting_room,2.4,1,,,,,b,,,,,,jump,
6199,act_63_61,meeting_room,5.0,2,,,,,a,b,,,,,stand_up,pick_up
33,act_1_33,classroom,2.4,1,d,,,,,,lie_down,,,,,
9371,act_95_65,empty_room,5.0,1,,,,,b,,,,,,rotation,
9976,act_101_76,empty_room,5.0,3,,e,,b,,d,,jump,,wave,,jump
11080,act_204_91,meeting_room,5.0,0,,,,,,,,,,,,
4064,act_42_5,meeting_room,2.4,1,,,,,,a,,,,,,wave
10102,act_103_4,empty_room,5.0,4,a,b,c,d,,,jump,wave,lie_down,pick_up,,
7302,act_74_75,empty_room,2.4,1,,e,,,,,,rotation,,,,
5541,act_56_96,meeting_room,5.0,1,,b,,,,,,lie_down,,,,
1698,act_18_15,classroom,2.4,5,b,,d,e,a,c,lie_down,,sit_down,stand_up,nothing,pick_up
2793,act_29_21,classroom,5.0,3,,d,,a,,c,,jump,,lie_down,,rotation
8279,act_84_62,empty_room,2.4,3,b,,,,a,c,sit_down,,,,nothing,sit_down
2223,act_23_45,classroom,5.0,1,,,,,d,,,,,,jump,
5819,act_59_77,meeting_room,5.0,1,,,,,c,,,,,,lie_down,
10911,act_203_21,meeting_room,2.4,0,,,,,,,,,,,,
3765,act_39_3,meeting_room,2.4,1,,,c,,,,,,wave,,,
7670,act_78_47,empty_room,2.4,1,,,,,,a,,,,,,walk
3867,act_40_6,meeting_room,2.4,1,,,,d,,,,,,stand_up,,
8166,act_83_48,empty_room,2.4,3,,b,,d,,a,,rotation,,jump,,rotation
9780,act_99_78,empty_room,5.0,2,,,,,c,d,,,,,pick_up,lie_down
10092,act_102_93,empty_room,5.0,3,a,,,,e,b,rotation,,,,rotation,rotation
8354,act_85_38,empty_room,2.4,4,e,a,b,c,,,walk,rotation,jump,wave,,
2513,act_26_38,classroom,5.0,2,,,b,c,,,,,jump,wave,,
3759,act_38_96,meeting_room,2.4,1,,b,,,,,,lie_down,,,,
2832,act_29_60,classroom,5.0,3,,c,,e,,b,,lie_down,,pick_up,,lie_down
3228,act_33_60,classroom,5.0,4,b,,d,,a,c,lie_down,,pick_up,,sit_down,lie_down
4215,act_43_57,meeting_room,2.4,2,b,c,,,,,rotation,rotation,,,,
3924,act_40_63,meeting_room,2.4,1,,,,e,,,,,,nothing,,
3905,act_40_44,meeting_room,2.4,1,,,,c,,,,,,walk,,
2278,act_24_1,classroom,5.0,1,,,,,,a,,,,,,nothing
7002,act_71_72,meeting_room,5.0,5,,d,e,a,b,c,,stand_up,stand_up,nothing,nothing,stand_up
8445,act_86_30,empty_room,2.4,4,,e,,b,c,d,,jump,,lie_down,pick_up,rotation
1402,act_15_16,classroom,2.4,4,b,,d,,a,c,pick_up,,stand_up,,walk,sit_down
740,act_8_47,classroom,2.4,2,,,c,d,,,,,rotation,rotation,,
6553,act_67_19,meeting_room,5.0,4,c,d,e,a,,,nothing,walk,rotation,jump,,
4267,act_44_10,meeting_room,2.4,2,,,d,e,,,,,rotation,jump,,
11131,act_205_43,empty_room,2.4,0,,,,,,,,,,,,
7704,act_78_81,empty_room,2.4,1,,,,,,d,,,,,,stand_up
4980,act_51_30,meeting_room,2.4,4,d,,a,,c,e,rotation,,wave,,pick_up,jump
3254,act_33_86,classroom,5.0,4,e,,b,,d,a,wave,,wave,,lie_down,wave
3852,act_39_90,meeting_room,2.4,1,,,b,,,,,,stand_up,,,
9745,act_99_43,empty_room,5.0,2,,,,,d,e,,,,,walk,pick_up
2662,act_27_88,classroom,5.0,2,,,,,d,e,,,,,sit_down,pick_up
2159,act_22_80,classroom,5.0,1,,,,b,,,,,,stand_up,,
8470,act_86_55,empty_room,2.4,4,,c,,e,a,b,,nothing,,walk,rotation,nothing
675,act_7_81,classroom,2.4,2,d,e,,,,,stand_up,stand_up,,,,
7306,act_74_79,empty_room,2.4,1,,e,,,,,,pick_up,,,,
10163,act_103_65,empty_room,5.0,4,c,d,e,a,,,walk,walk,walk,rotation,,
7012,act_71_82,meeting_room,5.0,5,,a,b,c,d,e,,nothing,nothing,nothing,walk,nothing
8306,act_84_89,empty_room,2.4,3,e,,,,d,a,sit_down,,,,stand_up,sit_down
8093,act_82_74,empty_room,2.4,3,d,e,a,,,,walk,walk,walk,,,
3842,act_39_80,meeting_room,2.4,1,,,a,,,,,,sit_down,,,
1816,act_19_34,classroom,5.0,1,d,,,,,,pick_up,,,,,
9405,act_95_99,empty_room,5.0,1,,,,,e,,,,,,stand_up,
11101,act_205_13,empty_room,2.4,0,,,,,,,,,,,,
10393,act_105_97,empty_room,5.0,4,a,,c,,e,b,pick_up,,pick_up,,pick_up,pick_up
4654,act_48_1,meeting_room,2.4,3,a,,,,e,b,nothing,,,,wave,walk
3658,act_37_94,meeting_room,2.4,1,a,,,,,,jump,,,,,
2101,act_22_22,classroom,5.0,1,,,,a,,,,,,pick_up,,
9949,act_101_49,empty_room,5.0,3,,b,,d,,a,,jump,,wave,,jump
5164,act_53_16,meeting_room,2.4,5,,c,d,e,a,b,,sit_down,stand_up,nothing,walk,pick_up
6709,act_68_76,meeting_room,5.0,4,,e,,b,c,d,,jump,,wave,wave,jump
1674,act_17_90,classroom,2.4,5,,a,b,c,d,e,,stand_up,stand_up,stand_up,nothing,stand_up
2102,act_22_23,classroom,5.0,1,,,,a,,,,,,sit_down,,
4214,act_43_56,meeting_room,2.4,2,b,c,,,,,walk,walk,,,,
8859,act_90_48,empty_room,2.4,5,a,,c,d,e,b,rotation,,jump,jump,wave,rotation
8223,act_84_6,empty_room,2.4,3,a,,,,e,b,lie_down,,,,nothing,pick_up
1549,act_16_64,classroom,2.4,5,c,d,e,a,b,,nothing,nothing,nothing,walk,walk,
8977,act_91_67,empty_room,5.0,1,c,,,,,,jump,,,,,
8147,act_83_29,empty_room,2.4,3,,e,,b,,d,,rotation,,wave,,walk
3324,act_34_57,classroom,5.0,5,b,c,d,e,a,,rotation,rotation,jump,jump,wave,
9704,act_99_2,empty_room,5.0,2,,,,,e,a,,,,,lie_down,walk
356,act_4_59,classroom,2.4,1,,,,e,,,,,,lie_down,,
5185,act_53_37,meeting_room,2.4,5,,a,b,c,d,e,,walk,rotation,jump,wave,nothing
1462,act_15_76,classroom,2.4,4,d,,a,,c,e,jump,,jump,,wave,jump
9178,act_93_70,empty_room,5.0,1,,,e,,,,,,pick_up,,,
6632,act_67_98,meeting_room,5.0,4,a,b,c,d,,,sit_down,sit_down,sit_down,sit_down,,
10600,act_108_7,empty_room,5.0,5,a,,c,d,e,b,pick_up,,stand_up,nothing,walk,sit_down
3221,act_33_53,classroom,5.0,4,a,,c,,e,b,sit_down,,stand_up,,nothing,sit_down
940,act_10_49,classroom,2.4,3,a,b,c,,,,jump,jump,wave,,,
10510,act_107_16,empty_room,5.0,5,,c,d,e,a,b,,sit_down,stand_up,nothing,walk,pick_up
5148,act_52_99,meeting_room,2.4,5,a,b,c,d,e,,stand_up,stand_up,stand_up,stand_up,stand_up,
7171,act_73_43,empty_room,2.4,1,e,,,,,,pick_up,,,,,
6418,act_65_82,meeting_room,5.0,3,,a,,c,,e,,nothing,,nothing,,nothing
5924,act_60_83,meeting_room,5.0,1,,,,,,e,,,,,,walk
7431,act_76_6,empty_room,2.4,1,,,,d,,,,,,stand_up,,
11153,act_205_65,empty_room,2.4,0,,,,,,,,,,,,
1752,act_18_69,classroom,2.4,5,c,,e,a,b,d,lie_down,,lie_down,pick_up,pick_up,lie_down
3977,act_41_17,meeting_room,2.4,1,,,,,a,,,,,,rotation,
9619,act_98_16,empty_room,5.0,2,,,d,e,,,,,stand_up,nothing,,
1773,act_18_90,classroom,2.4,5,e,,b,c,d,a,stand_up,,stand_up,stand_up,nothing,stand_up
1197,act_13_9,classroom,2.4,4,a,b,c,d,,,stand_up,nothing,walk,rotation,,
1879,act_19_97,classroom,5.0,1,a,,,,,,pick_up,,,,,
2669,act_27_95,classroom,5.0,2,,,,,e,a,,,,,wave,wave
3172,act_33_4,classroom,5.0,4,a,,c,,e,b,jump,,lie_down,,sit_down,wave
2017,act_21_37,classroom,5.0,1,,,b,,,,,,rotation,,,
2006,act_21_26,classroom,5.0,1,,,e,,,,,,nothing,,,
9330,act_95_24,empty_room,5.0,1,,,,,b,,,,,,nothing,
3894,act_40_33,meeting_room,2.4,1,,,,b,,,,,,stand_up,,
11278,act_206_91,empty_room,5.0,0,,,,,,,,,,,,
3238,act_33_70,classroom,5.0,4,c,,e,,b,d,pick_up,,pick_up,,sit_down,pick_up
4425,act_45_69,meeting_room,2.4,2,,,,,b,c,,,,,pick_up,lie_down
4745,act_48_92,meeting_room,2.4,3,a,,,,e,b,walk,,,,walk,walk
7696,act_78_73,empty_room,2.4,1,,,,,,d,,,,,,nothing
10320,act_105_24,empty_room,5.0,4,c,,e,,b,d,lie_down,,sit_down,,nothing,pick_up
2079,act_21_99,classroom,5.0,1,,,c,,,,,,stand_up,,,
5220,act_53_72,meeting_room,2.4,5,,d,e,a,b,c,,stand_up,stand_up,nothing,nothing,stand_up
397,act_5_1,classroom,2.4,1,,,,,e,,,,,,wave,
2789,act_29_17,classroom,5.0,3,,c,,e,,b,,stand_up,,walk,,sit_down
2258,act_23_80,classroom,5.0,1,,,,,c,,,,,,stand_up,
10773,act_201_81,classroom,2.4,0,,,,,,,,,,,,
4073,act_42_14,meeting_room,2.4,1,,,,,,b,,,,,,wave
5575,act_57_31,meeting_room,5.0,1,,,a,,,,,,lie_down,,,
9739,act_99_37,empty_room,5.0,2,,,,,d,e,,,,,wave,nothing
10735,act_201_43,classroom,2.4,0,,,,,,,,,,,,
5356,act_55_10,meeting_room,5.0,1,b,,,,,,nothing,,,,,
8693,act_88_80,empty_room,2.4,5,d,e,a,b,c,,sit_down,sit_down,sit_down,stand_up,stand_up,
6094,act_62_55,meeting_room,5.0,2,,,d,e,,,,,walk,walk,,
7936,act_81_16,empty_room,2.4,2,,,,,a,b,,,,,walk,pick_up
9291,act_94_84,empty_room,5.0,1,,,,c,,,,,,rotation,,
1520,act_16_35,classroom,2.4,5,d,e,a,b,c,,sit_down,stand_up,nothing,walk,rotation,
9248,act_94_41,empty_room,5.0,1,,,,c,,,,,,sit_down,,
1379,act_14_92,classroom,2.4,4,,b,,d,e,a,,walk,,walk,walk,walk
5673,act_58_30,meeting_room,5.0,1,,,,b,,,,,,lie_down,,
1024,act_11_34,classroom,2.4,3,,e,,b,,d,,sit_down,,nothing,,pick_up
2588,act_27_14,classroom,5.0,2,,,,,a,b,,,,,stand_up,wave
9608,act_98_5,empty_room,5.0,2,,,c,d,,,,,pick_up,sit_down,,
11023,act_204_34,meeting_room,5.0,0,,,,,,,,,,,,
5622,act_57_78,meeting_room,5.0,1,,,a,,,,,,lie_down,,,
8929,act_91_19,empty_room,5.0,1,c,,,,,,nothing,,,,,
5009,act_51_59,meeting_room,2.4,4,b,,d,,a,c,wave,,lie_down,,pick_up,wave
2858,act_29_86,classroom,5.0,3,,a,,c,,e,,wave,,wave,,wave
9312,act_95_6,empty_room,5.0,1,,,,,e,,,,,,nothing,
5772,act_59_30,meeting_room,5.0,1,,,,,c,,,,,,pick_up,
5843,act_60_2,meeting_room,5.0,1,,,,,,a,,,,,,walk
7123,act_72_94,meeting_room,5.0,5,a,,c,d,e,b,jump,,jump,jump,jump,jump
8020,act_82_1,empty_room,2.4,3,a,b,c,,,,nothing,walk,rotation,,,
8654,act_88_41,empty_room,2.4,5,e,a,b,c,d,,wave,lie_down,pick_up,sit_down,stand_up,
5833,act_59_91,meeting_room,5.0,1,,,,,e,,,,,,nothing,
1630,act_17_46,classroom,2.4,5,,b,c,d,e,a,,nothing,walk,walk,rotation,nothing
4889,act_50_38,meeting_room,2.4,4,,a,,c,d,e,,rotation,,wave,lie_down,walk
4527,act_46_72,meeting_room,2.4,3,c,d,e,,,,stand_up,stand_up,stand_up,,,
3524,act_36_59,classroom,5.0,5,b,,d,e,a,c,wave,,lie_down,lie_down,pick_up,wave
5905,act_60_64,meeting_room,5.0,1,,,,,,c,,,,,,nothing
523,act_6_28,classroom,2.4,1,,,,,,d,,,,,,nothing
8044,act_82_25,empty_room,2.4,3,c,d,e,,,,pick_up,sit_down,stand_up,,,
3608,act_37_44,meeting_room,2.4,1,e,,,,,,sit_down,,,,,
10635,act_108_42,empty_room,5.0,5,e,,b,c,d,a,lie_down,,sit_down,stand_up,nothing,pick_up
5221,act_53_73,meeting_room,2.4,5,,e,a,b,c,d,,nothing,nothing,walk,walk,nothing
7181,act_73_53,empty_room,2.4,1,a,,,,,,sit_down,,,,,
235,act_3_37,classroom,2.4,1,,,b,,,,,,rotation,,,
3989,act_41_29,meeting_room,2.4,1,,,,,c,,,,,,lie_down,
3797,act_39_35,meeting_room,2.4,1,,,a,,,,,,nothing,,,
4119,act_42_60,meeting_room,2.4,1,,,,,,b,,,,,,lie_down
6319,act_64_82,meeting_room,5.0,3,e,a,b,,,,nothing,nothing,nothing,,,
5002,act_51_52,meeting_room,2.4,4,a,,c,,e,b,pick_up,,sit_down,,stand_up,pick_up
7095,act_72_66,meeting_room,5.0,5,c,,e,a,b,d,rotation,,rotation,jump,jump,rotation
6776,act_69_44,meeting_room,5.0,4,e,,b,,d,a,sit_down,,nothing,,rotation,stand_up
3801,act_39_39,meeting_room,2.4,1,,,b,,,,,,wave,,,
8883,act_90_72,empty_room,2.4,5,c,,e,a,b,d,stand_up,,stand_up,nothing,nothing,stand_up
3900,act_40_39,meeting_room,2.4,1,,,,c,,,,,,lie_down,,
5025,act_51_75,meeting_room,2.4,4,d,,a,,c,e,rotation,,rotation,,jump,rotation
1949,act_20_68,classroom,5.0,1,,d,,,,,,wave,,,,
6362,act_65_26,meeting_room,5.0,3,,d,,a,,c,,stand_up,,walk,,sit_down
471,act_5_75,classroom,2.4,1,,,,,c,,,,,,jump,
7866,act_80_45,empty_room,2.4,2,,,b,c,,,,,walk,rotation,,
2449,act_25_73,classroom,5.0,2,d,e,,,,,nothing,nothing,,,,
3493,act_36_28,classroom,5.0,5,d,,a,b,c,e,nothing,,rotation,jump,wave,walk
6835,act_70_4,meeting_room,5.0,5,a,b,c,d,e,,jump,wave,lie_down,pick_up,sit_down,
6092,act_62_53,meeting_room,5.0,2,,,c,d,,,,,stand_up,stand_up,,
7736,act_79_14,empty_room,2.4,2,b,c,,,,,wave,lie_down,,,,
2672,act_27_98,classroom,5.0,2,,,,,e,a,,,,,sit_down,sit_down
11060,act_204_71,meeting_room,5.0,0,,,,,,,,,,,,
2225,act_23_47,classroom,5.0,1,,,,,e,,,,,,jump,
1107,act_12_18,classroom,2.4,3,b,,,,a,c,stand_up,,,,jump,nothing
2189,act_23_11,classroom,5.0,1,,,,,a,,,,,,lie_down,
819,act_9_27,classroom,2.4,2,,,,,b,c,,,,,jump,stand_up
7055,act_72_26,meeting_room,5.0,5,c,,e,a,b,d,sit_down,,nothing,walk,rotation,stand_up
8355,act_85_39,empty_room,2.4,4,e,a,b,c,,,rotation,jump,wave,lie_down,,
6756,act_69_24,meeting_room,5.0,4,c,,e,,b,d,lie_down,,sit_down,,nothing,pick_up
5572,act_57_28,meeting_room,5.0,1,,,a,,,,,,rotation,,,
4524,act_46_69,meeting_room,2.4,3,c,d,e,,,,lie_down,lie_down,lie_down,,,
5794,act_59_52,meeting_room,5.0,1,,,,,e,,,,,,stand_up,
10596,act_108_3,empty_room,5.0,5,a,,c,d,e,b,rotation,,wave,lie_down,pick_up,jump
9920,act_101_20,empty_room,5.0,3,,d,,a,,c,,rotation,,wave,,walk
7827,act_80_6,empty_room,2.4,2,,,c,d,,,,,sit_down,stand_up,,
5739,act_58_96,meeting_room,5.0,1,,,,d,,,,,,lie_down,,
2625,act_27_51,classroom,5.0,2,,,,,e,a,,,,,sit_down,lie_down
4729,act_48_76,meeting_room,2.4,3,d,,,,c,e,jump,,,,wave,jump
7819,act_79_97,empty_room,2.4,2,a,b,,,,,pick_up,pick_up,,,,
10607,act_108_14,empty_room,5.0,5,b,,d,e,a,c,wave,,pick_up,sit_down,stand_up,lie_down
11189,act_206_2,empty_room,5.0,0,,,,,,,,,,,,
10294,act_104_97,empty_room,5.0,4,,b,,d,e,a,,pick_up,,pick_up,pick_up,pick_up
889,act_9_97,classroom,2.4,2,,,,,e,a,,,,,pick_up,pick_up
9053,act_92_44,empty_room,5.0,1,,a,,,,,,stand_up,,,,
10570,act_107_76,empty_room,5.0,5,,e,a,b,c,d,,jump,jump,wave,wave,jump
2438,act_25_62,classroom,5.0,2,b,c,,,,,sit_down,sit_down,,,,
6057,act_62_18,meeting_room,5.0,2,,,d,e,,,,,walk,rotation,,
6353,act_65_17,meeting_room,5.0,3,,c,,e,,b,,stand_up,,walk,,sit_down
3168,act_32_99,classroom,5.0,4,,b,,d,e,a,,stand_up,,stand_up,stand_up,stand_up
1810,act_19_28,classroom,5.0,1,d,,,,,,nothing,,,,,
9850,act_100_49,empty_room,5.0,3,a,b,c,,,,jump,jump,wave,,,
7162,act_73_34,empty_room,2.4,1,d,,,,,,pick_up,,,,,
5087,act_52_38,meeting_room,2.4,5,e,a,b,c,d,,walk,rotation,jump,wave,lie_down,
9446,act_96_41,empty_room,5.0,1,,,,,,e,,,,,,wave
7017,act_71_87,meeting_room,5.0,5,,a,b,c,d,e,,lie_down,lie_down,lie_down,pick_up,lie_down
9922,act_101_22,empty_room,5.0,3,,d,,a,,c,,wave,,pick_up,,jump
4946,act_50_95,meeting_room,2.4,4,,b,,d,e,a,,wave,,wave,wave,wave
6047,act_62_8,meeting_room,5.0,2,,,c,d,,,,,nothing,walk,,
10452,act_106_57,empty_room,5.0,5,b,c,d,e,a,,rotation,rotation,jump,jump,wave,
6920,act_70_89,meeting_room,5.0,5,e,a,b,c,d,,sit_down,sit_down,sit_down,sit_down,stand_up,
5591,act_57_47,meeting_room,5.0,1,,,c,,,,,,rotation,,,
7227,act_73_99,empty_room,2.4,1,a,,,,,,stand_up,,,,,
1229,act_13_41,classroom,2.4,4,e,a,b,c,,,wave,lie_down,pick_up,sit_down,,
8716,act_89_4,empty_room,2.4,5,,b,c,d,e,a,,wave,lie_down,pick_up,sit_down,jump
6847,act_70_16,meeting_room,5.0,5,b,c,d,e,a,,pick_up,sit_down,stand_up,nothing,walk,
6556,act_67_22,meeting_room,5.0,4,c,d,e,a,,,jump,wave,lie_down,pick_up,,
160,act_2_61,classroom,2.4,1,,c,,,,,,pick_up,,,,
1590,act_17_6,classroom,2.4,5,,b,c,d,e,a,,pick_up,sit_down,stand_up,nothing,lie_down
11104,act_205_16,empty_room,2.4,0,,,,,,,,,,,,
10710,act_201_18,classroom,2.4,0,,,,,,,,,,,,
10691,act_108_98,empty_room,5.0,5,a,,c,d,e,b,sit_down,,sit_down,sit_down,sit_down,sit_down
10539,act_107_45,empty_room,5.0,5,,a,b,c,d,e,,nothing,walk,rotation,jump,stand_up
6688,act_68_55,meeting_room,5.0,4,,c,,e,a,b,,nothing,,walk,rotation,nothing
10551,act_107_57,empty_room,5.0,5,,c,d,e,a,b,,rotation,jump,jump,wave,rotation
8522,act_87_8,empty_room,2.4,4,a,,c,,e,b,sit_down,,nothing,,rotation,stand_up
7481,act_76_56,empty_room,2.4,1,,,,e,,,,,,rotation,,
10455,act_106_60,empty_room,5.0,5,b,c,d,e,a,,lie_down,lie_down,pick_up,pick_up,sit_down,
1557,act_16_72,classroom,2.4,5,c,d,e,a,b,,stand_up,stand_up,stand_up,nothing,nothing,
2829,act_29_57,classroom,5.0,3,,c,,e,,b,,rotation,,jump,,rotation
437,act_5_41,classroom,2.4,1,,,,,d,,,,,,stand_up,
5790,act_59_48,meeting_room,5.0,1,,,,,e,,,,,,wave,
9231,act_94_24,empty_room,5.0,1,,,,a,,,,,,stand_up,,
1589,act_17_5,classroom,2.4,5,,b,c,d,e,a,,lie_down,pick_up,sit_down,stand_up,wave
7399,act_75_73,empty_room,2.4,1,,,a,,,,,,nothing,,,
2781,act_29_9,classroom,5.0,3,,b,,d,,a,,nothing,,rotation,,stand_up
10142,act_103_44,empty_room,5.0,4,e,a,b,c,,,sit_down,stand_up,nothing,walk,,
5687,act_58_44,meeting_room,5.0,1,,,,c,,,,,,walk,,
3966,act_41_6,meeting_room,2.4,1,,,,,e,,,,,,nothing,
4728,act_48_75,meeting_room,2.4,3,d,,,,c,e,rotation,,,,jump,rotation
1239,act_13_51,classroom,2.4,4,a,b,c,d,,,lie_down,lie_down,pick_up,pick_up,,
2952,act_30_81,classroom,5.0,3,d,,,,c,e,stand_up,,,,nothing,stand_up
8253,act_84_36,empty_room,2.4,3,d,,,,c,e,stand_up,,,,jump,nothing
8744,act_89_32,empty_room,2.4,5,,e,a,b,c,d,,lie_down,pick_up,sit_down,stand_up,wave
1498,act_16_13,classroom,2.4,5,b,c,d,e,a,,jump,wave,lie_down,pick_up,sit_down,
6466,act_66_31,meeting_room,5.0,3,d,,,,c,e,jump,,,,sit_down,wave
7356,act_75_30,empty_room,2.4,1,,,a,,,,,,wave,,,
7824,act_80_3,empty_room,2.4,2,,,c,d,,,,,wave,lie_down,,
7548,act_77_24,empty_room,2.4,1,,,,,b,,,,,,nothing,
7914,act_80_93,empty_room,2.4,2,,,c,d,,,,,rotation,rotation,,
9668,act_98_65,empty_room,5.0,2,,,e,a,,,,,walk,rotation,,
5186,act_53_38,meeting_room,2.4,5,,a,b,c,d,e,,rotation,jump,wave,lie_down,walk
5648,act_58_5,meeting_room,5.0,1,,,,d,,,,,,sit_down,,
5243,act_53_95,meeting_room,2.4,5,,b,c,d,e,a,,wave,wave,wave,wave,wave
2131,act_22_52,classroom,5.0,1,,,,d,,,,,,sit_down,,
2093,act_22_14,classroom,5.0,1,,,,e,,,,,,sit_down,,
5410,act_55_64,meeting_room,5.0,1,c,,,,,,nothing,,,,,
188,act_2_89,classroom,2.4,1,,a,,,,,,sit_down,,,,
7939,act_81_19,empty_room,2.4,2,,,,,b,c,,,,,wave,nothing
3656,act_37_92,meeting_room,2.4,1,a,,,,,,walk,,,,,
3427,act_35_61,classroom,5.0,5,,c,d,e,a,b,,pick_up,sit_down,sit_down,stand_up,pick_up
8741,act_89_29,empty_room,2.4,5,,e,a,b,c,d,,rotation,jump,wave,lie_down,walk
1382,act_14_95,classroom,2.4,4,,b,,d,e,a,,wave,,wave,wave,wave
8835,act_90_24,empty_room,2.4,5,c,,e,a,b,d,lie_down,,sit_down,stand_up,nothing,pick_up
7428,act_76_3,empty_room,2.4,1,,,,d,,,,,,lie_down,,
5038,act_51_88,meeting_room,2.4,4,e,,b,,d,a,pick_up,,pick_up,,sit_down,pick_up
4898,act_50_47,meeting_room,2.4,4,,b,,d,e,a,,walk,,rotation,jump,walk
3176,act_33_8,classroom,5.0,4,a,,c,,e,b,sit_down,,nothing,,rotation,stand_up
10139,act_103_41,empty_room,5.0,4,e,a,b,c,,,wave,lie_down,pick_up,sit_down,,
9036,act_92_27,empty_room,5.0,1,,d,,,,,,nothing,,,,
2236,act_23_58,classroom,5.0,1,,,,,a,,,,,,lie_down,
8069,act_82_50,empty_room,2.4,3,a,b,c,,,,wave,wave,lie_down,,,
4237,act_43_79,meeting_room,2.4,2,d,e,,,,,pick_up,pick_up,,,,
8391,act_85_75,empty_room,2.4,4,d,e,a,b,,,rotation,rotation,rotation,jump,,
8662,act_88_49,empty_room,2.4,5,a,b,c,d,e,,jump,jump,wave,wave,lie_down,
25,act_1_25,classroom,2.4,1,c,,,,,,pick_up,,,,,
3364,act_34_97,classroom,5.0,5,a,b,c,d,e,,pick_up,pick_up,pick_up,pick_up,pick_up,
1089,act_11_99,classroom,2.4,3,,b,,d,,a,,stand_up,,stand_up,,stand_up
10338,act_105_42,empty_room,5.0,4,e,,b,,d,a,lie_down,,sit_down,,nothing,pick_up
2842,act_29_70,classroom,5.0,3,,d,,a,,c,,pick_up,,sit_down,,pick_up
7538,act_77_14,empty_room,2.4,1,,,,,a,,,,,,stand_up,
7471,act_76_46,empty_room,2.4,1,,,,d,,,,,,walk,,
10522,act_107_28,empty_room,5.0,5,,e,a,b,c,d,,walk,rotation,jump,wave,nothing
4153,act_42_94,meeting_room,2.4,1,,,,,,a,,,,,,jump
696,act_8_3,classroom,2.4,2,,,c,d,,,,,wave,lie_down,,
10363,act_105_67,empty_room,5.0,4,c,,e,,b,d,jump,,jump,,wave,jump
6338,act_65_2,meeting_room,5.0,3,,b,,d,,a,,rotation,,wave,,walk
1228,act_13_40,classroom,2.4,4,e,a,b,c,,,jump,wave,lie_down,pick_up,,
2000,act_21_20,classroom,5.0,1,,,e,,,,,,jump,,,
277,act_3_79,classroom,2.4,1,,,a,,,,,,pick_up,,,
5930,act_60_89,meeting_room,5.0,1,,,,,,e,,,,,,sit_down
2954,act_30_83,classroom,5.0,3,e,,,,d,a,walk,,,,rotation,walk
3638,act_37_74,meeting_room,2.4,1,d,,,,,,walk,,,,,
3907,act_40_46,meeting_room,2.4,1,,,,d,,,,,,walk,,
4779,act_49_27,meeting_room,2.4,4,c,d,e,a,,,stand_up,nothing,walk,rotation,,
5846,act_60_5,meeting_room,5.0,1,,,,,,a,,,,,,wave
10950,act_203_60,meeting_room,2.4,0,,,,,,,,,,,,
4118,act_42_59,meeting_room,2.4,1,,,,,,b,,,,,,wave
1138,act_12_49,classroom,2.4,3,a,,,,e,b,jump,,,,lie_down,jump
2768,act_28_95,classroom,5.0,3,a,b,c,,,,wave,wave,wave,,,
8183,act_83_65,empty_room,2.4,3,,d,,a,,c,,walk,,rotation,,walk
8975,act_91_65,empty_room,5.0,1,c,,,,,,walk,,,,,
7662,act_78_39,empty_room,2.4,1,,,,,,e,,,,,,rotation
8410,act_85_94,empty_room,2.4,4,a,b,c,d,,,jump,jump,jump,jump,,
2491,act_26_16,classroom,5.0,2,,,d,e,,,,,stand_up,nothing,,
10929,act_203_39,meeting_room,2.4,0,,,,,,,,,,,,
7743,act_79_21,empty_room,2.4,2,c,d,,,,,rotation,jump,,,,
3936,act_40_75,meeting_room,2.4,1,,,,b,,,,,,jump,,
2385,act_25_9,classroom,5.0,2,a,b,,,,,stand_up,nothing,,,,
8017,act_81_97,empty_room,2.4,2,,,,,e,a,,,,,pick_up,pick_up
7085,act_72_56,meeting_room,5.0,5,b,,d,e,a,c,walk,,rotation,rotation,jump,walk
116,act_2_17,classroom,2.4,1,,c,,,,,,stand_up,,,,
1864,act_19_82,classroom,5.0,1,e,,,,,,nothing,,,,,
3120,act_32_51,classroom,5.0,4,,b,,d,e,a,,lie_down,,pick_up,sit_down,lie_down
4259,act_44_2,meeting_room,2.4,2,,,c,d,,,,,jump,wave,,
10423,act_106_28,empty_room,5.0,5,d,e,a,b,c,,nothing,walk,rotation,jump,wave,
2820,act_29_48,classroom,5.0,3,,b,,d,,a,,rotation,,jump,,rotation
8630,act_88_17,empty_room,2.4,5,b,c,d,e,a,,sit_down,stand_up,nothing,walk,rotation,
8497,act_86_82,empty_room,2.4,4,,a,,c,d,e,,nothing,,nothing,walk,nothing
10260,act_104_63,empty_room,5.0,4,,c,,e,a,b,,stand_up,,nothing,walk,stand_up
4700,act_48_47,meeting_room,2.4,3,a,,,,e,b,walk,,,,jump,walk
3803,act_39_41,meeting_room,2.4,1,,,b,,,,,,pick_up,,,
6069,act_62_30,meeting_room,5.0,2,,,a,b,,,,,wave,lie_down,,
3537,act_36_72,classroom,5.0,5,c,,e,a,b,d,stand_up,,stand_up,nothing,nothing,stand_up
3826,act_39_64,meeting_room,2.4,1,,,e,,,,,,nothing,,,
6643,act_68_10,meeting_room,5.0,4,,c,,e,a,b,,walk,,jump,wave,nothing
9758,act_99_56,empty_room,5.0,2,,,,,a,b,,,,,jump,walk
1947,act_20_66,classroom,5.0,1,,d,,,,,,rotation,,,,
9853,act_100_52,empty_room,5.0,3,a,b,c,,,,pick_up,pick_up,sit_down,,,
8639,act_88_26,empty_room,2.4,5,c,d,e,a,b,,sit_down,stand_up,nothing,walk,rotation,
9420,act_96_15,empty_room,5.0,1,,,,,,b,,,,,,lie_down
7270,act_74_43,empty_room,2.4,1,,a,,,,,,sit_down,,,,
8830,act_90_19,empty_room,2.4,5,c,,e,a,b,d,nothing,,rotation,jump,wave,walk
7930,act_81_10,empty_room,2.4,2,,,,,a,b,,,,,wave,nothing
7167,act_73_39,empty_room,2.4,1,e,,,,,,rotation,,,,,
6964,act_71_34,meeting_room,5.0,5,,e,a,b,c,d,,sit_down,stand_up,nothing,walk,pick_up
5868,act_60_27,meeting_room,5.0,1,,,,,,c,,,,,,stand_up
4762,act_49_10,meeting_room,2.4,4,b,c,d,e,,,nothing,walk,rotation,jump,,
883,act_9_91,classroom,2.4,2,,,,,e,a,,,,,nothing,nothing
558,act_6_63,classroom,2.4,1,,,,,,b,,,,,,stand_up
9175,act_93_67,empty_room,5.0,1,,,e,,,,,,jump,,,
1208,act_13_20,classroom,2.4,4,c,d,e,a,,,walk,rotation,jump,wave,,
7685,act_78_62,empty_room,2.4,1,,,,,,b,,,,,,sit_down
8743,act_89_31,empty_room,2.4,5,,e,a,b,c,d,,wave,lie_down,pick_up,sit_down,jump
6539,act_67_5,meeting_room,5.0,4,a,b,c,d,,,wave,lie_down,pick_up,sit_down,,
3212,act_33_44,classroom,5.0,4,e,,b,,d,a,sit_down,,nothing,,rotation,stand_up
3631,act_37_67,meeting_room,2.4,1,c,,,,,,jump,,,,,
1709,act_18_26,classroom,2.4,5,c,,e,a,b,d,sit_down,,nothing,walk,rotation,stand_up
1141,act_12_52,classroom,2.4,3,a,,,,e,b,pick_up,,,,stand_up,pick_up
3163,act_32_94,classroom,5.0,4,,b,,d,e,a,,jump,,jump,jump,jump
6208,act_63_70,meeting_room,5.0,2,,,,,b,c,,,,,sit_down,pick_up
3731,act_38_68,meeting_room,2.4,1,,d,,,,,,wave,,,,
2661,act_27_87,classroom,5.0,2,,,,,d,e,,,,,pick_up,lie_down
1308,act_14_21,classroom,2.4,4,,d,,a,b,c,,jump,,lie_down,pick_up,rotation
2568,act_26_93,classroom,5.0,2,,,c,d,,,,,rotation,rotation,,
2835,act_29_63,classroom,5.0,3,,c,,e,,b,,stand_up,,nothing,,stand_up
11216,act_206_29,empty_room,5.0,0,,,,,,,,,,,,
2152,act_22_73,classroom,5.0,1,,,,b,,,,,,walk,,
8828,act_90_17,empty_room,2.4,5,b,,d,e,a,c,sit_down,,nothing,walk,rotation,stand_up
3836,act_39_74,meeting_room,2.4,1,,,a,,,,,,walk,,,
10947,act_203_57,meeting_room,2.4,0,,,,,,,,,,,,
8674,act_88_61,empty_room,2.4,5,b,c,d,e,a,,pick_up,pick_up,sit_down,sit_down,stand_up,
9289,act_94_82,empty_room,5.0,1,,,,c,,,,,,nothing,,
5005,act_51_55,meeting_room,2.4,4,b,,d,,a,c,nothing,,walk,,rotation,nothing
6627,act_67_93,meeting_room,5.0,4,a,b,c,d,,,rotation,rotation,rotation,rotation,,
1628,act_17_44,classroom,2.4,5,,a,b,c,d,e,,stand_up,nothing,walk,rotation,sit_down
9049,act_92_40,empty_room,5.0,1,,a,,,,,,wave,,,,
11070,act_204_81,meeting_room,5.0,0,,,,,,,,,,,,
359,act_4_62,classroom,2.4,1,,,,e,,,,,,stand_up,,
139,act_2_40,classroom,2.4,1,,a,,,,,,wave,,,,
383,act_4_86,classroom,2.4,1,,,,c,,,,,,wave,,
9255,act_94_48,empty_room,5.0,1,,,,d,,,,,,jump,,
4858,act_50_7,meeting_room,2.4,4,,b,,d,e,a,,sit_down,,nothing,walk,pick_up
10492,act_106_97,empty_room,5.0,5,a,b,c,d,e,,pick_up,pick_up,pick_up,pick_up,pick_up,
1440,act_15_54,classroom,2.4,4,a,,c,,e,b,stand_up,,nothing,,walk,stand_up
947,act_10_56,classroom,2.4,3,b,c,d,,,,walk,walk,rotation,,,
5499,act_56_54,meeting_room,5.0,1,,b,,,,,,stand_up,,,,
4917,act_50_66,meeting_room,2.4,4,,d,,a,b,c,,rotation,,jump,jump,rotation
1933,act_20_52,classroom,5.0,1,,b,,,,,,pick_up,,,,
2353,act_24_76,classroom,5.0,1,,,,,,d,,,,,,jump
3237,act_33_69,classroom,5.0,4,c,,e,,b,d,lie_down,,lie_down,,pick_up,lie_down
10700,act_201_8,classroom,2.4,0,,,,,,,,,,,,
3808,act_39_46,meeting_room,2.4,1,,,c,,,,,,walk,,,
1937,act_20_56,classroom,5.0,1,,c,,,,,,walk,,,,
10055,act_102_56,empty_room,5.0,3,b,,,,a,c,walk,,,,jump,walk
4155,act_42_96,meeting_room,2.4,1,,,,,,a,,,,,,lie_down
2417,act_25_41,classroom,5.0,2,e,a,,,,,wave,lie_down,,,,
8664,act_88_51,empty_room,2.4,5,a,b,c,d,e,,lie_down,lie_down,pick_up,pick_up,sit_down,
6140,act_63_2,meeting_room,5.0,2,,,,,e,a,,,,,lie_down,walk
786,act_8_93,classroom,2.4,2,,,c,d,,,,,rotation,rotation,,
6790,act_69_58,meeting_room,5.0,4,b,,d,,a,c,jump,,wave,,lie_down,jump
8037,act_82_18,empty_room,2.4,3,b,c,d,,,,stand_up,nothing,walk,,,
8316,act_84_99,empty_room,2.4,3,a,,,,e,b,stand_up,,,,stand_up,stand_up
10684,act_108_91,empty_room,5.0,5,a,,c,d,e,b,nothing,,nothing,nothing,nothing,nothing
5669,act_58_26,meeting_room,5.0,1,,,,a,,,,,,walk,,
2173,act_22_94,classroom,5.0,1,,,,d,,,,,,jump,,
2170,act_22_91,classroom,5.0,1,,,,d,,,,,,nothing,,
6629,act_67_95,meeting_room,5.0,4,a,b,c,d,,,wave,wave,wave,wave,,
4010,act_41_50,meeting_room,2.4,1,,,,,e,,,,,,pick_up,
4341,act_44_84,meeting_room,2.4,2,,,b,c,,,,,rotation,rotation,,
911,act_10_20,classroom,2.4,3,c,d,e,,,,walk,rotation,jump,,,
6269,act_64_32,meeting_room,5.0,3,d,e,a,,,,wave,lie_down,pick_up,,,
2310,act_24_33,classroom,5.0,1,,,,,,d,,,,,,lie_down
6592,act_67_58,meeting_room,5.0,4,b,c,d,e,,,jump,jump,wave,wave,,
4459,act_46_4,meeting_room,2.4,3,a,b,c,,,,jump,wave,lie_down,,,
7598,act_77_74,empty_room,2.4,1,,,,,c,,,,,,rotation,
8695,act_88_82,empty_room,2.4,5,e,a,b,c,d,,nothing,nothing,nothing,nothing,walk,
10540,act_107_46,empty_room,5.0,5,,b,c,d,e,a,,nothing,walk,walk,rotation,nothing
4653,act_47_99,meeting_room,2.4,3,,b,,d,,a,,stand_up,,stand_up,,stand_up
6219,act_63_81,meeting_room,5.0,2,,,,,c,d,,,,,nothing,stand_up
443,act_5_47,classroom,2.4,1,,,,,e,,,,,,jump,
3416,act_35_50,classroom,5.0,5,,b,c,d,e,a,,wave,lie_down,lie_down,pick_up,wave
9871,act_100_70,empty_room,5.0,3,c,d,e,,,,pick_up,pick_up,pick_up,,,
8673,act_88_60,empty_room,2.4,5,b,c,d,e,a,,lie_down,lie_down,pick_up,pick_up,sit_down,
8867,act_90_56,empty_room,2.4,5,b,,d,e,a,c,walk,,rotation,rotation,jump,walk
5745,act_59_3,meeting_room,5.0,1,,,,,e,,,,,,pick_up,
1055,act_11_65,classroom,2.4,3,,d,,a,,c,,walk,,rotation,,walk
3700,act_38_37,meeting_room,2.4,1,,a,,,,,,walk,,,,
930,act_10_39,classroom,2.4,3,e,a,b,,,,rotation,jump,wave,,,
6469,act_66_34,meeting_room,5.0,3,d,,,,c,e,pick_up,,,,walk,sit_down
1830,act_19_48,classroom,5.0,1,a,,,,,,rotation,,,,,
8750,act_89_38,empty_room,2.4,5,,a,b,c,d,e,,rotation,jump,wave,lie_down,walk
9206,act_93_98,empty_room,5.0,1,,,c,,,,,,sit_down,,,
2012,act_21_32,classroom,5.0,1,,,a,,,,,,pick_up,,,
914,act_10_23,classroom,2.4,3,c,d,e,,,,wave,lie_down,pick_up,,,
7612,act_77_88,empty_room,2.4,1,,,,,d,,,,,,sit_down,
9306,act_94_99,empty_room,5.0,1,,,,d,,,,,,stand_up,,
9649,act_98_46,empty_room,5.0,2,,,c,d,,,,,walk,walk,,
2607,act_27_33,classroom,5.0,2,,,,,c,d,,,,,nothing,lie_down
4929,act_50_78,meeting_room,2.4,4,,e,,b,c,d,,lie_down,,pick_up,pick_up,lie_down
6565,act_67_31,meeting_room,5.0,4,d,e,a,b,,,jump,wave,lie_down,pick_up,,
9247,act_94_40,empty_room,5.0,1,,,,c,,,,,,pick_up,,
7,act_1_7,classroom,2.4,1,a,,,,,,pick_up,,,,,
7836,act_80_15,empty_room,2.4,2,,,d,e,,,,,sit_down,stand_up,,
6584,act_67_50,meeting_room,5.0,4,a,b,c,d,,,wave,wave,lie_down,lie_down,,
3362,act_34_95,classroom,5.0,5,a,b,c,d,e,,wave,wave,wave,wave,wave,
8823,act_90_12,empty_room,2.4,5,b,,d,e,a,c,rotation,,wave,lie_down,pick_up,jump
1636,act_17_52,classroom,2.4,5,,b,c,d,e,a,,pick_up,sit_down,sit_down,stand_up,pick_up
1142,act_12_53,classroom,2.4,3,a,,,,e,b,sit_down,,,,nothing,sit_down
360,act_4_63,classroom,2.4,1,,,,e,,,,,,nothing,,
2071,act_21_91,classroom,5.0,1,,,c,,,,,,nothing,,,
3135,act_32_66,classroom,5.0,4,,d,,a,b,c,,rotation,,jump,jump,rotation
5161,act_53_13,meeting_room,2.4,5,,c,d,e,a,b,,wave,lie_down,pick_up,sit_down,jump
6991,act_71_61,meeting_room,5.0,5,,c,d,e,a,b,,pick_up,sit_down,sit_down,stand_up,pick_up
3244,act_33_76,classroom,5.0,4,d,,a,,c,e,jump,,jump,,wave,jump
2243,act_23_65,classroom,5.0,1,,,,,b,,,,,,rotation,
1475,act_15_89,classroom,2.4,4,e,,b,,d,a,sit_down,,sit_down,,stand_up,sit_down
9695,act_98_92,empty_room,5.0,2,,,c,d,,,,,walk,walk,,
3260,act_33_92,classroom,5.0,4,a,,c,,e,b,walk,,walk,,walk,walk
4021,act_41_61,meeting_room,2.4,1,,,,,a,,,,,,stand_up,
9975,act_101_75,empty_room,5.0,3,,e,,b,,d,,rotation,,jump,,rotation
3501,act_36_36,classroom,5.0,5,d,,a,b,c,e,stand_up,,walk,rotation,jump,nothing
2659,act_27_85,classroom,5.0,2,,,,,d,e,,,,,wave,jump
9538,act_97_34,empty_room,5.0,2,d,e,,,,,pick_up,sit_down,,,,
1131,act_12_42,classroom,2.4,3,e,,,,d,a,lie_down,,,,nothing,pick_up
1820,act_19_38,classroom,5.0,1,e,,,,,,walk,,,,,
7462,act_76_37,empty_room,2.4,1,,,,c,,,,,,jump,,
8876,act_90_65,empty_room,2.4,5,c,,e,a,b,d,walk,,walk,rotation,rotation,walk
9759,act_99_57,empty_room,5.0,2,,,,,a,b,,,,,wave,rotation
9470,act_96_65,empty_room,5.0,1,,,,,,c,,,,,,walk
7065,act_72_36,meeting_room,5.0,5,d,,a,b,c,e,stand_up,,walk,rotation,jump,nothing
4319,act_44_62,meeting_room,2.4,2,,,d,e,,,,,stand_up,stand_up,,
4670,act_48_17,meeting_room,2.4,3,b,,,,a,c,sit_down,,,,rotation,stand_up
5477,act_56_32,meeting_room,5.0,1,,e,,,,,,lie_down,,,,
11099,act_205_11,empty_room,2.4,0,,,,,,,,,,,,
9899,act_100_98,empty_room,5.0,3,a,b,c,,,,sit_down,sit_down,sit_down,,,
1857,act_19_75,classroom,5.0,1,d,,,,,,rotation,,,,,
2283,act_24_6,classroom,5.0,1,,,,,,a,,,,,,lie_down
9820,act_100_19,empty_room,5.0,3,c,d,e,,,,nothing,walk,rotation,,,
4009,act_41_49,meeting_room,2.4,1,,,,,e,,,,,,lie_down,
6402,act_65_66,meeting_room,5.0,3,,d,,a,,c,,rotation,,jump,,rotation
11202,act_206_15,empty_room,5.0,0,,,,,,,,,,,,
10467,act_106_72,empty_room,5.0,5,c,d,e,a,b,,stand_up,stand_up,stand_up,nothing,nothing,
387,act_4_90,classroom,2.4,1,,,,c,,,,,,stand_up,,
1629,act_17_45,classroom,2.4,5,,a,b,c,d,e,,nothing,walk,rotation,jump,stand_up
9514,act_97_10,empty_room,5.0,2,b,c,,,,,nothing,walk,,,,
10528,act_107_34,empty_room,5.0,5,,e,a,b,c,d,,sit_down,stand_up,nothing,walk,pick_up
7719,act_78_96,empty_room,2.4,1,,,,,,a,,,,,,lie_down
8690,act_88_77,empty_room,2.4,5,d,e,a,b,c,,wave,wave,wave,lie_down,lie_down,
11251,act_206_64,empty_room,5.0,0,,,,,,,,,,,,
1843,act_19_61,classroom,5.0,1,b,,,,,,pick_up,,,,,
2498,act_26_23,classroom,5.0,2,,,e,a,,,,,pick_up,sit_down,,
202,act_3_4,classroom,2.4,1,,,c,,,,,,lie_down,,,
9080,act_92_71,empty_room,5.0,1,,d,,,,,,sit_down,,,,
3869,act_40_8,meeting_room,2.4,1,,,,d,,,,,,walk,,
5055,act_52_6,meeting_room,2.4,5,a,b,c,d,e,,lie_down,pick_up,sit_down,stand_up,nothing,
5890,act_60_49,meeting_room,5.0,1,,,,,,a,,,,,,jump
2703,act_28_30,classroom,5.0,3,d,e,a,,,,rotation,jump,wave,,,
7923,act_81_3,empty_room,2.4,2,,,,,e,a,,,,,pick_up,rotation
332,act_4_35,classroom,2.4,1,,,,b,,,,,,walk,,
3809,act_39_47,meeting_room,2.4,1,,,c,,,,,,rotation,,,
936,act_10_45,classroom,2.4,3,e,a,b,,,,stand_up,nothing,walk,,,
1775,act_18_92,classroom,2.4,5,a,,c,d,e,b,walk,,walk,walk,walk,walk
8905,act_90_94,empty_room,2.4,5,a,,c,d,e,b,jump,,jump,jump,jump,jump
10328,act_105_32,empty_room,5.0,4,d,,a,,c,e,wave,,pick_up,,stand_up,lie_down
990,act_10_99,classroom,2.4,3,a,b,c,,,,stand_up,stand_up,stand_up,,,
5444,act_55_98,meeting_room,5.0,1,a,,,,,,sit_down,,,,,
9418,act_96_13,empty_room,5.0,1,,,,,,b,,,,,,jump
6994,act_71_64,meeting_room,5.0,5,,d,e,a,b,c,,nothing,nothing,walk,walk,nothing
9962,act_101_62,empty_room,5.0,3,,c,,e,,b,,sit_down,,stand_up,,sit_down
5807,act_59_65,meeting_room,5.0,1,,,,,b,,,,,,rotation,
10322,act_105_26,empty_room,5.0,4,c,,e,,b,d,sit_down,,nothing,,rotation,stand_up
9825,act_100_24,empty_room,5.0,3,c,d,e,,,,lie_down,pick_up,sit_down,,,
6575,act_67_41,meeting_room,5.0,4,e,a,b,c,,,wave,lie_down,pick_up,sit_down,,
3053,act_31_83,classroom,5.0,4,e,a,b,c,,,walk,walk,walk,walk,,
9801,act_99_99,empty_room,5.0,2,,,,,e,a,,,,,stand_up,stand_up
8366,act_85_50,empty_room,2.4,4,a,b,c,d,,,wave,wave,lie_down,lie_down,,
4616,act_47_62,meeting_room,2.4,3,,c,,e,,b,,sit_down,,stand_up,,sit_down
3322,act_34_55,classroom,5.0,5,b,c,d,e,a,,nothing,nothing,walk,walk,rotation,
8599,act_87_85,empty_room,2.4,4,e,,b,,d,a,jump,,jump,,wave,jump
6247,act_64_10,meeting_room,5.0,3,b,c,d,,,,nothing,walk,rotation,,,
6049,act_62_10,meeting_room,5.0,2,,,d,e,,,,,rotation,jump,,
3312,act_34_45,classroom,5.0,5,e,a,b,c,d,,stand_up,nothing,walk,rotation,jump,
8803,act_89_91,empty_room,2.4,5,,b,c,d,e,a,,nothing,nothing,nothing,nothing,nothing
10592,act_107_98,empty_room,5.0,5,,b,c,d,e,a,,sit_down,sit_down,sit_down,sit_down,sit_down
8211,act_83_93,empty_room,2.4,3,,b,,d,,a,,rotation,,rotation,,rotation
3629,act_37_65,meeting_room,2.4,1,c,,,,,,walk,,,,,
10011,act_102_12,empty_room,5.0,3,b,,,,a,c,rotation,,,,pick_up,jump
1357,act_14_70,classroom,2.4,4,,d,,a,b,c,,pick_up,,sit_down,sit_down,pick_up
5003,act_51_53,meeting_room,2.4,4,a,,c,,e,b,sit_down,,stand_up,,nothing,sit_down
9199,act_93_91,empty_room,5.0,1,,,c,,,,,,nothing,,,
5824,act_59_82,meeting_room,5.0,1,,,,,d,,,,,,walk,
10919,act_203_29,meeting_room,2.4,0,,,,,,,,,,,,
5671,act_58_28,meeting_room,5.0,1,,,,b,,,,,,jump,,
3113,act_32_44,classroom,5.0,4,,a,,c,d,e,,stand_up,,walk,rotation,sit_down
183,act_2_84,classroom,2.4,1,,a,,,,,,rotation,,,,
10006,act_102_7,empty_room,5.0,3,a,,,,e,b,pick_up,,,,walk,sit_down
856,act_9_64,classroom,2.4,2,,,,,b,c,,,,,walk,nothing
9521,act_97_17,empty_room,5.0,2,b,c,,,,,sit_down,stand_up,,,,
4913,act_50_62,meeting_room,2.4,4,,c,,e,a,b,,sit_down,,stand_up,nothing,sit_down
9641,act_98_38,empty_room,5.0,2,,,b,c,,,,,jump,wave,,
1801,act_19_19,classroom,5.0,1,c,,,,,,nothing,,,,,
10447,act_106_52,empty_room,5.0,5,a,b,c,d,e,,pick_up,pick_up,sit_down,sit_down,stand_up,
5483,act_56_38,meeting_room,5.0,1,,a,,,,,,rotation,,,,
9416,act_96_11,empty_room,5.0,1,,,,,,b,,,,,,walk
1969,act_20_88,classroom,5.0,1,,a,,,,,,pick_up,,,,
9409,act_96_4,empty_room,5.0,1,,,,,,a,,,,,,jump
9216,act_94_9,empty_room,5.0,1,,,,d,,,,,,rotation,,
4698,act_48_45,meeting_room,2.4,3,e,,,,d,a,stand_up,,,,jump,nothing
4988,act_51_38,meeting_room,2.4,4,e,,b,,d,a,walk,,jump,,lie_down,rotation
4651,act_47_97,meeting_room,2.4,3,,b,,d,,a,,pick_up,,pick_up,,pick_up
1160,act_12_71,classroom,2.4,3,c,,,,b,d,sit_down,,,,stand_up,sit_down
8760,act_89_48,empty_room,2.4,5,,b,c,d,e,a,,rotation,jump,jump,wave,rotation
1326,act_14_39,classroom,2.4,4,,a,,c,d,e,,jump,,lie_down,pick_up,rotation
8898,act_90_87,empty_room,2.4,5,e,,b,c,d,a,lie_down,,lie_down,lie_down,pick_up,lie_down
4797,act_49_45,meeting_room,2.4,4,e,a,b,c,,,stand_up,nothing,walk,rotation,,
6797,act_69_65,meeting_room,5.0,4,c,,e,,b,d,walk,,walk,,rotation,walk
5809,act_59_67,meeting_room,5.0,1,,,,,b,,,,,,wave,
11134,act_205_46,empty_room,2.4,0,,,,,,,,,,,,
1456,act_15_70,classroom,2.4,4,c,,e,,b,d,pick_up,,pick_up,,sit_down,pick_up
5411,act_55_65,meeting_room,5.0,1,c,,,,,,walk,,,,,
8334,act_85_18,empty_room,2.4,4,b,c,d,e,,,stand_up,nothing,walk,rotation,,
2801,act_29_29,classroom,5.0,3,,e,,b,,d,,rotation,,wave,,walk
7617,act_77_93,empty_room,2.4,1,,,,,e,,,,,,rotation,
10106,act_103_8,empty_room,5.0,4,a,b,c,d,,,sit_down,stand_up,nothing,walk,,
7816,act_79_94,empty_room,2.4,2,a,b,,,,,jump,jump,,,,
4379,act_45_23,meeting_room,2.4,2,,,,,b,c,,,,,stand_up,wave
8996,act_91_86,empty_room,5.0,1,e,,,,,,wave,,,,,
6717,act_68_84,meeting_room,5.0,4,,a,,c,d,e,,rotation,,rotation,jump,rotation
3737,act_38_74,meeting_room,2.4,1,,e,,,,,,walk,,,,
2262,act_23_84,classroom,5.0,1,,,,,d,,,,,,jump,
7430,act_76_5,empty_room,2.4,1,,,,d,,,,,,sit_down,,
4006,act_41_46,meeting_room,2.4,1,,,,,e,,,,,,rotation,
2395,act_25_19,classroom,5.0,2,c,d,,,,,nothing,walk,,,,
1186,act_12_97,classroom,2.4,3,a,,,,e,b,pick_up,,,,pick_up,pick_up
2008,act_21_28,classroom,5.0,1,,,a,,,,,,rotation,,,
194,act_2_95,classroom,2.4,1,,b,,,,,,wave,,,,
5526,act_56_81,meeting_room,5.0,1,,e,,,,,,stand_up,,,,
772,act_8_79,classroom,2.4,2,,,a,b,,,,,pick_up,sit_down,,
1479,act_15_93,classroom,2.4,4,a,,c,,e,b,rotation,,rotation,,rotation,rotation
1847,act_19_65,classroom,5.0,1,c,,,,,,walk,,,,,
3741,act_38_78,meeting_room,2.4,1,,e,,,,,,lie_down,,,,
7987,act_81_67,empty_room,2.4,2,,,,,b,c,,,,,wave,jump
406,act_5_10,classroom,2.4,1,,,,,a,,,,,,wave,
10770,act_201_78,classroom,2.4,0,,,,,,,,,,,,
9653,act_98_50,empty_room,5.0,2,,,c,d,,,,,lie_down,lie_down,,
6318,act_64_81,meeting_room,5.0,3,d,e,a,,,,stand_up,stand_up,stand_up,,,
6582,act_67_48,meeting_room,5.0,4,a,b,c,d,,,rotation,rotation,jump,jump,,
1448,act_15_62,classroom,2.4,4,b,,d,,a,c,sit_down,,stand_up,,nothing,sit_down
343,act_4_46,classroom,2.4,1,,,,d,,,,,,walk,,
7469,act_76_44,empty_room,2.4,1,,,,c,,,,,,walk,,
728,act_8_35,classroom,2.4,2,,,a,b,,,,,nothing,walk,,
4578,act_47_24,meeting_room,2.4,3,,d,,a,,c,,pick_up,,stand_up,,lie_down
3517,act_36_52,classroom,5.0,5,a,,c,d,e,b,pick_up,,sit_down,sit_down,stand_up,pick_up
10520,act_107_26,empty_room,5.0,5,,d,e,a,b,c,,stand_up,nothing,walk,rotation,sit_down
9120,act_93_12,empty_room,5.0,1,,,d,,,,,,wave,,,
7157,act_73_29,empty_room,2.4,1,d,,,,,,walk,,,,,
7852,act_80_31,empty_room,2.4,2,,,a,b,,,,,lie_down,pick_up,,
1349,act_14_62,classroom,2.4,4,,c,,e,a,b,,sit_down,,stand_up,nothing,sit_down
661,act_7_67,classroom,2.4,2,c,d,,,,,jump,jump,,,,
1493,act_16_8,classroom,2.4,5,a,b,c,d,e,,sit_down,stand_up,nothing,walk,rotation,
9627,act_98_24,empty_room,5.0,2,,,e,a,,,,,sit_down,stand_up,,
5155,act_53_7,meeting_room,2.4,5,,b,c,d,e,a,,sit_down,stand_up,nothing,walk,pick_up
10817,act_202_26,classroom,5.0,0,,,,,,,,,,,,
2525,act_26_50,classroom,5.0,2,,,c,d,,,,,lie_down,lie_down,,
8711,act_88_98,empty_room,2.4,5,a,b,c,d,e,,sit_down,sit_down,sit_down,sit_down,sit_down,
9564,act_97_60,empty_room,5.0,2,b,c,,,,,lie_down,lie_down,,,,
5375,act_55_29,meeting_room,5.0,1,d,,,,,,walk,,,,,
3199,act_33_31,classroom,5.0,4,d,,a,,c,e,jump,,lie_down,,sit_down,wave
5718,act_58_75,meeting_room,5.0,1,,,,b,,,,,,jump,,
8619,act_88_6,empty_room,2.4,5,a,b,c,d,e,,lie_down,pick_up,sit_down,stand_up,nothing,
10535,act_107_41,empty_room,5.0,5,,a,b,c,d,e,,lie_down,pick_up,sit_down,stand_up,wave
9295,act_94_88,empty_room,5.0,1,,,,c,,,,,,pick_up,,
8260,act_84_43,empty_room,2.4,3,e,,,,d,a,pick_up,,,,walk,sit_down
9089,act_92_80,empty_room,5.0,1,,e,,,,,,sit_down,,,,
41,act_1_41,classroom,2.4,1,e,,,,,,wave,,,,,
9983,act_101_83,empty_room,5.0,3,,a,,c,,e,,walk,,walk,,walk
6817,act_69_85,meeting_room,5.0,4,e,,b,,d,a,jump,,jump,,wave,jump
8875,act_90_64,empty_room,2.4,5,c,,e,a,b,d,nothing,,nothing,walk,walk,nothing
9230,act_94_23,empty_room,5.0,1,,,,a,,,,,,sit_down,,
2724,act_28_51,classroom,5.0,3,a,b,c,,,,lie_down,lie_down,pick_up,,,
10370,act_105_74,empty_room,5.0,4,d,,a,,c,e,walk,,walk,,rotation,walk
9682,act_98_79,empty_room,5.0,2,,,a,b,,,,,pick_up,sit_down,,
10992,act_204_3,meeting_room,5.0,0,,,,,,,,,,,,
7156,act_73_28,empty_room,2.4,1,d,,,,,,nothing,,,,,
8688,act_88_75,empty_room,2.4,5,d,e,a,b,c,,rotation,rotation,rotation,jump,jump,
10413,act_106_18,empty_room,5.0,5,b,c,d,e,a,,stand_up,nothing,walk,rotation,jump,
7231,act_74_4,empty_room,2.4,1,,b,,,,,,wave,,,,
5076,act_52_27,meeting_room,2.4,5,c,d,e,a,b,,stand_up,nothing,walk,rotation,jump,
7881,act_80_60,empty_room,2.4,2,,,d,e,,,,,pick_up,pick_up,,
5395,act_55_49,meeting_room,5.0,1,a,,,,,,jump,,,,,
9655,act_98_52,empty_room,5.0,2,,,c,d,,,,,sit_down,sit_down,,
7790,act_79_68,empty_room,2.4,2,c,d,,,,,wave,wave,,,,
10547,act_107_53,empty_room,5.0,5,,b,c,d,e,a,,sit_down,stand_up,stand_up,nothing,sit_down
4089,act_42_30,meeting_room,2.4,1,,,,,,d,,,,,,rotation
1968,act_20_87,classroom,5.0,1,,a,,,,,,lie_down,,,,
10150,act_103_52,empty_room,5.0,4,a,b,c,d,,,pick_up,pick_up,sit_down,sit_down,,
9942,act_101_42,empty_room,5.0,3,,a,,c,,e,,pick_up,,stand_up,,lie_down
10827,act_202_36,classroom,5.0,0,,,,,,,,,,,,
7000,act_71_70,meeting_room,5.0,5,,d,e,a,b,c,,pick_up,pick_up,sit_down,sit_down,pick_up
424,act_5_28,classroom,2.4,1,,,,,c,,,,,,wave,
10463,act_106_68,empty_room,5.0,5,c,d,e,a,b,,wave,wave,wave,lie_down,lie_down,
9684,act_98_81,empty_room,5.0,2,,,a,b,,,,,stand_up,nothing,,
6143,act_63_5,meeting_room,5.0,2,,,,,e,a,,,,,stand_up,wave
5662,act_58_19,meeting_room,5.0,1,,,,a,,,,,,jump,,
4597,act_47_43,meeting_room,2.4,3,,a,,c,,e,,sit_down,,nothing,,pick_up
2660,act_27_86,classroom,5.0,2,,,,,d,e,,,,,lie_down,wave
142,act_2_43,classroom,2.4,1,,a,,,,,,sit_down,,,,
2598,act_27_24,classroom,5.0,2,,,,,b,c,,,,,nothing,lie_down
6702,act_68_69,meeting_room,5.0,4,,d,,a,b,c,,lie_down,,pick_up,pick_up,lie_down
1378,act_14_91,classroom,2.4,4,,b,,d,e,a,,nothing,,nothing,nothing,nothing
3675,act_38_12,meeting_room,2.4,1,,c,,,,,,jump,,,,
11167,act_205_79,empty_room,2.4,0,,,,,,,,,,,,
6363,act_65_27,meeting_room,5.0,3,,d,,a,,c,,nothing,,rotation,,stand_up
10575,act_107_81,empty_room,5.0,5,,e,a,b,c,d,,stand_up,stand_up,nothing,nothing,stand_up
4742,act_48_89,meeting_room,2.4,3,e,,,,d,a,sit_down,,,,stand_up,sit_down
1139,act_12_50,classroom,2.4,3,a,,,,e,b,wave,,,,pick_up,wave
7375,act_75_49,empty_room,2.4,1,,,c,,,,,,wave,,,
1788,act_19_6,classroom,5.0,1,a,,,,,,lie_down,,,,,
9837,act_100_36,empty_room,5.0,3,d,e,a,,,,stand_up,nothing,walk,,,
4647,act_47_93,meeting_room,2.4,3,,b,,d,,a,,rotation,,rotation,,rotation
7569,act_77_45,empty_room,2.4,1,,,,,d,,,,,,jump,
460,act_5_64,classroom,2.4,1,,,,,b,,,,,,walk,
6116,act_62_77,meeting_room,5.0,2,,,a,b,,,,,wave,lie_down,,
8180,act_83_62,empty_room,2.4,3,,c,,e,,b,,sit_down,,stand_up,,sit_down
949,act_10_58,classroom,2.4,3,b,c,d,,,,jump,jump,wave,,,
6371,act_65_35,meeting_room,5.0,3,,e,,b,,d,,stand_up,,walk,,sit_down
4629,act_47_75,meeting_room,2.4,3,,e,,b,,d,,rotation,,jump,,rotation
7359,act_75_33,empty_room,2.4,1,,,a,,,,,,sit_down,,,
5926,act_60_85,meeting_room,5.0,1,,,,,,e,,,,,,jump
6041,act_62_2,meeting_room,5.0,2,,,c,d,,,,,jump,wave,,
442,act_5_46,classroom,2.4,1,,,,,e,,,,,,rotation,
6660,act_68_27,meeting_room,5.0,4,,d,,a,b,c,,nothing,,rotation,jump,stand_up
3831,act_39_69,meeting_room,2.4,1,,,e,,,,,,lie_down,,,
10610,act_108_17,empty_room,5.0,5,b,,d,e,a,c,sit_down,,nothing,walk,rotation,stand_up
6145,act_63_7,meeting_room,5.0,2,,,,,e,a,,,,,walk,pick_up
10217,act_104_20,empty_room,5.0,4,,d,,a,b,c,,rotation,,wave,lie_down,walk
6345,act_65_9,meeting_room,5.0,3,,b,,d,,a,,nothing,,rotation,,stand_up
1959,act_20_78,classroom,5.0,1,,e,,,,,,lie_down,,,,
156,act_2_57,classroom,2.4,1,,c,,,,,,rotation,,,,
4579,act_47_25,meeting_room,2.4,3,,d,,a,,c,,sit_down,,nothing,,pick_up
1090,act_12_1,classroom,2.4,3,a,,,,e,b,nothing,,,,wave,walk
6050,act_62_11,meeting_room,5.0,2,,,d,e,,,,,jump,wave,,
7951,act_81_31,empty_room,2.4,2,,,,,c,d,,,,,sit_down,jump
1675,act_17_91,classroom,2.4,5,,b,c,d,e,a,,nothing,nothing,nothing,nothing,nothing
6764,act_69_32,meeting_room,5.0,4,d,,a,,c,e,wave,,pick_up,,stand_up,lie_down
9464,act_96_59,empty_room,5.0,1,,,,,,b,,,,,,wave
6417,act_65_81,meeting_room,5.0,3,,e,,b,,d,,stand_up,,nothing,,stand_up
2327,act_24_50,classroom,5.0,1,,,,,,a,,,,,,wave
7097,act_72_68,meeting_room,5.0,5,c,,e,a,b,d,wave,,wave,lie_down,lie_down,wave
9697,act_98_94,empty_room,5.0,2,,,c,d,,,,,jump,jump,,
8899,act_90_88,empty_room,2.4,5,e,,b,c,d,a,pick_up,,pick_up,pick_up,sit_down,pick_up
6451,act_66_16,meeting_room,5.0,3,b,,,,a,c,pick_up,,,,walk,sit_down
1716,act_18_33,classroom,2.4,5,d,,a,b,c,e,lie_down,,sit_down,stand_up,nothing,pick_up
8382,act_85_66,empty_room,2.4,4,c,d,e,a,,,rotation,rotation,rotation,jump,,
3832,act_39_70,meeting_room,2.4,1,,,e,,,,,,pick_up,,,
6300,act_64_63,meeting_room,5.0,3,b,c,d,,,,stand_up,stand_up,nothing,,,
3349,act_34_82,classroom,5.0,5,e,a,b,c,d,,nothing,nothing,nothing,nothing,walk,
10748,act_201_56,classroom,2.4,0,,,,,,,,,,,,
588,act_6_93,classroom,2.4,1,,,,,,a,,,,,,rotation
10752,act_201_60,classroom,2.4,0,,,,,,,,,,,,
2991,act_31_21,classroom,5.0,4,c,d,e,a,,,rotation,jump,wave,lie_down,,
10478,act_106_83,empty_room,5.0,5,e,a,b,c,d,,walk,walk,walk,walk,rotation,
8937,act_91_27,empty_room,5.0,1,c,,,,,,stand_up,,,,,
10021,act_102_22,empty_room,5.0,3,c,,,,b,d,jump,,,,sit_down,wave
265,act_3_67,classroom,2.4,1,,,e,,,,,,jump,,,
8923,act_91_13,empty_room,5.0,1,b,,,,,,jump,,,,,
6789,act_69_57,meeting_room,5.0,4,b,,d,,a,c,rotation,,jump,,wave,rotation
9800,act_99_98,empty_room,5.0,2,,,,,e,a,,,,,sit_down,sit_down
3865,act_40_4,meeting_room,2.4,1,,,,d,,,,,,pick_up,,
6275,act_64_38,meeting_room,5.0,3,e,a,b,,,,walk,rotation,jump,,,
11063,act_204_74,meeting_room,5.0,0,,,,,,,,,,,,
3712,act_38_49,meeting_room,2.4,1,,b,,,,,,jump,,,,
8439,act_86_24,empty_room,2.4,4,,d,,a,b,c,,pick_up,,stand_up,nothing,lie_down
1530,act_16_45,classroom,2.4,5,e,a,b,c,d,,stand_up,nothing,walk,rotation,jump,
9277,act_94_70,empty_room,5.0,1,,,,a,,,,,,sit_down,,
924,act_10_33,classroom,2.4,3,d,e,a,,,,lie_down,pick_up,sit_down,,,
9658,act_98_55,empty_room,5.0,2,,,d,e,,,,,walk,walk,,
7330,act_75_4,empty_room,2.4,1,,,c,,,,,,lie_down,,,
4365,act_45_9,meeting_room,2.4,2,,,,,e,a,,,,,jump,stand_up
670,act_7_76,classroom,2.4,2,d,e,,,,,jump,jump,,,,
3605,act_37_41,meeting_room,2.4,1,e,,,,,,wave,,,,,
5109,act_52_60,meeting_room,2.4,5,b,c,d,e,a,,lie_down,lie_down,pick_up,pick_up,sit_down,
5249,act_54_2,meeting_room,2.4,5,a,,c,d,e,b,walk,,jump,wave,lie_down,rotation
7184,act_73_56,empty_room,2.4,1,b,,,,,,walk,,,,,
2592,act_27_18,classroom,5.0,2,,,,,a,b,,,,,jump,stand_up
5907,act_60_66,meeting_room,5.0,1,,,,,,c,,,,,,rotation
6510,act_66_75,meeting_room,5.0,3,d,,,,c,e,rotation,,,,jump,rotation
7134,act_73_6,empty_room,2.4,1,a,,,,,,lie_down,,,,,
2308,act_24_31,classroom,5.0,1,,,,,,d,,,,,,jump
3691,act_38_28,meeting_room,2.4,1,,e,,,,,,walk,,,,
688,act_7_94,classroom,2.4,2,a,b,,,,,jump,jump,,,,
613,act_7_19,classroom,2.4,2,c,d,,,,,nothing,walk,,,,
7168,act_73_40,empty_room,2.4,1,e,,,,,,jump,,,,,
8932,act_91_22,empty_room,5.0,1,c,,,,,,jump,,,,,
3201,act_33_33,classroom,5.0,4,d,,a,,c,e,lie_down,,sit_down,,nothing,pick_up
6630,act_67_96,meeting_room,5.0,4,a,b,c,d,,,lie_down,lie_down,lie_down,lie_down,,
4136,act_42_77,meeting_room,2.4,1,,,,,,d,,,,,,wave
1899,act_20_18,classroom,5.0,1,,c,,,,,,nothing,,,,
283,act_3_85,classroom,2.4,1,,,b,,,,,,jump,,,
259,act_3_61,classroom,2.4,1,,,d,,,,,,sit_down,,,
10642,act_108_49,empty_room,5.0,5,a,,c,d,e,b,jump,,wave,wave,lie_down,jump
4944,act_50_93,meeting_room,2.4,4,,b,,d,e,a,,rotation,,rotation,rotation,rotation
2823,act_29_51,classroom,5.0,3,,b,,d,,a,,lie_down,,pick_up,,lie_down
3526,act_36_61,classroom,5.0,5,b,,d,e,a,c,pick_up,,sit_down,sit_down,stand_up,pick_up
10904,act_203_14,meeting_room,2.4,0,,,,,,,,,,,,
5224,act_53_76,meeting_room,2.4,5,,e,a,b,c,d,,jump,jump,wave,wave,jump
2286,act_24_9,classroom,5.0,1,,,,,,a,,,,,,stand_up
6064,act_62_25,meeting_room,5.0,2,,,e,a,,,,,stand_up,nothing,,
8079,act_82_60,empty_room,2.4,3,b,c,d,,,,lie_down,lie_down,pick_up,,,
4655,act_48_2,meeting_room,2.4,3,a,,,,e,b,walk,,,,lie_down,rotation
5001,act_51_51,meeting_room,2.4,4,a,,c,,e,b,lie_down,,pick_up,,sit_down,lie_down
6711,act_68_78,meeting_room,5.0,4,,e,,b,c,d,,lie_down,,pick_up,pick_up,lie_down
10533,act_107_39,empty_room,5.0,5,,a,b,c,d,e,,jump,wave,lie_down,pick_up,rotation
8677,act_88_64,empty_room,2.4,5,c,d,e,a,b,,nothing,nothing,nothing,walk,walk,
5417,act_55_71,meeting_room,5.0,1,c,,,,,,sit_down,,,,,
476,act_5_80,classroom,2.4,1,,,,,c,,,,,,stand_up,
2556,act_26_81,classroom,5.0,2,,,a,b,,,,,stand_up,nothing,,
8088,act_82_69,empty_room,2.4,3,c,d,e,,,,lie_down,lie_down,lie_down,,,
8,act_1_8,classroom,2.4,1,a,,,,,,sit_down,,,,,
6412,act_65_76,meeting_room,5.0,3,,e,,b,,d,,jump,,wave,,jump
10348,act_105_52,empty_room,5.0,4,a,,c,,e,b,pick_up,,sit_down,,stand_up,pick_up
10067,act_102_68,empty_room,5.0,3,c,,,,b,d,wave,,,,lie_down,wave
5547,act_57_3,meeting_room,5.0,1,,,c,,,,,,wave,,,
2427,act_25_51,classroom,5.0,2,a,b,,,,,lie_down,lie_down,,,,
6745,act_69_13,meeting_room,5.0,4,b,,d,,a,c,jump,,lie_down,,sit_down,wave
10869,act_202_78,classroom,5.0,0,,,,,,,,,,,,
2275,act_23_97,classroom,5.0,1,,,,,e,,,,,,pick_up,
1578,act_16_93,classroom,2.4,5,a,b,c,d,e,,rotation,rotation,rotation,rotation,rotation,
7265,act_74_38,empty_room,2.4,1,,a,,,,,,rotation,,,,
3971,act_41_11,meeting_room,2.4,1,,,,,a,,,,,,lie_down,
5880,act_60_39,meeting_room,5.0,1,,,,,,e,,,,,,rotation
9509,act_97_5,empty_room,5.0,2,a,b,,,,,wave,lie_down,,,,
10537,act_107_43,empty_room,5.0,5,,a,b,c,d,e,,sit_down,stand_up,nothing,walk,pick_up
7194,act_73_66,empty_room,2.4,1,c,,,,,,rotation,,,,,
3868,act_40_7,meeting_room,2.4,1,,,,d,,,,,,nothing,,
10632,act_108_39,empty_room,5.0,5,e,,b,c,d,a,rotation,,wave,lie_down,pick_up,jump
6824,act_69_92,meeting_room,5.0,4,a,,c,,e,b,walk,,walk,,walk,walk
7549,act_77_25,empty_room,2.4,1,,,,,b,,,,,,walk,
782,act_8_89,classroom,2.4,2,,,b,c,,,,,sit_down,sit_down,,
1750,act_18_67,classroom,2.4,5,c,,e,a,b,d,jump,,jump,wave,wave,jump
6520,act_66_85,meeting_room,5.0,3,e,,,,d,a,jump,,,,wave,jump
5775,act_59_33,meeting_room,5.0,1,,,,,c,,,,,,nothing,
2325,act_24_48,classroom,5.0,1,,,,,,a,,,,,,rotation
5056,act_52_7,meeting_room,2.4,5,a,b,c,d,e,,pick_up,sit_down,stand_up,nothing,walk,
10183,act_103_85,empty_room,5.0,4,e,a,b,c,,,jump,jump,jump,jump,,
1728,act_18_45,classroom,2.4,5,e,,b,c,d,a,stand_up,,walk,rotation,jump,nothing
611,act_7_17,classroom,2.4,2,b,c,,,,,sit_down,stand_up,,,,
4667,act_48_14,meeting_room,2.4,3,b,,,,a,c,wave,,,,stand_up,lie_down
5414,act_55_68,meeting_room,5.0,1,c,,,,,,wave,,,,,
8104,act_82_85,empty_room,2.4,3,e,a,b,,,,jump,jump,jump,,,
8175,act_83_57,empty_room,2.4,3,,c,,e,,b,,rotation,,jump,,rotation
8536,act_87_22,empty_room,2.4,4,c,,e,,b,d,jump,,lie_down,,sit_down,wave
3751,act_38_88,meeting_room,2.4,1,,a,,,,,,pick_up,,,,
98,act_1_98,classroom,2.4,1,a,,,,,,sit_down,,,,,
6986,act_71_56,meeting_room,5.0,5,,c,d,e,a,b,,walk,rotation,rotation,jump,walk
3138,act_32_69,classroom,5.0,4,,d,,a,b,c,,lie_down,,pick_up,pick_up,lie_down
1538,act_16_53,classroom,2.4,5,a,b,c,d,e,,sit_down,sit_down,stand_up,stand_up,nothing,
3649,act_37_85,meeting_room,2.4,1,e,,,,,,jump,,,,,
1518,act_16_33,classroom,2.4,5,d,e,a,b,c,,lie_down,pick_up,sit_down,stand_up,nothing,
10562,act_107_68,empty_room,5.0,5,,d,e,a,b,c,,wave,wave,lie_down,lie_down,wave
4625,act_47_71,meeting_room,2.4,3,,d,,a,,c,,sit_down,,stand_up,,sit_down
6567,act_67_33,meeting_room,5.0,4,d,e,a,b,,,lie_down,pick_up,sit_down,stand_up,,
2091,act_22_12,classroom,5.0,1,,,,e,,,,,,lie_down,,
7098,act_72_69,meeting_room,5.0,5,c,,e,a,b,d,lie_down,,lie_down,pick_up,pick_up,lie_down
6172,act_63_34,meeting_room,5.0,2,,,,,c,d,,,,,walk,pick_up
7522,act_76_97,empty_room,2.4,1,,,,d,,,,,,pick_up,,
573,act_6_78,classroom,2.4,1,,,,,,d,,,,,,lie_down
10242,act_104_45,empty_room,5.0,4,,a,,c,d,e,,nothing,,rotation,jump,stand_up
3063,act_31_93,classroom,5.0,4,a,b,c,d,,,rotation,rotation,rotation,rotation,,
598,act_7_4,classroom,2.4,2,a,b,,,,,jump,wave,,,,
6634,act_68_1,meeting_room,5.0,4,,b,,d,e,a,,walk,,jump,wave,nothing
7876,act_80_55,empty_room,2.4,2,,,d,e,,,,,walk,walk,,
7346,act_75_20,empty_room,2.4,1,,,e,,,,,,jump,,,
6305,act_64_68,meeting_room,5.0,3,c,d,e,,,,wave,wave,wave,,,
9076,act_92_67,empty_room,5.0,1,,d,,,,,,jump,,,,
10661,act_108_68,empty_room,5.0,5,c,,e,a,b,d,wave,,wave,lie_down,lie_down,wave
5977,act_61_37,meeting_room,5.0,2,e,a,,,,,nothing,walk,,,,
8563,act_87_49,empty_room,2.4,4,a,,c,,e,b,jump,,wave,,lie_down,jump
1939,act_20_58,classroom,5.0,1,,c,,,,,,jump,,,,
8101,act_82_82,empty_room,2.4,3,e,a,b,,,,nothing,nothing,nothing,,,
1754,act_18_71,classroom,2.4,5,c,,e,a,b,d,sit_down,,sit_down,stand_up,stand_up,sit_down
3671,act_38_8,meeting_room,2.4,1,,b,,,,,,stand_up,,,,
9082,act_92_73,empty_room,5.0,1,,e,,,,,,nothing,,,,
2362,act_24_85,classroom,5.0,1,,,,,,e,,,,,,jump
4261,act_44_4,meeting_room,2.4,2,,,c,d,,,,,lie_down,pick_up,,
5433,act_55_87,meeting_room,5.0,1,e,,,,,,lie_down,,,,,
6286,act_64_49,meeting_room,5.0,3,a,b,c,,,,jump,jump,wave,,,
9064,act_92_55,empty_room,5.0,1,,c,,,,,,nothing,,,,
10689,act_108_96,empty_room,5.0,5,a,,c,d,e,b,lie_down,,lie_down,lie_down,lie_down,lie_down
8864,act_90_53,empty_room,2.4,5,a,,c,d,e,b,sit_down,,stand_up,stand_up,nothing,sit_down
9661,act_98_58,empty_room,5.0,2,,,d,e,,,,,wave,wave,,
5592,act_57_48,meeting_room,5.0,1,,,c,,,,,,jump,,,
1172,act_12_83,classroom,2.4,3,e,,,,d,a,walk,,,,rotation,walk
7928,act_81_8,empty_room,2.4,2,,,,,e,a,,,,,rotation,sit_down
9708,act_99_6,empty_room,5.0,2,,,,,e,a,,,,,nothing,lie_down
10563,act_107_69,empty_room,5.0,5,,d,e,a,b,c,,lie_down,lie_down,pick_up,pick_up,lie_down
9146,act_93_38,empty_room,5.0,1,,,b,,,,,,jump,,,
10347,act_105_51,empty_room,5.0,4,a,,c,,e,b,lie_down,,pick_up,,sit_down,lie_down
875,act_9_83,classroom,2.4,2,,,,,d,e,,,,,rotation,walk
2298,act_24_21,classroom,5.0,1,,,,,,c,,,,,,rotation
10505,act_107_11,empty_room,5.0,5,,c,d,e,a,b,,rotation,jump,wave,lie_down,walk
2644,act_27_70,classroom,5.0,2,,,,,b,c,,,,,sit_down,pick_up
5348,act_55_2,meeting_room,5.0,1,a,,,,,,walk,,,,,
11211,act_206_24,empty_room,5.0,0,,,,,,,,,,,,
582,act_6_87,classroom,2.4,1,,,,,,e,,,,,,lie_down
205,act_3_7,classroom,2.4,1,,,c,,,,,,stand_up,,,
7897,act_80_76,empty_room,2.4,2,,,a,b,,,,,jump,wave,,
2015,act_21_35,classroom,5.0,1,,,a,,,,,,nothing,,,
906,act_10_15,classroom,2.4,3,b,c,d,,,,lie_down,pick_up,sit_down,,,
632,act_7_38,classroom,2.4,2,e,a,,,,,walk,rotation,,,,
8462,act_86_47,empty_room,2.4,4,,b,,d,e,a,,walk,,rotation,jump,walk
9419,act_96_14,empty_room,5.0,1,,,,,,b,,,,,,wave
1975,act_20_94,classroom,5.0,1,,b,,,,,,jump,,,,
163,act_2_64,classroom,2.4,1,,d,,,,,,nothing,,,,
4999,act_51_49,meeting_room,2.4,4,a,,c,,e,b,jump,,wave,,lie_down,jump
4714,act_48_61,meeting_room,2.4,3,b,,,,a,c,pick_up,,,,stand_up,pick_up
1432,act_15_46,classroom,2.4,4,a,,c,,e,b,nothing,,walk,,rotation,nothing
6869,act_70_38,meeting_room,5.0,5,e,a,b,c,d,,walk,rotation,jump,wave,lie_down,
10317,act_105_21,empty_room,5.0,4,c,,e,,b,d,rotation,,wave,,pick_up,jump
7711,act_78_88,empty_room,2.4,1,,,,,,e,,,,,,pick_up
7737,act_79_15,empty_room,2.4,2,b,c,,,,,lie_down,pick_up,,,,
4284,act_44_27,meeting_room,2.4,2,,,e,a,,,,,walk,rotation,,
7532,act_77_8,empty_room,2.4,1,,,,,e,,,,,,rotation,
9001,act_91_91,empty_room,5.0,1,a,,,,,,nothing,,,,,
3385,act_35_19,classroom,5.0,5,,d,e,a,b,c,,walk,rotation,jump,wave,nothing
10800,act_202_9,classroom,5.0,0,,,,,,,,,,,,
9187,act_93_79,empty_room,5.0,1,,,a,,,,,,pick_up,,,
9417,act_96_12,empty_room,5.0,1,,,,,,b,,,,,,rotation
7463,act_76_38,empty_room,2.4,1,,,,c,,,,,,wave,,
3332,act_34_65,classroom,5.0,5,c,d,e,a,b,,walk,walk,walk,rotation,rotation,
6405,act_65_69,meeting_room,5.0,3,,d,,a,,c,,lie_down,,pick_up,,lie_down
2097,act_22_18,classroom,5.0,1,,,,e,,,,,,rotation,,
9484,act_96_79,empty_room,5.0,1,,,,,,d,,,,,,pick_up
8000,act_81_80,empty_room,2.4,2,,,,,c,d,,,,,stand_up,sit_down
5018,act_51_68,meeting_room,2.4,4,c,,e,,b,d,wave,,wave,,lie_down,wave
8739,act_89_27,empty_room,2.4,5,,d,e,a,b,c,,nothing,walk,rotation,jump,stand_up
1450,act_15_64,classroom,2.4,4,c,,e,,b,d,nothing,,nothing,,walk,nothing
6901,act_70_70,meeting_room,5.0,5,c,d,e,a,b,,pick_up,pick_up,pick_up,sit_down,sit_down,
2611,act_27_37,classroom,5.0,2,,,,,d,e,,,,,wave,nothing
1901,act_20_20,classroom,5.0,1,,d,,,,,,rotation,,,,
8187,act_83_69,empty_room,2.4,3,,d,,a,,c,,lie_down,,pick_up,,lie_down
3921,act_40_60,meeting_room,2.4,1,,,,e,,,,,,pick_up,,
2758,act_28_85,classroom,5.0,3,e,a,b,,,,jump,jump,jump,,,
6398,act_65_62,meeting_room,5.0,3,,c,,e,,b,,sit_down,,stand_up,,sit_down
9786,act_99_84,empty_room,5.0,2,,,,,d,e,,,,,jump,rotation
2098,act_22_19,classroom,5.0,1,,,,a,,,,,,jump,,
8330,act_85_14,empty_room,2.4,4,b,c,d,e,,,wave,lie_down,pick_up,sit_down,,
10673,act_108_80,empty_room,5.0,5,d,,a,b,c,e,sit_down,,sit_down,stand_up,stand_up,sit_down
5625,act_57_81,meeting_room,5.0,1,,,a,,,,,,stand_up,,,
3472,act_36_7,classroom,5.0,5,a,,c,d,e,b,pick_up,,stand_up,nothing,walk,sit_down
8267,act_84_50,empty_room,2.4,3,a,,,,e,b,wave,,,,pick_up,wave
2172,act_22_93,classroom,5.0,1,,,,d,,,,,,rotation,,
10424,act_106_29,empty_room,5.0,5,d,e,a,b,c,,walk,rotation,jump,wave,lie_down,
10369,act_105_73,empty_room,5.0,4,d,,a,,c,e,nothing,,nothing,,walk,nothing
8591,act_87_77,empty_room,2.4,4,d,,a,,c,e,wave,,wave,,lie_down,wave
2011,act_21_31,classroom,5.0,1,,,a,,,,,,lie_down,,,
11051,act_204_62,meeting_room,5.0,0,,,,,,,,,,,,
1284,act_13_96,classroom,2.4,4,a,b,c,d,,,lie_down,lie_down,lie_down,lie_down,,
10839,act_202_48,classroom,5.0,0,,,,,,,,,,,,
1020,act_11_30,classroom,2.4,3,,e,,b,,d,,jump,,lie_down,,rotation
8668,act_88_55,empty_room,2.4,5,b,c,d,e,a,,nothing,nothing,walk,walk,rotation,
2811,act_29_39,classroom,5.0,3,,a,,c,,e,,jump,,lie_down,,rotation
9746,act_99_44,empty_room,5.0,2,,,,,d,e,,,,,rotation,sit_down
1652,act_17_68,classroom,2.4,5,,d,e,a,b,c,,wave,wave,lie_down,lie_down,wave
10854,act_202_63,classroom,5.0,0,,,,,,,,,,,,
1170,act_12_81,classroom,2.4,3,d,,,,c,e,stand_up,,,,nothing,stand_up
6257,act_64_20,meeting_room,5.0,3,c,d,e,,,,walk,rotation,jump,,,
5470,act_56_25,meeting_room,5.0,1,,d,,,,,,sit_down,,,,
9857,act_100_56,empty_room,5.0,3,b,c,d,,,,walk,walk,rotation,,,
868,act_9_76,classroom,2.4,2,,,,,c,d,,,,,wave,jump
5094,act_52_45,meeting_room,2.4,5,e,a,b,c,d,,stand_up,nothing,walk,rotation,jump,
5434,act_55_88,meeting_room,5.0,1,e,,,,,,pick_up,,,,,
542,act_6_47,classroom,2.4,1,,,,,,a,,,,,,walk
11100,act_205_12,empty_room,2.4,0,,,,,,,,,,,,
6355,act_65_19,meeting_room,5.0,3,,d,,a,,c,,walk,,jump,,nothing
10544,act_107_50,empty_room,5.0,5,,b,c,d,e,a,,wave,lie_down,lie_down,pick_up,wave
3391,act_35_25,classroom,5.0,5,,d,e,a,b,c,,sit_down,stand_up,nothing,walk,pick_up
9086,act_92_77,empty_room,5.0,1,,e,,,,,,wave,,,,
11210,act_206_23,empty_room,5.0,0,,,,,,,,,,,,
3960,act_40_99,meeting_room,2.4,1,,,,d,,,,,,stand_up,,
6644,act_68_11,meeting_room,5.0,4,,c,,e,a,b,,rotation,,wave,lie_down,walk
6842,act_70_11,meeting_room,5.0,5,b,c,d,e,a,,walk,rotation,jump,wave,lie_down,
10891,act_203_1,meeting_room,2.4,0,,,,,,,,,,,,
3587,act_37_23,meeting_room,2.4,1,c,,,,,,wave,,,,,
9129,act_93_21,empty_room,5.0,1,,,e,,,,,,wave,,,
2564,act_26_89,classroom,5.0,2,,,b,c,,,,,sit_down,sit_down,,
5037,act_51_87,meeting_room,2.4,4,e,,b,,d,a,lie_down,,lie_down,,pick_up,lie_down
1081,act_11_91,classroom,2.4,3,,b,,d,,a,,nothing,,nothing,,nothing
5892,act_60_51,meeting_room,5.0,1,,,,,,a,,,,,,lie_down
4967,act_51_17,meeting_room,2.4,4,b,,d,,a,c,sit_down,,nothing,,rotation,stand_up
2024,act_21_44,classroom,5.0,1,,,b,,,,,,nothing,,,
10221,act_104_24,empty_room,5.0,4,,d,,a,b,c,,pick_up,,stand_up,nothing,lie_down
7910,act_80_89,empty_room,2.4,2,,,b,c,,,,,sit_down,sit_down,,
9849,act_100_48,empty_room,5.0,3,a,b,c,,,,rotation,rotation,jump,,,
7322,act_74_95,empty_room,2.4,1,,b,,,,,,wave,,,,
227,act_3_29,classroom,2.4,1,,,a,,,,,,jump,,,
1014,act_11_24,classroom,2.4,3,,d,,a,,c,,pick_up,,stand_up,,lie_down
1930,act_20_49,classroom,5.0,1,,b,,,,,,jump,,,,
5252,act_54_5,meeting_room,2.4,5,a,,c,d,e,b,wave,,pick_up,sit_down,stand_up,lie_down
2180,act_23_2,classroom,5.0,1,,,,,e,,,,,,lie_down,
698,act_8_5,classroom,2.4,2,,,c,d,,,,,pick_up,sit_down,,
1125,act_12_36,classroom,2.4,3,d,,,,c,e,stand_up,,,,jump,nothing
7379,act_75_53,empty_room,2.4,1,,,c,,,,,,stand_up,,,
9271,act_94_64,empty_room,5.0,1,,,,a,,,,,,walk,,
5111,act_52_62,meeting_room,2.4,5,b,c,d,e,a,,sit_down,sit_down,stand_up,stand_up,nothing,
7903,act_80_82,empty_room,2.4,2,,,b,c,,,,,nothing,nothing,,
1779,act_18_96,classroom,2.4,5,a,,c,d,e,b,lie_down,,lie_down,lie_down,lie_down,lie_down
9618,act_98_15,empty_room,5.0,2,,,d,e,,,,,sit_down,stand_up,,
2635,act_27_61,classroom,5.0,2,,,,,a,b,,,,,stand_up,pick_up
7545,act_77_21,empty_room,2.4,1,,,,,b,,,,,,pick_up,
7605,act_77_81,empty_room,2.4,1,,,,,c,,,,,,nothing,
3490,act_36_25,classroom,5.0,5,c,,e,a,b,d,pick_up,,stand_up,nothing,walk,sit_down
1038,act_11_48,classroom,2.4,3,,b,,d,,a,,rotation,,jump,,rotation
9241,act_94_34,empty_room,5.0,1,,,,b,,,,,,nothing,,
8506,act_86_91,empty_room,2.4,4,,b,,d,e,a,,nothing,,nothing,nothing,nothing
2650,act_27_76,classroom,5.0,2,,,,,c,d,,,,,wave,jump
2980,act_31_10,classroom,5.0,4,b,c,d,e,,,nothing,walk,rotation,jump,,
2548,act_26_73,classroom,5.0,2,,,a,b,,,,,nothing,walk,,
5133,act_52_84,meeting_room,2.4,5,e,a,b,c,d,,rotation,rotation,rotation,rotation,jump,
2160,act_22_81,classroom,5.0,1,,,,b,,,,,,nothing,,
6446,act_66_11,meeting_room,5.0,3,b,,,,a,c,walk,,,,lie_down,rotation
3968,act_41_8,meeting_room,2.4,1,,,,,e,,,,,,rotation,
1429,act_15_43,classroom,2.4,4,e,,b,,d,a,pick_up,,stand_up,,walk,sit_down
9500,act_96_95,empty_room,5.0,1,,,,,,a,,,,,,wave
2521,act_26_46,classroom,5.0,2,,,c,d,,,,,walk,walk,,
8034,act_82_15,empty_room,2.4,3,b,c,d,,,,lie_down,pick_up,sit_down,,,
9747,act_99_45,empty_room,5.0,2,,,,,d,e,,,,,jump,stand_up
11138,act_205_50,empty_room,2.4,0,,,,,,,,,,,,
449,act_5_53,classroom,2.4,1,,,,,e,,,,,,nothing,
9578,act_97_74,empty_room,5.0,2,d,e,,,,,walk,walk,,,,
5996,act_61_56,meeting_room,5.0,2,b,c,,,,,walk,walk,,,,
9140,act_93_32,empty_room,5.0,1,,,a,,,,,,pick_up,,,
3728,act_38_65,meeting_room,2.4,1,,d,,,,,,walk,,,,
7354,act_75_28,empty_room,2.4,1,,,a,,,,,,rotation,,,
8554,act_87_40,empty_room,2.4,4,e,,b,,d,a,jump,,lie_down,,sit_down,wave
6280,act_64_43,meeting_room,5.0,3,e,a,b,,,,pick_up,sit_down,stand_up,,,
10096,act_102_97,empty_room,5.0,3,a,,,,e,b,pick_up,,,,pick_up,pick_up
7296,act_74_69,empty_room,2.4,1,,d,,,,,,lie_down,,,,
6252,act_64_15,meeting_room,5.0,3,b,c,d,,,,lie_down,pick_up,sit_down,,,
5927,act_60_86,meeting_room,5.0,1,,,,,,e,,,,,,wave
2461,act_25_85,classroom,5.0,2,e,a,,,,,jump,jump,,,,
23,act_1_23,classroom,2.4,1,c,,,,,,wave,,,,,
2067,act_21_87,classroom,5.0,1,,,b,,,,,,lie_down,,,
1654,act_17_70,classroom,2.4,5,,d,e,a,b,c,,pick_up,pick_up,sit_down,sit_down,pick_up
8895,act_90_84,empty_room,2.4,5,e,,b,c,d,a,rotation,,rotation,rotation,jump,rotation
8707,act_88_94,empty_room,2.4,5,a,b,c,d,e,,jump,jump,jump,jump,jump,
1377,act_14_90,classroom,2.4,4,,a,,c,d,e,,stand_up,,stand_up,nothing,stand_up
1725,act_18_42,classroom,2.4,5,e,,b,c,d,a,lie_down,,sit_down,stand_up,nothing,pick_up
3755,act_38_92,meeting_room,2.4,1,,b,,,,,,walk,,,,
8653,act_88_40,empty_room,2.4,5,e,a,b,c,d,,jump,wave,lie_down,pick_up,sit_down,
4184,act_43_26,meeting_room,2.4,2,c,d,,,,,sit_down,stand_up,,,,
4083,act_42_24,meeting_room,2.4,1,,,,,,c,,,,,,lie_down
8475,act_86_60,empty_room,2.4,4,,c,,e,a,b,,lie_down,,pick_up,sit_down,lie_down
6580,act_67_46,meeting_room,5.0,4,a,b,c,d,,,nothing,nothing,walk,walk,,
4559,act_47_5,meeting_room,2.4,3,,b,,d,,a,,lie_down,,sit_down,,wave
3538,act_36_73,classroom,5.0,5,d,,a,b,c,e,nothing,,nothing,walk,walk,nothing
7004,act_71_74,meeting_room,5.0,5,,e,a,b,c,d,,walk,walk,rotation,rotation,walk
10696,act_201_4,classroom,2.4,0,,,,,,,,,,,,
9297,act_94_90,empty_room,5.0,1,,,,c,,,,,,stand_up,,
8790,act_89_78,empty_room,2.4,5,,e,a,b,c,d,,lie_down,lie_down,pick_up,pick_up,lie_down
647,act_7_53,classroom,2.4,2,a,b,,,,,sit_down,sit_down,,,,
6382,act_65_46,meeting_room,5.0,3,,b,,d,,a,,nothing,,walk,,nothing
7528,act_77_4,empty_room,2.4,1,,,,,e,,,,,,sit_down,
10949,act_203_59,meeting_room,2.4,0,,,,,,,,,,,,
7166,act_73_38,empty_room,2.4,1,e,,,,,,walk,,,,,
9020,act_92_11,empty_room,5.0,1,,c,,,,,,rotation,,,,
7698,act_78_75,empty_room,2.4,1,,,,,,d,,,,,,rotation
10623,act_108_30,empty_room,5.0,5,d,,a,b,c,e,rotation,,wave,lie_down,pick_up,jump
4876,act_50_25,meeting_room,2.4,4,,d,,a,b,c,,sit_down,,nothing,walk,pick_up
9701,act_98_98,empty_room,5.0,2,,,c,d,,,,,sit_down,sit_down,,
5342,act_54_95,meeting_room,2.4,5,a,,c,d,e,b,wave,,wave,wave,wave,wave
7032,act_72_3,meeting_room,5.0,5,a,,c,d,e,b,rotation,,wave,lie_down,pick_up,jump
2161,act_22_82,classroom,5.0,1,,,,c,,,,,,nothing,,
686,act_7_92,classroom,2.4,2,a,b,,,,,walk,walk,,,,
2462,act_25_86,classroom,5.0,2,e,a,,,,,wave,wave,,,,
7129,act_73_1,empty_room,2.4,1,a,,,,,,nothing,,,,,
6268,act_64_31,meeting_room,5.0,3,d,e,a,,,,jump,wave,lie_down,,,
4942,act_50_91,meeting_room,2.4,4,,b,,d,e,a,,nothing,,nothing,nothing,nothing
5947,act_61_7,meeting_room,5.0,2,a,b,,,,,pick_up,sit_down,,,,
4584,act_47_30,meeting_room,2.4,3,,e,,b,,d,,jump,,lie_down,,rotation
5785,act_59_43,meeting_room,5.0,1,,,,,d,,,,,,walk,
7570,act_77_46,empty_room,2.4,1,,,,,e,,,,,,rotation,
522,act_6_27,classroom,2.4,1,,,,,,c,,,,,,stand_up
8715,act_89_3,empty_room,2.4,5,,b,c,d,e,a,,jump,wave,lie_down,pick_up,rotation
3984,act_41_24,meeting_room,2.4,1,,,,,b,,,,,,nothing,
10796,act_202_5,classroom,5.0,0,,,,,,,,,,,,
781,act_8_88,classroom,2.4,2,,,b,c,,,,,pick_up,pick_up,,
9285,act_94_78,empty_room,5.0,1,,,,b,,,,,,pick_up,,
5608,act_57_64,meeting_room,5.0,1,,,e,,,,,,nothing,,,
5979,act_61_39,meeting_room,5.0,2,e,a,,,,,rotation,jump,,,,
8844,act_90_33,empty_room,2.4,5,d,,a,b,c,e,lie_down,,sit_down,stand_up,nothing,pick_up
3748,act_38_85,meeting_room,2.4,1,,a,,,,,,jump,,,,
2197,act_23_19,classroom,5.0,1,,,,,b,,,,,,wave,
8562,act_87_48,empty_room,2.4,4,a,,c,,e,b,rotation,,jump,,wave,rotation
11154,act_205_66,empty_room,2.4,0,,,,,,,,,,,,
4286,act_44_29,meeting_room,2.4,2,,,a,b,,,,,jump,wave,,
8570,act_87_56,empty_room,2.4,4,b,,d,,a,c,walk,,rotation,,jump,walk
6980,act_71_50,meeting_room,5.0,5,,b,c,d,e,a,,wave,lie_down,lie_down,pick_up,wave
1828,act_19_46,classroom,5.0,1,a,,,,,,nothing,,,,,
11124,act_205_36,empty_room,2.4,0,,,,,,,,,,,,
2377,act_25_1,classroom,5.0,2,a,b,,,,,nothing,walk,,,,
8552,act_87_38,empty_room,2.4,4,e,,b,,d,a,walk,,jump,,lie_down,rotation
