#,label,environment,wifi_band,number_of_users,user_1_location,user_2_location,user_3_location,user_4_location,user_5_location,user_6_location,user_1_activity,user_2_activity,user_3_activity,user_4_activity,user_5_activity,user_6_activity
2,act_1_2,classroom,2.4,1,a,,,,,,walk,,,,,
5,act_1_5,classroom,2.4,1,a,,,,,,wave,,,,,
6,act_1_6,classroom,2.4,1,a,,,,,,lie_down,,,,,
10,act_1_10,classroom,2.4,1,b,,,,,,nothing,,,,,
12,act_1_12,classroom,2.4,1,b,,,,,,rotation,,,,,
14,act_1_14,classroom,2.4,1,b,,,,,,wave,,,,,
17,act_1_17,classroom,2.4,1,b,,,,,,sit_down,,,,,
22,act_1_22,classroom,2.4,1,c,,,,,,jump,,,,,
39,act_1_39,classroom,2.4,1,e,,,,,,rotation,,,,,
55,act_1_55,classroom,2.4,1,b,,,,,,nothing,,,,,
56,act_1_56,classroom,2.4,1,b,,,,,,walk,,,,,
61,act_1_61,classroom,2.4,1,b,,,,,,pick_up,,,,,
65,act_1_65,classroom,2.4,1,c,,,,,,walk,,,,,
73,act_1_73,classroom,2.4,1,d,,,,,,nothing,,,,,
75,act_1_75,classroom,2.4,1,d,,,,,,rotation,,,,,
78,act_1_78,classroom,2.4,1,d,,,,,,lie_down,,,,,
79,act_1_79,classroom,2.4,1,d,,,,,,pick_up,,,,,
90,act_1_90,classroom,2.4,1,e,,,,,,stand_up,,,,,
95,act_1_95,classroom,2.4,1,a,,,,,,wave,,,,,
99,act_1_99,classroom,2.4,1,a,,,,,,stand_up,,,,,
106,act_2_7,classroom,2.4,1,,b,,,,,,sit_down,,,,
117,act_2_18,classroom,2.4,1,,c,,,,,,nothing,,,,
118,act_2_19,classroom,2.4,1,,d,,,,,,walk,,,,
126,act_2_27,classroom,2.4,1,,d,,,,,,nothing,,,,
127,act_2_28,classroom,2.4,1,,e,,,,,,walk,,,,
131,act_2_32,classroom,2.4,1,,e,,,,,,lie_down,,,,
134,act_2_35,classroom,2.4,1,,e,,,,,,stand_up,,,,
138,act_2_39,classroom,2.4,1,,a,,,,,,jump,,,,
141,act_2_42,classroom,2.4,1,,a,,,,,,pick_up,,,,
146,act_2_47,classroom,2.4,1,,b,,,,,,walk,,,,
148,act_2_49,classroom,2.4,1,,b,,,,,,jump,,,,
149,act_2_50,classroom,2.4,1,,b,,,,,,wave,,,,
154,act_2_55,classroom,2.4,1,,c,,,,,,nothing,,,,
155,act_2_56,classroom,2.4,1,,c,,,,,,walk,,,,
159,act_2_60,classroom,2.4,1,,c,,,,,,lie_down,,,,
162,act_2_63,classroom,2.4,1,,c,,,,,,stand_up,,,,
164,act_2_65,classroom,2.4,1,,d,,,,,,walk,,,,
190,act_2_91,classroom,2.4,1,,b,,,,,,nothing,,,,
191,act_2_92,classroom,2.4,1,,b,,,,,,walk,,,,
198,act_2_99,classroom,2.4,1,,b,,,,,,stand_up,,,,
203,act_3_5,classroom,2.4,1,,,c,,,,,,pick_up,,,
207,act_3_9,classroom,2.4,1,,,c,,,,,,walk,,,
208,act_3_10,classroom,2.4,1,,,d,,,,,,rotation,,,
214,act_3_16,classroom,2.4,1,,,d,,,,,,stand_up,,,
225,act_3_27,classroom,2.4,1,,,e,,,,,,walk,,,
226,act_3_28,classroom,2.4,1,,,a,,,,,,rotation,,,
233,act_3_35,classroom,2.4,1,,,a,,,,,,nothing,,,
236,act_3_38,classroom,2.4,1,,,b,,,,,,jump,,,
237,act_3_39,classroom,2.4,1,,,b,,,,,,wave,,,
250,act_3_52,classroom,2.4,1,,,c,,,,,,sit_down,,,
256,act_3_58,classroom,2.4,1,,,d,,,,,,wave,,,
261,act_3_63,classroom,2.4,1,,,d,,,,,,nothing,,,
263,act_3_65,classroom,2.4,1,,,e,,,,,,walk,,,
270,act_3_72,classroom,2.4,1,,,e,,,,,,stand_up,,,
272,act_3_74,classroom,2.4,1,,,a,,,,,,walk,,,
278,act_3_80,classroom,2.4,1,,,a,,,,,,sit_down,,,
282,act_3_84,classroom,2.4,1,,,b,,,,,,rotation,,,
286,act_3_88,classroom,2.4,1,,,b,,,,,,pick_up,,,
295,act_3_97,classroom,2.4,1,,,c,,,,,,pick_up,,,
302,act_4_5,classroom,2.4,1,,,,d,,,,,,sit_down,,
303,act_4_6,classroom,2.4,1,,,,d,,,,,,stand_up,,
307,act_4_10,classroom,2.4,1,,,,e,,,,,,jump,,
318,act_4_21,classroom,2.4,1,,,,a,,,,,,lie_down,,
330,act_4_33,classroom,2.4,1,,,,b,,,,,,stand_up,,
339,act_4_42,classroom,2.4,1,,,,c,,,,,,stand_up,,
341,act_4_44,classroom,2.4,1,,,,c,,,,,,walk,,
342,act_4_45,classroom,2.4,1,,,,c,,,,,,rotation,,
346,act_4_49,classroom,2.4,1,,,,d,,,,,,wave,,
353,act_4_56,classroom,2.4,1,,,,e,,,,,,rotation,,
363,act_4_66,classroom,2.4,1,,,,a,,,,,,jump,,
365,act_4_68,classroom,2.4,1,,,,a,,,,,,lie_down,,
366,act_4_69,classroom,2.4,1,,,,a,,,,,,pick_up,,
375,act_4_78,classroom,2.4,1,,,,b,,,,,,pick_up,,
385,act_4_88,classroom,2.4,1,,,,c,,,,,,pick_up,,
391,act_4_94,classroom,2.4,1,,,,d,,,,,,jump,,
392,act_4_95,classroom,2.4,1,,,,d,,,,,,wave,,
393,act_4_96,classroom,2.4,1,,,,d,,,,,,lie_down,,
396,act_4_99,classroom,2.4,1,,,,d,,,,,,stand_up,,
405,act_5_9,classroom,2.4,1,,,,,e,,,,,,jump,
407,act_5_11,classroom,2.4,1,,,,,a,,,,,,lie_down,
413,act_5_17,classroom,2.4,1,,,,,a,,,,,,rotation,
418,act_5_22,classroom,2.4,1,,,,,b,,,,,,sit_down,
420,act_5_24,classroom,2.4,1,,,,,b,,,,,,nothing,
455,act_5_59,classroom,2.4,1,,,,,a,,,,,,pick_up,
459,act_5_63,classroom,2.4,1,,,,,a,,,,,,walk,
467,act_5_71,classroom,2.4,1,,,,,b,,,,,,stand_up,
482,act_5_86,classroom,2.4,1,,,,,d,,,,,,lie_down,
483,act_5_87,classroom,2.4,1,,,,,d,,,,,,pick_up,
489,act_5_93,classroom,2.4,1,,,,,e,,,,,,rotation,
503,act_6_8,classroom,2.4,1,,,,,,a,,,,,,sit_down
505,act_6_10,classroom,2.4,1,,,,,,b,,,,,,nothing
513,act_6_18,classroom,2.4,1,,,,,,b,,,,,,stand_up
515,act_6_20,classroom,2.4,1,,,,,,c,,,,,,walk
524,act_6_29,classroom,2.4,1,,,,,,d,,,,,,walk
526,act_6_31,classroom,2.4,1,,,,,,d,,,,,,jump
527,act_6_32,classroom,2.4,1,,,,,,d,,,,,,wave
530,act_6_35,classroom,2.4,1,,,,,,d,,,,,,sit_down
537,act_6_42,classroom,2.4,1,,,,,,e,,,,,,lie_down
538,act_6_43,classroom,2.4,1,,,,,,e,,,,,,pick_up
540,act_6_45,classroom,2.4,1,,,,,,e,,,,,,stand_up
546,act_6_51,classroom,2.4,1,,,,,,a,,,,,,lie_down
553,act_6_58,classroom,2.4,1,,,,,,b,,,,,,jump
557,act_6_62,classroom,2.4,1,,,,,,b,,,,,,sit_down
560,act_6_65,classroom,2.4,1,,,,,,c,,,,,,walk
561,act_6_66,classroom,2.4,1,,,,,,c,,,,,,rotation
570,act_6_75,classroom,2.4,1,,,,,,d,,,,,,rotation
572,act_6_77,classroom,2.4,1,,,,,,d,,,,,,wave
575,act_6_80,classroom,2.4,1,,,,,,d,,,,,,sit_down
576,act_6_81,classroom,2.4,1,,,,,,d,,,,,,stand_up
581,act_6_86,classroom,2.4,1,,,,,,e,,,,,,wave
584,act_6_89,classroom,2.4,1,,,,,,e,,,,,,sit_down
594,act_6_99,classroom,2.4,1,,,,,,a,,,,,,stand_up
601,act_7_7,classroom,2.4,2,a,b,,,,,pick_up,sit_down,,,,
607,act_7_13,classroom,2.4,2,b,c,,,,,jump,wave,,,,
615,act_7_21,classroom,2.4,2,c,d,,,,,rotation,jump,,,,
620,act_7_26,classroom,2.4,2,c,d,,,,,sit_down,stand_up,,,,
630,act_7_36,classroom,2.4,2,d,e,,,,,stand_up,nothing,,,,
631,act_7_37,classroom,2.4,2,e,a,,,,,nothing,walk,,,,
633,act_7_39,classroom,2.4,2,e,a,,,,,rotation,jump,,,,
635,act_7_41,classroom,2.4,2,e,a,,,,,wave,lie_down,,,,
636,act_7_42,classroom,2.4,2,e,a,,,,,lie_down,pick_up,,,,
639,act_7_45,classroom,2.4,2,e,a,,,,,stand_up,nothing,,,,
646,act_7_52,classroom,2.4,2,a,b,,,,,pick_up,pick_up,,,,
660,act_7_66,classroom,2.4,2,c,d,,,,,rotation,rotation,,,,
662,act_7_68,classroom,2.4,2,c,d,,,,,wave,wave,,,,
664,act_7_70,classroom,2.4,2,c,d,,,,,pick_up,pick_up,,,,
667,act_7_73,classroom,2.4,2,d,e,,,,,nothing,nothing,,,,
668,act_7_74,classroom,2.4,2,d,e,,,,,walk,walk,,,,
672,act_7_78,classroom,2.4,2,d,e,,,,,lie_down,lie_down,,,,
687,act_7_93,classroom,2.4,2,a,b,,,,,rotation,rotation,,,,
689,act_7_95,classroom,2.4,2,a,b,,,,,wave,wave,,,,
690,act_7_96,classroom,2.4,2,a,b,,,,,lie_down,lie_down,,,,
699,act_8_6,classroom,2.4,2,,,c,d,,,,,sit_down,stand_up,,
700,act_8_7,classroom,2.4,2,,,c,d,,,,,stand_up,nothing,,
704,act_8_11,classroom,2.4,2,,,d,e,,,,,jump,wave,,
708,act_8_15,classroom,2.4,2,,,d,e,,,,,sit_down,stand_up,,
717,act_8_24,classroom,2.4,2,,,e,a,,,,,sit_down,stand_up,,
718,act_8_25,classroom,2.4,2,,,e,a,,,,,stand_up,nothing,,
727,act_8_34,classroom,2.4,2,,,a,b,,,,,stand_up,nothing,,
729,act_8_36,classroom,2.4,2,,,a,b,,,,,walk,rotation,,
761,act_8_68,classroom,2.4,2,,,e,a,,,,,wave,lie_down,,
768,act_8_75,classroom,2.4,2,,,a,b,,,,,rotation,jump,,
769,act_8_76,classroom,2.4,2,,,a,b,,,,,jump,wave,,
770,act_8_77,classroom,2.4,2,,,a,b,,,,,wave,lie_down,,
771,act_8_78,classroom,2.4,2,,,a,b,,,,,lie_down,pick_up,,
776,act_8_83,classroom,2.4,2,,,b,c,,,,,walk,walk,,
779,act_8_86,classroom,2.4,2,,,b,c,,,,,wave,wave,,
785,act_8_92,classroom,2.4,2,,,c,d,,,,,walk,walk,,
792,act_8_99,classroom,2.4,2,,,c,d,,,,,stand_up,stand_up,,
794,act_9_2,classroom,2.4,2,,,,,e,a,,,,,lie_down,walk
805,act_9_13,classroom,2.4,2,,,,,a,b,,,,,sit_down,jump
807,act_9_15,classroom,2.4,2,,,,,a,b,,,,,nothing,lie_down
815,act_9_23,classroom,2.4,2,,,,,b,c,,,,,stand_up,wave
823,act_9_31,classroom,2.4,2,,,,,c,d,,,,,sit_down,jump
824,act_9_32,classroom,2.4,2,,,,,c,d,,,,,stand_up,wave
825,act_9_33,classroom,2.4,2,,,,,c,d,,,,,nothing,lie_down
826,act_9_34,classroom,2.4,2,,,,,c,d,,,,,walk,pick_up
828,act_9_36,classroom,2.4,2,,,,,c,d,,,,,jump,stand_up
831,act_9_39,classroom,2.4,2,,,,,d,e,,,,,pick_up,rotation
833,act_9_41,classroom,2.4,2,,,,,d,e,,,,,stand_up,wave
846,act_9_54,classroom,2.4,2,,,,,e,a,,,,,walk,stand_up
847,act_9_55,classroom,2.4,2,,,,,a,b,,,,,rotation,nothing
852,act_9_60,classroom,2.4,2,,,,,a,b,,,,,sit_down,lie_down
854,act_9_62,classroom,2.4,2,,,,,a,b,,,,,nothing,sit_down
855,act_9_63,classroom,2.4,2,,,,,a,b,,,,,walk,stand_up
861,act_9_69,classroom,2.4,2,,,,,b,c,,,,,pick_up,lie_down
864,act_9_72,classroom,2.4,2,,,,,b,c,,,,,nothing,stand_up
877,act_9_85,classroom,2.4,2,,,,,d,e,,,,,wave,jump
879,act_9_87,classroom,2.4,2,,,,,d,e,,,,,pick_up,lie_down
892,act_10_1,classroom,2.4,3,a,b,c,,,,nothing,walk,rotation,,,
893,act_10_2,classroom,2.4,3,a,b,c,,,,walk,rotation,jump,,,
895,act_10_4,classroom,2.4,3,a,b,c,,,,jump,wave,lie_down,,,
900,act_10_9,classroom,2.4,3,a,b,c,,,,stand_up,nothing,walk,,,
918,act_10_27,classroom,2.4,3,c,d,e,,,,stand_up,nothing,walk,,,
919,act_10_28,classroom,2.4,3,d,e,a,,,,nothing,walk,rotation,,,
921,act_10_30,classroom,2.4,3,d,e,a,,,,rotation,jump,wave,,,
923,act_10_32,classroom,2.4,3,d,e,a,,,,wave,lie_down,pick_up,,,
925,act_10_34,classroom,2.4,3,d,e,a,,,,pick_up,sit_down,stand_up,,,
929,act_10_38,classroom,2.4,3,e,a,b,,,,walk,rotation,jump,,,
934,act_10_43,classroom,2.4,3,e,a,b,,,,pick_up,sit_down,stand_up,,,
937,act_10_46,classroom,2.4,3,a,b,c,,,,nothing,nothing,walk,,,
944,act_10_53,classroom,2.4,3,a,b,c,,,,sit_down,sit_down,stand_up,,,
951,act_10_60,classroom,2.4,3,b,c,d,,,,lie_down,lie_down,pick_up,,,
952,act_10_61,classroom,2.4,3,b,c,d,,,,pick_up,pick_up,sit_down,,,
954,act_10_63,classroom,2.4,3,b,c,d,,,,stand_up,stand_up,nothing,,,
955,act_10_64,classroom,2.4,3,c,d,e,,,,nothing,nothing,nothing,,,
956,act_10_65,classroom,2.4,3,c,d,e,,,,walk,walk,walk,,,
957,act_10_66,classroom,2.4,3,c,d,e,,,,rotation,rotation,rotation,,,
960,act_10_69,classroom,2.4,3,c,d,e,,,,lie_down,lie_down,lie_down,,,
964,act_10_73,classroom,2.4,3,d,e,a,,,,nothing,nothing,nothing,,,
967,act_10_76,classroom,2.4,3,d,e,a,,,,jump,jump,jump,,,
969,act_10_78,classroom,2.4,3,d,e,a,,,,lie_down,lie_down,lie_down,,,
975,act_10_84,classroom,2.4,3,e,a,b,,,,rotation,rotation,rotation,,,
981,act_10_90,classroom,2.4,3,e,a,b,,,,stand_up,stand_up,stand_up,,,
985,act_10_94,classroom,2.4,3,a,b,c,,,,jump,jump,jump,,,
987,act_10_96,classroom,2.4,3,a,b,c,,,,lie_down,lie_down,lie_down,,,
988,act_10_97,classroom,2.4,3,a,b,c,,,,pick_up,pick_up,pick_up,,,
989,act_10_98,classroom,2.4,3,a,b,c,,,,sit_down,sit_down,sit_down,,,
996,act_11_6,classroom,2.4,3,,b,,d,,a,,pick_up,,stand_up,,lie_down
1001,act_11_11,classroom,2.4,3,,c,,e,,b,,rotation,,wave,,walk
1008,act_11_18,classroom,2.4,3,,c,,e,,b,,nothing,,rotation,,stand_up
1013,act_11_23,classroom,2.4,3,,d,,a,,c,,lie_down,,sit_down,,wave
1016,act_11_26,classroom,2.4,3,,d,,a,,c,,stand_up,,walk,,sit_down
1017,act_11_27,classroom,2.4,3,,d,,a,,c,,nothing,,rotation,,stand_up
1022,act_11_32,classroom,2.4,3,,e,,b,,d,,lie_down,,sit_down,,wave
1029,act_11_39,classroom,2.4,3,,a,,c,,e,,jump,,lie_down,,rotation
1041,act_11_51,classroom,2.4,3,,b,,d,,a,,lie_down,,pick_up,,lie_down
1046,act_11_56,classroom,2.4,3,,c,,e,,b,,walk,,rotation,,walk
1049,act_11_59,classroom,2.4,3,,c,,e,,b,,wave,,lie_down,,wave
1051,act_11_61,classroom,2.4,3,,c,,e,,b,,pick_up,,sit_down,,pick_up
1059,act_11_69,classroom,2.4,3,,d,,a,,c,,lie_down,,pick_up,,lie_down
1060,act_11_70,classroom,2.4,3,,d,,a,,c,,pick_up,,sit_down,,pick_up
1061,act_11_71,classroom,2.4,3,,d,,a,,c,,sit_down,,stand_up,,sit_down
1063,act_11_73,classroom,2.4,3,,e,,b,,d,,nothing,,walk,,nothing
1064,act_11_74,classroom,2.4,3,,e,,b,,d,,walk,,rotation,,walk
1066,act_11_76,classroom,2.4,3,,e,,b,,d,,jump,,wave,,jump
1067,act_11_77,classroom,2.4,3,,e,,b,,d,,wave,,lie_down,,wave
1070,act_11_80,classroom,2.4,3,,e,,b,,d,,sit_down,,stand_up,,sit_down
1073,act_11_83,classroom,2.4,3,,a,,c,,e,,walk,,walk,,walk
1078,act_11_88,classroom,2.4,3,,a,,c,,e,,pick_up,,pick_up,,pick_up
1082,act_11_92,classroom,2.4,3,,b,,d,,a,,walk,,walk,,walk
1099,act_12_10,classroom,2.4,3,b,,,,a,c,nothing,,,,wave,walk
1101,act_12_12,classroom,2.4,3,b,,,,a,c,rotation,,,,pick_up,jump
1121,act_12_32,classroom,2.4,3,d,,,,c,e,wave,,,,stand_up,lie_down
1123,act_12_34,classroom,2.4,3,d,,,,c,e,pick_up,,,,walk,sit_down
1126,act_12_37,classroom,2.4,3,e,,,,d,a,nothing,,,,wave,walk
1137,act_12_48,classroom,2.4,3,a,,,,e,b,rotation,,,,wave,rotation
1149,act_12_60,classroom,2.4,3,b,,,,a,c,lie_down,,,,sit_down,lie_down
1151,act_12_62,classroom,2.4,3,b,,,,a,c,sit_down,,,,nothing,sit_down
1155,act_12_66,classroom,2.4,3,c,,,,b,d,rotation,,,,jump,rotation
1166,act_12_77,classroom,2.4,3,d,,,,c,e,wave,,,,lie_down,wave
1168,act_12_79,classroom,2.4,3,d,,,,c,e,pick_up,,,,sit_down,pick_up
1178,act_12_89,classroom,2.4,3,e,,,,d,a,sit_down,,,,stand_up,sit_down
1180,act_12_91,classroom,2.4,3,a,,,,e,b,nothing,,,,nothing,nothing
1185,act_12_96,classroom,2.4,3,a,,,,e,b,lie_down,,,,lie_down,lie_down
1192,act_13_4,classroom,2.4,4,a,b,c,d,,,jump,wave,lie_down,pick_up,,
1199,act_13_11,classroom,2.4,4,b,c,d,e,,,walk,rotation,jump,wave,,
1203,act_13_15,classroom,2.4,4,b,c,d,e,,,lie_down,pick_up,sit_down,stand_up,,
1206,act_13_18,classroom,2.4,4,b,c,d,e,,,stand_up,nothing,walk,rotation,,
1215,act_13_27,classroom,2.4,4,c,d,e,a,,,stand_up,nothing,walk,rotation,,
1219,act_13_31,classroom,2.4,4,d,e,a,b,,,jump,wave,lie_down,pick_up,,
1230,act_13_42,classroom,2.4,4,e,a,b,c,,,lie_down,pick_up,sit_down,stand_up,,
1240,act_13_52,classroom,2.4,4,a,b,c,d,,,pick_up,pick_up,sit_down,sit_down,,
1241,act_13_53,classroom,2.4,4,a,b,c,d,,,sit_down,sit_down,stand_up,stand_up,,
1242,act_13_54,classroom,2.4,4,a,b,c,d,,,stand_up,stand_up,nothing,nothing,,
1247,act_13_59,classroom,2.4,4,b,c,d,e,,,wave,wave,lie_down,lie_down,,
1249,act_13_61,classroom,2.4,4,b,c,d,e,,,pick_up,pick_up,sit_down,sit_down,,
1250,act_13_62,classroom,2.4,4,b,c,d,e,,,sit_down,sit_down,stand_up,stand_up,,
1253,act_13_65,classroom,2.4,4,c,d,e,a,,,walk,walk,walk,rotation,,
1257,act_13_69,classroom,2.4,4,c,d,e,a,,,lie_down,lie_down,lie_down,pick_up,,
1266,act_13_78,classroom,2.4,4,d,e,a,b,,,lie_down,lie_down,lie_down,pick_up,,
1267,act_13_79,classroom,2.4,4,d,e,a,b,,,pick_up,pick_up,pick_up,sit_down,,
1268,act_13_80,classroom,2.4,4,d,e,a,b,,,sit_down,sit_down,sit_down,stand_up,,
1275,act_13_87,classroom,2.4,4,e,a,b,c,,,lie_down,lie_down,lie_down,lie_down,,
1277,act_13_89,classroom,2.4,4,e,a,b,c,,,sit_down,sit_down,sit_down,sit_down,,
1280,act_13_92,classroom,2.4,4,a,b,c,d,,,walk,walk,walk,walk,,
1287,act_13_99,classroom,2.4,4,a,b,c,d,,,stand_up,stand_up,stand_up,stand_up,,
1291,act_14_4,classroom,2.4,4,,b,,d,e,a,,wave,,pick_up,sit_down,jump
1292,act_14_5,classroom,2.4,4,,b,,d,e,a,,lie_down,,sit_down,stand_up,wave
1297,act_14_10,classroom,2.4,4,,c,,e,a,b,,walk,,jump,wave,nothing
1301,act_14_14,classroom,2.4,4,,c,,e,a,b,,lie_down,,sit_down,stand_up,wave
1302,act_14_15,classroom,2.4,4,,c,,e,a,b,,pick_up,,stand_up,nothing,lie_down
1305,act_14_18,classroom,2.4,4,,c,,e,a,b,,nothing,,rotation,jump,stand_up
1307,act_14_20,classroom,2.4,4,,d,,a,b,c,,rotation,,wave,lie_down,walk
1309,act_14_22,classroom,2.4,4,,d,,a,b,c,,wave,,pick_up,sit_down,jump
1313,act_14_26,classroom,2.4,4,,d,,a,b,c,,stand_up,,walk,rotation,sit_down
1317,act_14_30,classroom,2.4,4,,e,,b,c,d,,jump,,lie_down,pick_up,rotation
1325,act_14_38,classroom,2.4,4,,a,,c,d,e,,rotation,,wave,lie_down,walk
1332,act_14_45,classroom,2.4,4,,a,,c,d,e,,nothing,,rotation,jump,stand_up
1334,act_14_47,classroom,2.4,4,,b,,d,e,a,,walk,,rotation,jump,walk
1342,act_14_55,classroom,2.4,4,,c,,e,a,b,,nothing,,walk,rotation,nothing
1343,act_14_56,classroom,2.4,4,,c,,e,a,b,,walk,,rotation,jump,walk
1344,act_14_57,classroom,2.4,4,,c,,e,a,b,,rotation,,jump,wave,rotation
1354,act_14_67,classroom,2.4,4,,d,,a,b,c,,jump,,wave,wave,jump
1366,act_14_79,classroom,2.4,4,,e,,b,c,d,,pick_up,,sit_down,sit_down,pick_up
1368,act_14_81,classroom,2.4,4,,e,,b,c,d,,stand_up,,nothing,nothing,stand_up
1381,act_14_94,classroom,2.4,4,,b,,d,e,a,,jump,,jump,jump,jump
1383,act_14_96,classroom,2.4,4,,b,,d,e,a,,lie_down,,lie_down,lie_down,lie_down
1387,act_15_1,classroom,2.4,4,a,,c,,e,b,nothing,,rotation,,wave,walk
1388,act_15_2,classroom,2.4,4,a,,c,,e,b,walk,,jump,,lie_down,rotation
1389,act_15_3,classroom,2.4,4,a,,c,,e,b,rotation,,wave,,pick_up,jump
1390,act_15_4,classroom,2.4,4,a,,c,,e,b,jump,,lie_down,,sit_down,wave
1391,act_15_5,classroom,2.4,4,a,,c,,e,b,wave,,pick_up,,stand_up,lie_down
1395,act_15_9,classroom,2.4,4,a,,c,,e,b,stand_up,,walk,,jump,nothing
1404,act_15_18,classroom,2.4,4,b,,d,,a,c,stand_up,,walk,,jump,nothing
1410,act_15_24,classroom,2.4,4,c,,e,,b,d,lie_down,,sit_down,,nothing,pick_up
1436,act_15_50,classroom,2.4,4,a,,c,,e,b,wave,,lie_down,,pick_up,wave
1441,act_15_55,classroom,2.4,4,b,,d,,a,c,nothing,,walk,,rotation,nothing
1443,act_15_57,classroom,2.4,4,b,,d,,a,c,rotation,,jump,,wave,rotation
1461,act_15_75,classroom,2.4,4,d,,a,,c,e,rotation,,rotation,,jump,rotation
1467,act_15_81,classroom,2.4,4,d,,a,,c,e,stand_up,,stand_up,,nothing,stand_up
1482,act_15_96,classroom,2.4,4,a,,c,,e,b,lie_down,,lie_down,,lie_down,lie_down
1485,act_15_99,classroom,2.4,4,a,,c,,e,b,stand_up,,stand_up,,stand_up,stand_up
1496,act_16_11,classroom,2.4,5,b,c,d,e,a,,walk,rotation,jump,wave,lie_down,
1501,act_16_16,classroom,2.4,5,b,c,d,e,a,,pick_up,sit_down,stand_up,nothing,walk,
1522,act_16_37,classroom,2.4,5,e,a,b,c,d,,nothing,walk,rotation,jump,wave,
1525,act_16_40,classroom,2.4,5,e,a,b,c,d,,jump,wave,lie_down,pick_up,sit_down,
1526,act_16_41,classroom,2.4,5,e,a,b,c,d,,wave,lie_down,pick_up,sit_down,stand_up,
1529,act_16_44,classroom,2.4,5,e,a,b,c,d,,sit_down,stand_up,nothing,walk,rotation,
1532,act_16_47,classroom,2.4,5,a,b,c,d,e,,walk,walk,rotation,rotation,jump,
1541,act_16_56,classroom,2.4,5,b,c,d,e,a,,walk,walk,rotation,rotation,jump,
1543,act_16_58,classroom,2.4,5,b,c,d,e,a,,jump,jump,wave,wave,lie_down,
1550,act_16_65,classroom,2.4,5,c,d,e,a,b,,walk,walk,walk,rotation,rotation,
1556,act_16_71,classroom,2.4,5,c,d,e,a,b,,sit_down,sit_down,sit_down,stand_up,stand_up,
1561,act_16_76,classroom,2.4,5,d,e,a,b,c,,jump,jump,jump,wave,wave,
1572,act_16_87,classroom,2.4,5,e,a,b,c,d,,lie_down,lie_down,lie_down,lie_down,pick_up,
1582,act_16_97,classroom,2.4,5,a,b,c,d,e,,pick_up,pick_up,pick_up,pick_up,pick_up,
1586,act_17_2,classroom,2.4,5,,b,c,d,e,a,,rotation,jump,wave,lie_down,walk
1592,act_17_8,classroom,2.4,5,,b,c,d,e,a,,stand_up,nothing,walk,rotation,sit_down
1605,act_17_21,classroom,2.4,5,,d,e,a,b,c,,jump,wave,lie_down,pick_up,rotation
1606,act_17_22,classroom,2.4,5,,d,e,a,b,c,,wave,lie_down,pick_up,sit_down,jump
1608,act_17_24,classroom,2.4,5,,d,e,a,b,c,,pick_up,sit_down,stand_up,nothing,lie_down
1620,act_17_36,classroom,2.4,5,,e,a,b,c,d,,nothing,walk,rotation,jump,stand_up
1623,act_17_39,classroom,2.4,5,,a,b,c,d,e,,jump,wave,lie_down,pick_up,rotation
1626,act_17_42,classroom,2.4,5,,a,b,c,d,e,,pick_up,sit_down,stand_up,nothing,lie_down
1634,act_17_50,classroom,2.4,5,,b,c,d,e,a,,wave,lie_down,lie_down,pick_up,wave
1637,act_17_53,classroom,2.4,5,,b,c,d,e,a,,sit_down,stand_up,stand_up,nothing,sit_down
1639,act_17_55,classroom,2.4,5,,c,d,e,a,b,,nothing,walk,walk,rotation,nothing
1640,act_17_56,classroom,2.4,5,,c,d,e,a,b,,walk,rotation,rotation,jump,walk
1641,act_17_57,classroom,2.4,5,,c,d,e,a,b,,rotation,jump,jump,wave,rotation
1646,act_17_62,classroom,2.4,5,,c,d,e,a,b,,sit_down,stand_up,stand_up,nothing,sit_down
1647,act_17_63,classroom,2.4,5,,c,d,e,a,b,,stand_up,nothing,nothing,walk,stand_up
1649,act_17_65,classroom,2.4,5,,d,e,a,b,c,,walk,walk,rotation,rotation,walk
1664,act_17_80,classroom,2.4,5,,e,a,b,c,d,,sit_down,sit_down,stand_up,stand_up,sit_down
1665,act_17_81,classroom,2.4,5,,e,a,b,c,d,,stand_up,stand_up,nothing,nothing,stand_up
1668,act_17_84,classroom,2.4,5,,a,b,c,d,e,,rotation,rotation,rotation,jump,rotation
1669,act_17_85,classroom,2.4,5,,a,b,c,d,e,,jump,jump,jump,wave,jump
1679,act_17_95,classroom,2.4,5,,b,c,d,e,a,,wave,wave,wave,wave,wave
1680,act_17_96,classroom,2.4,5,,b,c,d,e,a,,lie_down,lie_down,lie_down,lie_down,lie_down
1683,act_17_99,classroom,2.4,5,,b,c,d,e,a,,stand_up,stand_up,stand_up,stand_up,stand_up
1686,act_18_3,classroom,2.4,5,a,,c,d,e,b,rotation,,wave,lie_down,pick_up,jump
1687,act_18_4,classroom,2.4,5,a,,c,d,e,b,jump,,lie_down,pick_up,sit_down,wave
1688,act_18_5,classroom,2.4,5,a,,c,d,e,b,wave,,pick_up,sit_down,stand_up,lie_down
1690,act_18_7,classroom,2.4,5,a,,c,d,e,b,pick_up,,stand_up,nothing,walk,sit_down
1694,act_18_11,classroom,2.4,5,b,,d,e,a,c,walk,,jump,wave,lie_down,rotation
1705,act_18_22,classroom,2.4,5,c,,e,a,b,d,jump,,lie_down,pick_up,sit_down,wave
1708,act_18_25,classroom,2.4,5,c,,e,a,b,d,pick_up,,stand_up,nothing,walk,sit_down
1710,act_18_27,classroom,2.4,5,c,,e,a,b,d,stand_up,,walk,rotation,jump,nothing
1713,act_18_30,classroom,2.4,5,d,,a,b,c,e,rotation,,wave,lie_down,pick_up,jump
1734,act_18_51,classroom,2.4,5,a,,c,d,e,b,lie_down,,pick_up,pick_up,sit_down,lie_down
1735,act_18_52,classroom,2.4,5,a,,c,d,e,b,pick_up,,sit_down,sit_down,stand_up,pick_up
1736,act_18_53,classroom,2.4,5,a,,c,d,e,b,sit_down,,stand_up,stand_up,nothing,sit_down
1743,act_18_60,classroom,2.4,5,b,,d,e,a,c,lie_down,,pick_up,pick_up,sit_down,lie_down
1751,act_18_68,classroom,2.4,5,c,,e,a,b,d,wave,,wave,lie_down,lie_down,wave
1758,act_18_75,classroom,2.4,5,d,,a,b,c,e,rotation,,rotation,jump,jump,rotation
1760,act_18_77,classroom,2.4,5,d,,a,b,c,e,wave,,wave,lie_down,lie_down,wave
1762,act_18_79,classroom,2.4,5,d,,a,b,c,e,pick_up,,pick_up,sit_down,sit_down,pick_up
1763,act_18_80,classroom,2.4,5,d,,a,b,c,e,sit_down,,sit_down,stand_up,stand_up,sit_down
1764,act_18_81,classroom,2.4,5,d,,a,b,c,e,stand_up,,stand_up,nothing,nothing,stand_up
1772,act_18_89,classroom,2.4,5,e,,b,c,d,a,sit_down,,sit_down,sit_down,stand_up,sit_down
1793,act_19_11,classroom,5.0,1,b,,,,,,walk,,,,,
1797,act_19_15,classroom,5.0,1,b,,,,,,lie_down,,,,,
1799,act_19_17,classroom,5.0,1,b,,,,,,sit_down,,,,,
1803,act_19_21,classroom,5.0,1,c,,,,,,rotation,,,,,
1805,act_19_23,classroom,5.0,1,c,,,,,,wave,,,,,
1811,act_19_29,classroom,5.0,1,d,,,,,,walk,,,,,
1817,act_19_35,classroom,5.0,1,d,,,,,,sit_down,,,,,
1824,act_19_42,classroom,5.0,1,e,,,,,,lie_down,,,,,
1827,act_19_45,classroom,5.0,1,e,,,,,,stand_up,,,,,
1829,act_19_47,classroom,5.0,1,a,,,,,,walk,,,,,
1839,act_19_57,classroom,5.0,1,b,,,,,,rotation,,,,,
1842,act_19_60,classroom,5.0,1,b,,,,,,lie_down,,,,,
1844,act_19_62,classroom,5.0,1,b,,,,,,sit_down,,,,,
1853,act_19_71,classroom,5.0,1,c,,,,,,sit_down,,,,,
1854,act_19_72,classroom,5.0,1,c,,,,,,stand_up,,,,,
1855,act_19_73,classroom,5.0,1,d,,,,,,nothing,,,,,
1866,act_19_84,classroom,5.0,1,e,,,,,,rotation,,,,,
1869,act_19_87,classroom,5.0,1,e,,,,,,lie_down,,,,,
1876,act_19_94,classroom,5.0,1,a,,,,,,jump,,,,,
1885,act_20_4,classroom,5.0,1,,b,,,,,,wave,,,,
1888,act_20_7,classroom,5.0,1,,b,,,,,,sit_down,,,,
1896,act_20_15,classroom,5.0,1,,c,,,,,,pick_up,,,,
1900,act_20_19,classroom,5.0,1,,d,,,,,,walk,,,,
1907,act_20_26,classroom,5.0,1,,d,,,,,,stand_up,,,,
1909,act_20_28,classroom,5.0,1,,e,,,,,,walk,,,,
1914,act_20_33,classroom,5.0,1,,e,,,,,,pick_up,,,,
1918,act_20_37,classroom,5.0,1,,a,,,,,,walk,,,,
1926,act_20_45,classroom,5.0,1,,a,,,,,,nothing,,,,
1928,act_20_47,classroom,5.0,1,,b,,,,,,walk,,,,
1931,act_20_50,classroom,5.0,1,,b,,,,,,wave,,,,
1932,act_20_51,classroom,5.0,1,,b,,,,,,lie_down,,,,
1934,act_20_53,classroom,5.0,1,,b,,,,,,sit_down,,,,
1940,act_20_59,classroom,5.0,1,,c,,,,,,wave,,,,
1950,act_20_69,classroom,5.0,1,,d,,,,,,lie_down,,,,
1960,act_20_79,classroom,5.0,1,,e,,,,,,pick_up,,,,
1961,act_20_80,classroom,5.0,1,,e,,,,,,sit_down,,,,
1970,act_20_89,classroom,5.0,1,,a,,,,,,sit_down,,,,
1971,act_20_90,classroom,5.0,1,,a,,,,,,stand_up,,,,
1977,act_20_96,classroom,5.0,1,,b,,,,,,lie_down,,,,
1981,act_21_1,classroom,5.0,1,,,c,,,,,,rotation,,,
1987,act_21_7,classroom,5.0,1,,,c,,,,,,stand_up,,,
1991,act_21_11,classroom,5.0,1,,,d,,,,,,jump,,,
1995,act_21_15,classroom,5.0,1,,,d,,,,,,sit_down,,,
1998,act_21_18,classroom,5.0,1,,,d,,,,,,walk,,,
1999,act_21_19,classroom,5.0,1,,,e,,,,,,rotation,,,
2001,act_21_21,classroom,5.0,1,,,e,,,,,,wave,,,
2027,act_21_47,classroom,5.0,1,,,c,,,,,,rotation,,,
2028,act_21_48,classroom,5.0,1,,,c,,,,,,jump,,,
2033,act_21_53,classroom,5.0,1,,,c,,,,,,stand_up,,,
2034,act_21_54,classroom,5.0,1,,,c,,,,,,nothing,,,
2044,act_21_64,classroom,5.0,1,,,e,,,,,,nothing,,,
2045,act_21_65,classroom,5.0,1,,,e,,,,,,walk,,,
2048,act_21_68,classroom,5.0,1,,,e,,,,,,wave,,,
2049,act_21_69,classroom,5.0,1,,,e,,,,,,lie_down,,,
2050,act_21_70,classroom,5.0,1,,,e,,,,,,pick_up,,,
2051,act_21_71,classroom,5.0,1,,,e,,,,,,sit_down,,,
2052,act_21_72,classroom,5.0,1,,,e,,,,,,stand_up,,,
2057,act_21_77,classroom,5.0,1,,,a,,,,,,wave,,,
2061,act_21_81,classroom,5.0,1,,,a,,,,,,stand_up,,,
2063,act_21_83,classroom,5.0,1,,,b,,,,,,walk,,,
2065,act_21_85,classroom,5.0,1,,,b,,,,,,jump,,,
2066,act_21_86,classroom,5.0,1,,,b,,,,,,wave,,,
2072,act_21_92,classroom,5.0,1,,,c,,,,,,walk,,,
2075,act_21_95,classroom,5.0,1,,,c,,,,,,wave,,,
2080,act_22_1,classroom,5.0,1,,,,d,,,,,,jump,,
2083,act_22_4,classroom,5.0,1,,,,d,,,,,,pick_up,,
2106,act_22_27,classroom,5.0,1,,,,a,,,,,,rotation,,
2107,act_22_28,classroom,5.0,1,,,,b,,,,,,jump,,
2114,act_22_35,classroom,5.0,1,,,,b,,,,,,walk,,
2117,act_22_38,classroom,5.0,1,,,,c,,,,,,wave,,
2121,act_22_42,classroom,5.0,1,,,,c,,,,,,stand_up,,
2126,act_22_47,classroom,5.0,1,,,,d,,,,,,rotation,,
2137,act_22_58,classroom,5.0,1,,,,e,,,,,,wave,,
2138,act_22_59,classroom,5.0,1,,,,e,,,,,,lie_down,,
2140,act_22_61,classroom,5.0,1,,,,e,,,,,,sit_down,,
2142,act_22_63,classroom,5.0,1,,,,e,,,,,,nothing,,
2144,act_22_65,classroom,5.0,1,,,,a,,,,,,rotation,,
2157,act_22_78,classroom,5.0,1,,,,b,,,,,,pick_up,,
2163,act_22_84,classroom,5.0,1,,,,c,,,,,,rotation,,
2181,act_23_3,classroom,5.0,1,,,,,e,,,,,,pick_up,
2191,act_23_13,classroom,5.0,1,,,,,a,,,,,,sit_down,
2193,act_23_15,classroom,5.0,1,,,,,a,,,,,,nothing,
2194,act_23_16,classroom,5.0,1,,,,,a,,,,,,walk,
2199,act_23_21,classroom,5.0,1,,,,,b,,,,,,pick_up,
2201,act_23_23,classroom,5.0,1,,,,,b,,,,,,stand_up,
2204,act_23_26,classroom,5.0,1,,,,,b,,,,,,rotation,
2205,act_23_27,classroom,5.0,1,,,,,b,,,,,,jump,
2206,act_23_28,classroom,5.0,1,,,,,c,,,,,,wave,
2220,act_23_42,classroom,5.0,1,,,,,d,,,,,,nothing,
2244,act_23_66,classroom,5.0,1,,,,,b,,,,,,jump,
2248,act_23_70,classroom,5.0,1,,,,,b,,,,,,sit_down,
2256,act_23_78,classroom,5.0,1,,,,,c,,,,,,pick_up,
2266,act_23_88,classroom,5.0,1,,,,,d,,,,,,sit_down,
2279,act_24_2,classroom,5.0,1,,,,,,a,,,,,,walk
2280,act_24_3,classroom,5.0,1,,,,,,a,,,,,,rotation
2290,act_24_13,classroom,5.0,1,,,,,,b,,,,,,jump
2294,act_24_17,classroom,5.0,1,,,,,,b,,,,,,sit_down
2323,act_24_46,classroom,5.0,1,,,,,,a,,,,,,nothing
2328,act_24_51,classroom,5.0,1,,,,,,a,,,,,,lie_down
2337,act_24_60,classroom,5.0,1,,,,,,b,,,,,,lie_down
2344,act_24_67,classroom,5.0,1,,,,,,c,,,,,,jump
2350,act_24_73,classroom,5.0,1,,,,,,d,,,,,,nothing
2354,act_24_77,classroom,5.0,1,,,,,,d,,,,,,wave
2356,act_24_79,classroom,5.0,1,,,,,,d,,,,,,pick_up
2357,act_24_80,classroom,5.0,1,,,,,,d,,,,,,sit_down
2360,act_24_83,classroom,5.0,1,,,,,,e,,,,,,walk
2366,act_24_89,classroom,5.0,1,,,,,,e,,,,,,sit_down
2369,act_24_92,classroom,5.0,1,,,,,,a,,,,,,walk
2372,act_24_95,classroom,5.0,1,,,,,,a,,,,,,wave
2383,act_25_7,classroom,5.0,2,a,b,,,,,pick_up,sit_down,,,,
2384,act_25_8,classroom,5.0,2,a,b,,,,,sit_down,stand_up,,,,
2386,act_25_10,classroom,5.0,2,b,c,,,,,nothing,walk,,,,
2394,act_25_18,classroom,5.0,2,b,c,,,,,stand_up,nothing,,,,
2397,act_25_21,classroom,5.0,2,c,d,,,,,rotation,jump,,,,
2404,act_25_28,classroom,5.0,2,d,e,,,,,nothing,walk,,,,
2409,act_25_33,classroom,5.0,2,d,e,,,,,lie_down,pick_up,,,,
2420,act_25_44,classroom,5.0,2,e,a,,,,,sit_down,stand_up,,,,
2422,act_25_46,classroom,5.0,2,a,b,,,,,nothing,nothing,,,,
2428,act_25_52,classroom,5.0,2,a,b,,,,,pick_up,pick_up,,,,
2429,act_25_53,classroom,5.0,2,a,b,,,,,sit_down,sit_down,,,,
2431,act_25_55,classroom,5.0,2,b,c,,,,,nothing,nothing,,,,
2434,act_25_58,classroom,5.0,2,b,c,,,,,jump,jump,,,,
2444,act_25_68,classroom,5.0,2,c,d,,,,,wave,wave,,,,
2455,act_25_79,classroom,5.0,2,d,e,,,,,pick_up,pick_up,,,,
2467,act_25_91,classroom,5.0,2,a,b,,,,,nothing,nothing,,,,
2470,act_25_94,classroom,5.0,2,a,b,,,,,jump,jump,,,,
2473,act_25_97,classroom,5.0,2,a,b,,,,,pick_up,pick_up,,,,
2476,act_26_1,classroom,5.0,2,,,c,d,,,,,rotation,jump,,
2480,act_26_5,classroom,5.0,2,,,c,d,,,,,pick_up,sit_down,,
2483,act_26_8,classroom,5.0,2,,,c,d,,,,,nothing,walk,,
2490,act_26_15,classroom,5.0,2,,,d,e,,,,,sit_down,stand_up,,
2492,act_26_17,classroom,5.0,2,,,d,e,,,,,nothing,walk,,
2494,act_26_19,classroom,5.0,2,,,e,a,,,,,rotation,jump,,
2495,act_26_20,classroom,5.0,2,,,e,a,,,,,jump,wave,,
2497,act_26_22,classroom,5.0,2,,,e,a,,,,,lie_down,pick_up,,
2503,act_26_28,classroom,5.0,2,,,a,b,,,,,rotation,jump,,
2505,act_26_30,classroom,5.0,2,,,a,b,,,,,wave,lie_down,,
2512,act_26_37,classroom,5.0,2,,,b,c,,,,,rotation,jump,,
2530,act_26_55,classroom,5.0,2,,,d,e,,,,,walk,walk,,
2531,act_26_56,classroom,5.0,2,,,d,e,,,,,rotation,rotation,,
2539,act_26_64,classroom,5.0,2,,,e,a,,,,,nothing,walk,,
2540,act_26_65,classroom,5.0,2,,,e,a,,,,,walk,rotation,,
2542,act_26_67,classroom,5.0,2,,,e,a,,,,,jump,wave,,
2552,act_26_77,classroom,5.0,2,,,a,b,,,,,wave,lie_down,,
2558,act_26_83,classroom,5.0,2,,,b,c,,,,,walk,walk,,
2559,act_26_84,classroom,5.0,2,,,b,c,,,,,rotation,rotation,,
2561,act_26_86,classroom,5.0,2,,,b,c,,,,,wave,wave,,
2569,act_26_94,classroom,5.0,2,,,c,d,,,,,jump,jump,,
2574,act_26_99,classroom,5.0,2,,,c,d,,,,,stand_up,stand_up,,
2591,act_27_17,classroom,5.0,2,,,,,a,b,,,,,rotation,sit_down
2594,act_27_20,classroom,5.0,2,,,,,b,c,,,,,lie_down,walk
2600,act_27_26,classroom,5.0,2,,,,,b,c,,,,,rotation,sit_down
2605,act_27_31,classroom,5.0,2,,,,,c,d,,,,,sit_down,jump
2613,act_27_39,classroom,5.0,2,,,,,d,e,,,,,pick_up,rotation
2633,act_27_59,classroom,5.0,2,,,,,a,b,,,,,pick_up,wave
2636,act_27_62,classroom,5.0,2,,,,,a,b,,,,,nothing,sit_down
2646,act_27_72,classroom,5.0,2,,,,,b,c,,,,,nothing,stand_up
2666,act_27_92,classroom,5.0,2,,,,,e,a,,,,,walk,walk
2668,act_27_94,classroom,5.0,2,,,,,e,a,,,,,jump,jump
2673,act_27_99,classroom,5.0,2,,,,,e,a,,,,,stand_up,stand_up
2675,act_28_2,classroom,5.0,3,a,b,c,,,,walk,rotation,jump,,,
2680,act_28_7,classroom,5.0,3,a,b,c,,,,pick_up,sit_down,stand_up,,,
2682,act_28_9,classroom,5.0,3,a,b,c,,,,stand_up,nothing,walk,,,
2694,act_28_21,classroom,5.0,3,c,d,e,,,,rotation,jump,wave,,,
2696,act_28_23,classroom,5.0,3,c,d,e,,,,wave,lie_down,pick_up,,,
2704,act_28_31,classroom,5.0,3,d,e,a,,,,jump,wave,lie_down,,,
2709,act_28_36,classroom,5.0,3,d,e,a,,,,stand_up,nothing,walk,,,
2712,act_28_39,classroom,5.0,3,e,a,b,,,,rotation,jump,wave,,,
2713,act_28_40,classroom,5.0,3,e,a,b,,,,jump,wave,lie_down,,,
2714,act_28_41,classroom,5.0,3,e,a,b,,,,wave,lie_down,pick_up,,,
2718,act_28_45,classroom,5.0,3,e,a,b,,,,stand_up,nothing,walk,,,
2720,act_28_47,classroom,5.0,3,a,b,c,,,,walk,walk,rotation,,,
2721,act_28_48,classroom,5.0,3,a,b,c,,,,rotation,rotation,jump,,,
2732,act_28_59,classroom,5.0,3,b,c,d,,,,wave,wave,lie_down,,,
2734,act_28_61,classroom,5.0,3,b,c,d,,,,pick_up,pick_up,sit_down,,,
2735,act_28_62,classroom,5.0,3,b,c,d,,,,sit_down,sit_down,stand_up,,,
2737,act_28_64,classroom,5.0,3,c,d,e,,,,nothing,nothing,nothing,,,
2739,act_28_66,classroom,5.0,3,c,d,e,,,,rotation,rotation,rotation,,,
2740,act_28_67,classroom,5.0,3,c,d,e,,,,jump,jump,jump,,,
2741,act_28_68,classroom,5.0,3,c,d,e,,,,wave,wave,wave,,,
2745,act_28_72,classroom,5.0,3,c,d,e,,,,stand_up,stand_up,stand_up,,,
2746,act_28_73,classroom,5.0,3,d,e,a,,,,nothing,nothing,nothing,,,
2748,act_28_75,classroom,5.0,3,d,e,a,,,,rotation,rotation,rotation,,,
2753,act_28_80,classroom,5.0,3,d,e,a,,,,sit_down,sit_down,sit_down,,,
2769,act_28_96,classroom,5.0,3,a,b,c,,,,lie_down,lie_down,lie_down,,,
2773,act_29_1,classroom,5.0,3,,b,,d,,a,,walk,,jump,,nothing
2780,act_29_8,classroom,5.0,3,,b,,d,,a,,stand_up,,walk,,sit_down
2783,act_29_11,classroom,5.0,3,,c,,e,,b,,rotation,,wave,,walk
2786,act_29_14,classroom,5.0,3,,c,,e,,b,,lie_down,,sit_down,,wave
2787,act_29_15,classroom,5.0,3,,c,,e,,b,,pick_up,,stand_up,,lie_down
2791,act_29_19,classroom,5.0,3,,d,,a,,c,,walk,,jump,,nothing
2798,act_29_26,classroom,5.0,3,,d,,a,,c,,stand_up,,walk,,sit_down
2807,act_29_35,classroom,5.0,3,,e,,b,,d,,stand_up,,walk,,sit_down
2809,act_29_37,classroom,5.0,3,,a,,c,,e,,walk,,jump,,nothing
2812,act_29_40,classroom,5.0,3,,a,,c,,e,,wave,,pick_up,,jump
2815,act_29_43,classroom,5.0,3,,a,,c,,e,,sit_down,,nothing,,pick_up
2818,act_29_46,classroom,5.0,3,,b,,d,,a,,nothing,,walk,,nothing
2825,act_29_53,classroom,5.0,3,,b,,d,,a,,sit_down,,stand_up,,sit_down
2833,act_29_61,classroom,5.0,3,,c,,e,,b,,pick_up,,sit_down,,pick_up
2839,act_29_67,classroom,5.0,3,,d,,a,,c,,jump,,wave,,jump
2840,act_29_68,classroom,5.0,3,,d,,a,,c,,wave,,lie_down,,wave
2845,act_29_73,classroom,5.0,3,,e,,b,,d,,nothing,,walk,,nothing
2850,act_29_78,classroom,5.0,3,,e,,b,,d,,lie_down,,pick_up,,lie_down
2853,act_29_81,classroom,5.0,3,,e,,b,,d,,stand_up,,nothing,,stand_up
2864,act_29_92,classroom,5.0,3,,b,,d,,a,,walk,,walk,,walk
2867,act_29_95,classroom,5.0,3,,b,,d,,a,,wave,,wave,,wave
2870,act_29_98,classroom,5.0,3,,b,,d,,a,,sit_down,,sit_down,,sit_down
2872,act_30_1,classroom,5.0,3,a,,,,e,b,nothing,,,,wave,walk
2873,act_30_2,classroom,5.0,3,a,,,,e,b,walk,,,,lie_down,rotation
2876,act_30_5,classroom,5.0,3,a,,,,e,b,wave,,,,stand_up,lie_down
2879,act_30_8,classroom,5.0,3,a,,,,e,b,sit_down,,,,rotation,stand_up
2892,act_30_21,classroom,5.0,3,c,,,,b,d,rotation,,,,pick_up,jump
2897,act_30_26,classroom,5.0,3,c,,,,b,d,sit_down,,,,rotation,stand_up
2899,act_30_28,classroom,5.0,3,d,,,,c,e,nothing,,,,wave,walk
2912,act_30_41,classroom,5.0,3,e,,,,d,a,wave,,,,stand_up,lie_down
2915,act_30_44,classroom,5.0,3,e,,,,d,a,sit_down,,,,rotation,stand_up
2921,act_30_50,classroom,5.0,3,a,,,,e,b,wave,,,,pick_up,wave
2924,act_30_53,classroom,5.0,3,a,,,,e,b,sit_down,,,,nothing,sit_down
2932,act_30_61,classroom,5.0,3,b,,,,a,c,pick_up,,,,stand_up,pick_up
2947,act_30_76,classroom,5.0,3,d,,,,c,e,jump,,,,wave,jump
2951,act_30_80,classroom,5.0,3,d,,,,c,e,sit_down,,,,stand_up,sit_down
2959,act_30_88,classroom,5.0,3,e,,,,d,a,pick_up,,,,sit_down,pick_up
2962,act_30_91,classroom,5.0,3,a,,,,e,b,nothing,,,,nothing,nothing
2965,act_30_94,classroom,5.0,3,a,,,,e,b,jump,,,,jump,jump
2968,act_30_97,classroom,5.0,3,a,,,,e,b,pick_up,,,,pick_up,pick_up
2970,act_30_99,classroom,5.0,3,a,,,,e,b,stand_up,,,,stand_up,stand_up
2976,act_31_6,classroom,5.0,4,a,b,c,d,,,lie_down,pick_up,sit_down,stand_up,,
2977,act_31_7,classroom,5.0,4,a,b,c,d,,,pick_up,sit_down,stand_up,nothing,,
2979,act_31_9,classroom,5.0,4,a,b,c,d,,,stand_up,nothing,walk,rotation,,
2984,act_31_14,classroom,5.0,4,b,c,d,e,,,wave,lie_down,pick_up,sit_down,,
2990,act_31_20,classroom,5.0,4,c,d,e,a,,,walk,rotation,jump,wave,,
3005,act_31_35,classroom,5.0,4,d,e,a,b,,,sit_down,stand_up,nothing,walk,,
3006,act_31_36,classroom,5.0,4,d,e,a,b,,,stand_up,nothing,walk,rotation,,
3010,act_31_40,classroom,5.0,4,e,a,b,c,,,jump,wave,lie_down,pick_up,,
3021,act_31_51,classroom,5.0,4,a,b,c,d,,,lie_down,lie_down,pick_up,pick_up,,
3029,act_31_59,classroom,5.0,4,b,c,d,e,,,wave,wave,lie_down,lie_down,,
3031,act_31_61,classroom,5.0,4,b,c,d,e,,,pick_up,pick_up,sit_down,sit_down,,
3037,act_31_67,classroom,5.0,4,c,d,e,a,,,jump,jump,jump,wave,,
3041,act_31_71,classroom,5.0,4,c,d,e,a,,,sit_down,sit_down,sit_down,stand_up,,
3042,act_31_72,classroom,5.0,4,c,d,e,a,,,stand_up,stand_up,stand_up,nothing,,
3043,act_31_73,classroom,5.0,4,d,e,a,b,,,nothing,nothing,nothing,walk,,
3052,act_31_82,classroom,5.0,4,e,a,b,c,,,nothing,nothing,nothing,nothing,,
3055,act_31_85,classroom,5.0,4,e,a,b,c,,,jump,jump,jump,jump,,
3057,act_31_87,classroom,5.0,4,e,a,b,c,,,lie_down,lie_down,lie_down,lie_down,,
3068,act_31_98,classroom,5.0,4,a,b,c,d,,,sit_down,sit_down,sit_down,sit_down,,
3073,act_32_4,classroom,5.0,4,,b,,d,e,a,,wave,,pick_up,sit_down,jump
3074,act_32_5,classroom,5.0,4,,b,,d,e,a,,lie_down,,sit_down,stand_up,wave
3082,act_32_13,classroom,5.0,4,,c,,e,a,b,,wave,,pick_up,sit_down,jump
3084,act_32_15,classroom,5.0,4,,c,,e,a,b,,pick_up,,stand_up,nothing,lie_down
3087,act_32_18,classroom,5.0,4,,c,,e,a,b,,nothing,,rotation,jump,stand_up
3094,act_32_25,classroom,5.0,4,,d,,a,b,c,,sit_down,,nothing,walk,pick_up
3098,act_32_29,classroom,5.0,4,,e,,b,c,d,,rotation,,wave,lie_down,walk
3100,act_32_31,classroom,5.0,4,,e,,b,c,d,,wave,,pick_up,sit_down,jump
3105,act_32_36,classroom,5.0,4,,e,,b,c,d,,nothing,,rotation,jump,stand_up
3109,act_32_40,classroom,5.0,4,,a,,c,d,e,,wave,,pick_up,sit_down,jump
3118,act_32_49,classroom,5.0,4,,b,,d,e,a,,jump,,wave,lie_down,jump
3125,act_32_56,classroom,5.0,4,,c,,e,a,b,,walk,,rotation,jump,walk
3139,act_32_70,classroom,5.0,4,,d,,a,b,c,,pick_up,,sit_down,sit_down,pick_up
3142,act_32_73,classroom,5.0,4,,e,,b,c,d,,nothing,,walk,walk,nothing
3145,act_32_76,classroom,5.0,4,,e,,b,c,d,,jump,,wave,wave,jump
3148,act_32_79,classroom,5.0,4,,e,,b,c,d,,pick_up,,sit_down,sit_down,pick_up
3153,act_32_84,classroom,5.0,4,,a,,c,d,e,,rotation,,rotation,jump,rotation
3156,act_32_87,classroom,5.0,4,,a,,c,d,e,,lie_down,,lie_down,pick_up,lie_down
3158,act_32_89,classroom,5.0,4,,a,,c,d,e,,sit_down,,sit_down,stand_up,sit_down
3171,act_33_3,classroom,5.0,4,a,,c,,e,b,rotation,,wave,,pick_up,jump
3174,act_33_6,classroom,5.0,4,a,,c,,e,b,lie_down,,sit_down,,nothing,pick_up
3175,act_33_7,classroom,5.0,4,a,,c,,e,b,pick_up,,stand_up,,walk,sit_down
3178,act_33_10,classroom,5.0,4,b,,d,,a,c,nothing,,rotation,,wave,walk
3179,act_33_11,classroom,5.0,4,b,,d,,a,c,walk,,jump,,lie_down,rotation
3180,act_33_12,classroom,5.0,4,b,,d,,a,c,rotation,,wave,,pick_up,jump
3187,act_33_19,classroom,5.0,4,c,,e,,b,d,nothing,,rotation,,wave,walk
3192,act_33_24,classroom,5.0,4,c,,e,,b,d,lie_down,,sit_down,,nothing,pick_up
3193,act_33_25,classroom,5.0,4,c,,e,,b,d,pick_up,,stand_up,,walk,sit_down
3217,act_33_49,classroom,5.0,4,a,,c,,e,b,jump,,wave,,lie_down,jump
3224,act_33_56,classroom,5.0,4,b,,d,,a,c,walk,,rotation,,jump,walk
3225,act_33_57,classroom,5.0,4,b,,d,,a,c,rotation,,jump,,wave,rotation
3226,act_33_58,classroom,5.0,4,b,,d,,a,c,jump,,wave,,lie_down,jump
3229,act_33_61,classroom,5.0,4,b,,d,,a,c,pick_up,,sit_down,,stand_up,pick_up
3231,act_33_63,classroom,5.0,4,b,,d,,a,c,stand_up,,nothing,,walk,stand_up
3240,act_33_72,classroom,5.0,4,c,,e,,b,d,stand_up,,stand_up,,nothing,stand_up
3242,act_33_74,classroom,5.0,4,d,,a,,c,e,walk,,walk,,rotation,walk
3243,act_33_75,classroom,5.0,4,d,,a,,c,e,rotation,,rotation,,jump,rotation
3250,act_33_82,classroom,5.0,4,e,,b,,d,a,nothing,,nothing,,walk,nothing
3267,act_33_99,classroom,5.0,4,a,,c,,e,b,stand_up,,stand_up,,stand_up,stand_up
3268,act_34_1,classroom,5.0,5,a,b,c,d,e,,nothing,walk,rotation,jump,wave,
3272,act_34_5,classroom,5.0,5,a,b,c,d,e,,wave,lie_down,pick_up,sit_down,stand_up,
3274,act_34_7,classroom,5.0,5,a,b,c,d,e,,pick_up,sit_down,stand_up,nothing,walk,
3292,act_34_25,classroom,5.0,5,c,d,e,a,b,,pick_up,sit_down,stand_up,nothing,walk,
3293,act_34_26,classroom,5.0,5,c,d,e,a,b,,sit_down,stand_up,nothing,walk,rotation,
3295,act_34_28,classroom,5.0,5,d,e,a,b,c,,nothing,walk,rotation,jump,wave,
3301,act_34_34,classroom,5.0,5,d,e,a,b,c,,pick_up,sit_down,stand_up,nothing,walk,
3303,act_34_36,classroom,5.0,5,d,e,a,b,c,,stand_up,nothing,walk,rotation,jump,
3305,act_34_38,classroom,5.0,5,e,a,b,c,d,,walk,rotation,jump,wave,lie_down,
3311,act_34_44,classroom,5.0,5,e,a,b,c,d,,sit_down,stand_up,nothing,walk,rotation,
3325,act_34_58,classroom,5.0,5,b,c,d,e,a,,jump,jump,wave,wave,lie_down,
3328,act_34_61,classroom,5.0,5,b,c,d,e,a,,pick_up,pick_up,sit_down,sit_down,stand_up,
3331,act_34_64,classroom,5.0,5,c,d,e,a,b,,nothing,nothing,nothing,walk,walk,
3336,act_34_69,classroom,5.0,5,c,d,e,a,b,,lie_down,lie_down,lie_down,pick_up,pick_up,
3343,act_34_76,classroom,5.0,5,d,e,a,b,c,,jump,jump,jump,wave,wave,
3344,act_34_77,classroom,5.0,5,d,e,a,b,c,,wave,wave,wave,lie_down,lie_down,
3346,act_34_79,classroom,5.0,5,d,e,a,b,c,,pick_up,pick_up,pick_up,sit_down,sit_down,
3355,act_34_88,classroom,5.0,5,e,a,b,c,d,,pick_up,pick_up,pick_up,pick_up,sit_down,
3357,act_34_90,classroom,5.0,5,e,a,b,c,d,,stand_up,stand_up,stand_up,stand_up,nothing,
3369,act_35_3,classroom,5.0,5,,b,c,d,e,a,,jump,wave,lie_down,pick_up,rotation
3374,act_35_8,classroom,5.0,5,,b,c,d,e,a,,stand_up,nothing,walk,rotation,sit_down
3375,act_35_9,classroom,5.0,5,,b,c,d,e,a,,nothing,walk,rotation,jump,stand_up
3377,act_35_11,classroom,5.0,5,,c,d,e,a,b,,rotation,jump,wave,lie_down,walk
3381,act_35_15,classroom,5.0,5,,c,d,e,a,b,,pick_up,sit_down,stand_up,nothing,lie_down
3386,act_35_20,classroom,5.0,5,,d,e,a,b,c,,rotation,jump,wave,lie_down,walk
3390,act_35_24,classroom,5.0,5,,d,e,a,b,c,,pick_up,sit_down,stand_up,nothing,lie_down
3392,act_35_26,classroom,5.0,5,,d,e,a,b,c,,stand_up,nothing,walk,rotation,sit_down
3395,act_35_29,classroom,5.0,5,,e,a,b,c,d,,rotation,jump,wave,lie_down,walk
3418,act_35_52,classroom,5.0,5,,b,c,d,e,a,,pick_up,sit_down,sit_down,stand_up,pick_up
3420,act_35_54,classroom,5.0,5,,b,c,d,e,a,,stand_up,nothing,nothing,walk,stand_up
3421,act_35_55,classroom,5.0,5,,c,d,e,a,b,,nothing,walk,walk,rotation,nothing
3428,act_35_62,classroom,5.0,5,,c,d,e,a,b,,sit_down,stand_up,stand_up,nothing,sit_down
3431,act_35_65,classroom,5.0,5,,d,e,a,b,c,,walk,walk,rotation,rotation,walk
3433,act_35_67,classroom,5.0,5,,d,e,a,b,c,,jump,jump,wave,wave,jump
3437,act_35_71,classroom,5.0,5,,d,e,a,b,c,,sit_down,sit_down,stand_up,stand_up,sit_down
3441,act_35_75,classroom,5.0,5,,e,a,b,c,d,,rotation,rotation,jump,jump,rotation
3445,act_35_79,classroom,5.0,5,,e,a,b,c,d,,pick_up,pick_up,sit_down,sit_down,pick_up
3447,act_35_81,classroom,5.0,5,,e,a,b,c,d,,stand_up,stand_up,nothing,nothing,stand_up
3452,act_35_86,classroom,5.0,5,,a,b,c,d,e,,wave,wave,wave,lie_down,wave
3453,act_35_87,classroom,5.0,5,,a,b,c,d,e,,lie_down,lie_down,lie_down,pick_up,lie_down
3454,act_35_88,classroom,5.0,5,,a,b,c,d,e,,pick_up,pick_up,pick_up,sit_down,pick_up
3457,act_35_91,classroom,5.0,5,,b,c,d,e,a,,nothing,nothing,nothing,nothing,nothing
3463,act_35_97,classroom,5.0,5,,b,c,d,e,a,,pick_up,pick_up,pick_up,pick_up,pick_up
3467,act_36_2,classroom,5.0,5,a,,c,d,e,b,walk,,jump,wave,lie_down,rotation
3473,act_36_8,classroom,5.0,5,a,,c,d,e,b,sit_down,,nothing,walk,rotation,stand_up
3477,act_36_12,classroom,5.0,5,b,,d,e,a,c,rotation,,wave,lie_down,pick_up,jump
3487,act_36_22,classroom,5.0,5,c,,e,a,b,d,jump,,lie_down,pick_up,sit_down,wave
3491,act_36_26,classroom,5.0,5,c,,e,a,b,d,sit_down,,nothing,walk,rotation,stand_up
3494,act_36_29,classroom,5.0,5,d,,a,b,c,e,walk,,jump,wave,lie_down,rotation
3497,act_36_32,classroom,5.0,5,d,,a,b,c,e,wave,,pick_up,sit_down,stand_up,lie_down
3507,act_36_42,classroom,5.0,5,e,,b,c,d,a,lie_down,,sit_down,stand_up,nothing,pick_up
3508,act_36_43,classroom,5.0,5,e,,b,c,d,a,pick_up,,stand_up,nothing,walk,sit_down
3511,act_36_46,classroom,5.0,5,a,,c,d,e,b,nothing,,walk,walk,rotation,nothing
3512,act_36_47,classroom,5.0,5,a,,c,d,e,b,walk,,rotation,rotation,jump,walk
3518,act_36_53,classroom,5.0,5,a,,c,d,e,b,sit_down,,stand_up,stand_up,nothing,sit_down
3531,act_36_66,classroom,5.0,5,c,,e,a,b,d,rotation,,rotation,jump,jump,rotation
3532,act_36_67,classroom,5.0,5,c,,e,a,b,d,jump,,jump,wave,wave,jump
3550,act_36_85,classroom,5.0,5,e,,b,c,d,a,jump,,jump,jump,wave,jump
3554,act_36_89,classroom,5.0,5,e,,b,c,d,a,sit_down,,sit_down,sit_down,stand_up,sit_down
3557,act_36_92,classroom,5.0,5,a,,c,d,e,b,walk,,walk,walk,walk,walk
3562,act_36_97,classroom,5.0,5,a,,c,d,e,b,pick_up,,pick_up,pick_up,pick_up,pick_up
3565,act_37_1,meeting_room,2.4,1,a,,,,,,nothing,,,,,
3569,act_37_5,meeting_room,2.4,1,a,,,,,,wave,,,,,
3573,act_37_9,meeting_room,2.4,1,a,,,,,,stand_up,,,,,
3580,act_37_16,meeting_room,2.4,1,b,,,,,,pick_up,,,,,
3582,act_37_18,meeting_room,2.4,1,b,,,,,,stand_up,,,,,
3585,act_37_21,meeting_room,2.4,1,c,,,,,,rotation,,,,,
3592,act_37_28,meeting_room,2.4,1,d,,,,,,nothing,,,,,
3595,act_37_31,meeting_room,2.4,1,d,,,,,,jump,,,,,
3597,act_37_33,meeting_room,2.4,1,d,,,,,,lie_down,,,,,
3599,act_37_35,meeting_room,2.4,1,d,,,,,,sit_down,,,,,
3601,act_37_37,meeting_room,2.4,1,e,,,,,,nothing,,,,,
3611,act_37_47,meeting_room,2.4,1,a,,,,,,walk,,,,,
3628,act_37_64,meeting_room,2.4,1,c,,,,,,nothing,,,,,
3630,act_37_66,meeting_room,2.4,1,c,,,,,,rotation,,,,,
3632,act_37_68,meeting_room,2.4,1,c,,,,,,wave,,,,,
3634,act_37_70,meeting_room,2.4,1,c,,,,,,pick_up,,,,,
3637,act_37_73,meeting_room,2.4,1,d,,,,,,nothing,,,,,
3639,act_37_75,meeting_room,2.4,1,d,,,,,,rotation,,,,,
3641,act_37_77,meeting_room,2.4,1,d,,,,,,wave,,,,,
3645,act_37_81,meeting_room,2.4,1,d,,,,,,stand_up,,,,,
3655,act_37_91,meeting_room,2.4,1,a,,,,,,nothing,,,,,
3666,act_38_3,meeting_room,2.4,1,,b,,,,,,jump,,,,
3673,act_38_10,meeting_room,2.4,1,,c,,,,,,walk,,,,
3676,act_38_13,meeting_room,2.4,1,,c,,,,,,wave,,,,
3677,act_38_14,meeting_room,2.4,1,,c,,,,,,lie_down,,,,
3684,act_38_21,meeting_room,2.4,1,,d,,,,,,jump,,,,
3688,act_38_25,meeting_room,2.4,1,,d,,,,,,sit_down,,,,
3696,act_38_33,meeting_room,2.4,1,,e,,,,,,pick_up,,,,
3697,act_38_34,meeting_room,2.4,1,,e,,,,,,sit_down,,,,
3702,act_38_39,meeting_room,2.4,1,,a,,,,,,jump,,,,
3710,act_38_47,meeting_room,2.4,1,,b,,,,,,walk,,,,
3713,act_38_50,meeting_room,2.4,1,,b,,,,,,wave,,,,
3714,act_38_51,meeting_room,2.4,1,,b,,,,,,lie_down,,,,
3715,act_38_52,meeting_room,2.4,1,,b,,,,,,pick_up,,,,
3717,act_38_54,meeting_room,2.4,1,,b,,,,,,stand_up,,,,
3720,act_38_57,meeting_room,2.4,1,,c,,,,,,rotation,,,,
3726,act_38_63,meeting_room,2.4,1,,c,,,,,,stand_up,,,,
3727,act_38_64,meeting_room,2.4,1,,d,,,,,,nothing,,,,
3736,act_38_73,meeting_room,2.4,1,,e,,,,,,nothing,,,,
3739,act_38_76,meeting_room,2.4,1,,e,,,,,,jump,,,,
3742,act_38_79,meeting_room,2.4,1,,e,,,,,,pick_up,,,,
3745,act_38_82,meeting_room,2.4,1,,a,,,,,,nothing,,,,
3749,act_38_86,meeting_room,2.4,1,,a,,,,,,wave,,,,
3757,act_38_94,meeting_room,2.4,1,,b,,,,,,jump,,,,
3761,act_38_98,meeting_room,2.4,1,,b,,,,,,sit_down,,,,
3763,act_39_1,meeting_room,2.4,1,,,c,,,,,,rotation,,,
3764,act_39_2,meeting_room,2.4,1,,,c,,,,,,jump,,,
3767,act_39_5,meeting_room,2.4,1,,,c,,,,,,pick_up,,,
3770,act_39_8,meeting_room,2.4,1,,,c,,,,,,nothing,,,
3776,act_39_14,meeting_room,2.4,1,,,d,,,,,,pick_up,,,
3779,act_39_17,meeting_room,2.4,1,,,d,,,,,,nothing,,,
3789,act_39_27,meeting_room,2.4,1,,,e,,,,,,walk,,,
3798,act_39_36,meeting_room,2.4,1,,,a,,,,,,walk,,,
3811,act_39_49,meeting_room,2.4,1,,,c,,,,,,wave,,,
3813,act_39_51,meeting_room,2.4,1,,,c,,,,,,pick_up,,,
3815,act_39_53,meeting_room,2.4,1,,,c,,,,,,stand_up,,,
3819,act_39_57,meeting_room,2.4,1,,,d,,,,,,jump,,,
3829,act_39_67,meeting_room,2.4,1,,,e,,,,,,jump,,,
3840,act_39_78,meeting_room,2.4,1,,,a,,,,,,lie_down,,,
3841,act_39_79,meeting_room,2.4,1,,,a,,,,,,pick_up,,,
3844,act_39_82,meeting_room,2.4,1,,,b,,,,,,nothing,,,
3846,act_39_84,meeting_room,2.4,1,,,b,,,,,,rotation,,,
3851,act_39_89,meeting_room,2.4,1,,,b,,,,,,sit_down,,,
3855,act_39_93,meeting_room,2.4,1,,,c,,,,,,rotation,,,
3864,act_40_3,meeting_room,2.4,1,,,,d,,,,,,lie_down,,
3875,act_40_14,meeting_room,2.4,1,,,,e,,,,,,sit_down,,
3877,act_40_16,meeting_room,2.4,1,,,,e,,,,,,nothing,,
3891,act_40_30,meeting_room,2.4,1,,,,b,,,,,,lie_down,,
3898,act_40_37,meeting_room,2.4,1,,,,c,,,,,,jump,,
3901,act_40_40,meeting_room,2.4,1,,,,c,,,,,,pick_up,,
3912,act_40_51,meeting_room,2.4,1,,,,d,,,,,,pick_up,,
3914,act_40_53,meeting_room,2.4,1,,,,d,,,,,,stand_up,,
3926,act_40_65,meeting_room,2.4,1,,,,a,,,,,,rotation,,
3927,act_40_66,meeting_room,2.4,1,,,,a,,,,,,jump,,
3931,act_40_70,meeting_room,2.4,1,,,,a,,,,,,sit_down,,
3944,act_40_83,meeting_room,2.4,1,,,,c,,,,,,walk,,
3954,act_40_93,meeting_room,2.4,1,,,,d,,,,,,rotation,,
3973,act_41_13,meeting_room,2.4,1,,,,,a,,,,,,sit_down,
3975,act_41_15,meeting_room,2.4,1,,,,,a,,,,,,nothing,
3988,act_41_28,meeting_room,2.4,1,,,,,c,,,,,,wave,
3994,act_41_34,meeting_room,2.4,1,,,,,c,,,,,,walk,
3999,act_41_39,meeting_room,2.4,1,,,,,d,,,,,,pick_up,
4001,act_41_41,meeting_room,2.4,1,,,,,d,,,,,,stand_up,
4015,act_41_55,meeting_room,2.4,1,,,,,a,,,,,,rotation,
4019,act_41_59,meeting_room,2.4,1,,,,,a,,,,,,pick_up,
4022,act_41_62,meeting_room,2.4,1,,,,,a,,,,,,nothing,
4034,act_41_74,meeting_room,2.4,1,,,,,c,,,,,,rotation,
4037,act_41_77,meeting_room,2.4,1,,,,,c,,,,,,lie_down,
4038,act_41_78,meeting_room,2.4,1,,,,,c,,,,,,pick_up,
4062,act_42_3,meeting_room,2.4,1,,,,,,a,,,,,,rotation
4071,act_42_12,meeting_room,2.4,1,,,,,,b,,,,,,rotation
4080,act_42_21,meeting_room,2.4,1,,,,,,c,,,,,,rotation
4091,act_42_32,meeting_room,2.4,1,,,,,,d,,,,,,wave
4108,act_42_49,meeting_room,2.4,1,,,,,,a,,,,,,jump
4110,act_42_51,meeting_room,2.4,1,,,,,,a,,,,,,lie_down
4115,act_42_56,meeting_room,2.4,1,,,,,,b,,,,,,walk
4117,act_42_58,meeting_room,2.4,1,,,,,,b,,,,,,jump
4125,act_42_66,meeting_room,2.4,1,,,,,,c,,,,,,rotation
4134,act_42_75,meeting_room,2.4,1,,,,,,d,,,,,,rotation
4143,act_42_84,meeting_room,2.4,1,,,,,,e,,,,,,rotation
4144,act_42_85,meeting_room,2.4,1,,,,,,e,,,,,,jump
4147,act_42_88,meeting_room,2.4,1,,,,,,e,,,,,,pick_up
4151,act_42_92,meeting_room,2.4,1,,,,,,a,,,,,,walk
4159,act_43_1,meeting_room,2.4,2,a,b,,,,,nothing,walk,,,,
4165,act_43_7,meeting_room,2.4,2,a,b,,,,,pick_up,sit_down,,,,
4168,act_43_10,meeting_room,2.4,2,b,c,,,,,nothing,walk,,,,
4172,act_43_14,meeting_room,2.4,2,b,c,,,,,wave,lie_down,,,,
4176,act_43_18,meeting_room,2.4,2,b,c,,,,,stand_up,nothing,,,,
4178,act_43_20,meeting_room,2.4,2,c,d,,,,,walk,rotation,,,,
4179,act_43_21,meeting_room,2.4,2,c,d,,,,,rotation,jump,,,,
4180,act_43_22,meeting_room,2.4,2,c,d,,,,,jump,wave,,,,
4187,act_43_29,meeting_room,2.4,2,d,e,,,,,walk,rotation,,,,
4189,act_43_31,meeting_room,2.4,2,d,e,,,,,jump,wave,,,,
4198,act_43_40,meeting_room,2.4,2,e,a,,,,,jump,wave,,,,
4200,act_43_42,meeting_room,2.4,2,e,a,,,,,lie_down,pick_up,,,,
4201,act_43_43,meeting_room,2.4,2,e,a,,,,,pick_up,sit_down,,,,
4204,act_43_46,meeting_room,2.4,2,a,b,,,,,nothing,nothing,,,,
4207,act_43_49,meeting_room,2.4,2,a,b,,,,,jump,jump,,,,
4209,act_43_51,meeting_room,2.4,2,a,b,,,,,lie_down,lie_down,,,,
4212,act_43_54,meeting_room,2.4,2,a,b,,,,,stand_up,stand_up,,,,
4213,act_43_55,meeting_room,2.4,2,b,c,,,,,nothing,nothing,,,,
4219,act_43_61,meeting_room,2.4,2,b,c,,,,,pick_up,pick_up,,,,
4224,act_43_66,meeting_room,2.4,2,c,d,,,,,rotation,rotation,,,,
4226,act_43_68,meeting_room,2.4,2,c,d,,,,,wave,wave,,,,
4228,act_43_70,meeting_room,2.4,2,c,d,,,,,pick_up,pick_up,,,,
4233,act_43_75,meeting_room,2.4,2,d,e,,,,,rotation,rotation,,,,
4235,act_43_77,meeting_room,2.4,2,d,e,,,,,wave,wave,,,,
4243,act_43_85,meeting_room,2.4,2,e,a,,,,,jump,jump,,,,
4244,act_43_86,meeting_room,2.4,2,e,a,,,,,wave,wave,,,,
4250,act_43_92,meeting_room,2.4,2,a,b,,,,,walk,walk,,,,
4256,act_43_98,meeting_room,2.4,2,a,b,,,,,sit_down,sit_down,,,,
4260,act_44_3,meeting_room,2.4,2,,,c,d,,,,,wave,lie_down,,
4262,act_44_5,meeting_room,2.4,2,,,c,d,,,,,pick_up,sit_down,,
4264,act_44_7,meeting_room,2.4,2,,,c,d,,,,,stand_up,nothing,,
4269,act_44_12,meeting_room,2.4,2,,,d,e,,,,,wave,lie_down,,
4279,act_44_22,meeting_room,2.4,2,,,e,a,,,,,lie_down,pick_up,,
4283,act_44_26,meeting_room,2.4,2,,,e,a,,,,,nothing,walk,,
4287,act_44_30,meeting_room,2.4,2,,,a,b,,,,,wave,lie_down,,
4290,act_44_33,meeting_room,2.4,2,,,a,b,,,,,sit_down,stand_up,,
4294,act_44_37,meeting_room,2.4,2,,,b,c,,,,,rotation,jump,,
4298,act_44_41,meeting_room,2.4,2,,,b,c,,,,,pick_up,sit_down,,
4301,act_44_44,meeting_room,2.4,2,,,b,c,,,,,nothing,walk,,
4312,act_44_55,meeting_room,2.4,2,,,d,e,,,,,walk,walk,,
4313,act_44_56,meeting_room,2.4,2,,,d,e,,,,,rotation,rotation,,
4325,act_44_68,meeting_room,2.4,2,,,e,a,,,,,wave,lie_down,,
4331,act_44_74,meeting_room,2.4,2,,,a,b,,,,,walk,rotation,,
4347,act_44_90,meeting_room,2.4,2,,,b,c,,,,,stand_up,stand_up,,
4350,act_44_93,meeting_room,2.4,2,,,c,d,,,,,rotation,rotation,,
4357,act_45_1,meeting_room,2.4,2,,,,,e,a,,,,,wave,nothing
4359,act_45_3,meeting_room,2.4,2,,,,,e,a,,,,,pick_up,rotation
4361,act_45_5,meeting_room,2.4,2,,,,,e,a,,,,,stand_up,wave
4362,act_45_6,meeting_room,2.4,2,,,,,e,a,,,,,nothing,lie_down
4364,act_45_8,meeting_room,2.4,2,,,,,e,a,,,,,rotation,sit_down
4381,act_45_25,meeting_room,2.4,2,,,,,b,c,,,,,walk,pick_up
4389,act_45_33,meeting_room,2.4,2,,,,,c,d,,,,,nothing,lie_down
4390,act_45_34,meeting_room,2.4,2,,,,,c,d,,,,,walk,pick_up
4400,act_45_44,meeting_room,2.4,2,,,,,d,e,,,,,rotation,sit_down
4407,act_45_51,meeting_room,2.4,2,,,,,e,a,,,,,sit_down,lie_down
4414,act_45_58,meeting_room,2.4,2,,,,,a,b,,,,,lie_down,jump
4423,act_45_67,meeting_room,2.4,2,,,,,b,c,,,,,wave,jump
4426,act_45_70,meeting_room,2.4,2,,,,,b,c,,,,,sit_down,pick_up
4427,act_45_71,meeting_room,2.4,2,,,,,b,c,,,,,stand_up,sit_down
4431,act_45_75,meeting_room,2.4,2,,,,,c,d,,,,,jump,rotation
4432,act_45_76,meeting_room,2.4,2,,,,,c,d,,,,,wave,jump
4433,act_45_77,meeting_room,2.4,2,,,,,c,d,,,,,lie_down,wave
4434,act_45_78,meeting_room,2.4,2,,,,,c,d,,,,,pick_up,lie_down
4436,act_45_80,meeting_room,2.4,2,,,,,c,d,,,,,stand_up,sit_down
4438,act_45_82,meeting_room,2.4,2,,,,,d,e,,,,,walk,nothing
4441,act_45_85,meeting_room,2.4,2,,,,,d,e,,,,,wave,jump
4444,act_45_88,meeting_room,2.4,2,,,,,d,e,,,,,sit_down,pick_up
4446,act_45_90,meeting_room,2.4,2,,,,,d,e,,,,,nothing,stand_up
4452,act_45_96,meeting_room,2.4,2,,,,,e,a,,,,,lie_down,lie_down
4453,act_45_97,meeting_room,2.4,2,,,,,e,a,,,,,pick_up,pick_up
4466,act_46_11,meeting_room,2.4,3,b,c,d,,,,walk,rotation,jump,,,
4469,act_46_14,meeting_room,2.4,3,b,c,d,,,,wave,lie_down,pick_up,,,
4471,act_46_16,meeting_room,2.4,3,b,c,d,,,,pick_up,sit_down,stand_up,,,
4474,act_46_19,meeting_room,2.4,3,c,d,e,,,,nothing,walk,rotation,,,
4482,act_46_27,meeting_room,2.4,3,c,d,e,,,,stand_up,nothing,walk,,,
4489,act_46_34,meeting_room,2.4,3,d,e,a,,,,pick_up,sit_down,stand_up,,,
4492,act_46_37,meeting_room,2.4,3,e,a,b,,,,nothing,walk,rotation,,,
4493,act_46_38,meeting_room,2.4,3,e,a,b,,,,walk,rotation,jump,,,
4494,act_46_39,meeting_room,2.4,3,e,a,b,,,,rotation,jump,wave,,,
4495,act_46_40,meeting_room,2.4,3,e,a,b,,,,jump,wave,lie_down,,,
4496,act_46_41,meeting_room,2.4,3,e,a,b,,,,wave,lie_down,pick_up,,,
4497,act_46_42,meeting_room,2.4,3,e,a,b,,,,lie_down,pick_up,sit_down,,,
4498,act_46_43,meeting_room,2.4,3,e,a,b,,,,pick_up,sit_down,stand_up,,,
4500,act_46_45,meeting_room,2.4,3,e,a,b,,,,stand_up,nothing,walk,,,
4518,act_46_63,meeting_room,2.4,3,b,c,d,,,,stand_up,stand_up,nothing,,,
4525,act_46_70,meeting_room,2.4,3,c,d,e,,,,pick_up,pick_up,pick_up,,,
4531,act_46_76,meeting_room,2.4,3,d,e,a,,,,jump,jump,jump,,,
4532,act_46_77,meeting_room,2.4,3,d,e,a,,,,wave,wave,wave,,,
4544,act_46_89,meeting_room,2.4,3,e,a,b,,,,sit_down,sit_down,sit_down,,,
4545,act_46_90,meeting_room,2.4,3,e,a,b,,,,stand_up,stand_up,stand_up,,,
4548,act_46_93,meeting_room,2.4,3,a,b,c,,,,rotation,rotation,rotation,,,
4549,act_46_94,meeting_room,2.4,3,a,b,c,,,,jump,jump,jump,,,
4556,act_47_2,meeting_room,2.4,3,,b,,d,,a,,rotation,,wave,,walk
4567,act_47_13,meeting_room,2.4,3,,c,,e,,b,,wave,,pick_up,,jump
4570,act_47_16,meeting_room,2.4,3,,c,,e,,b,,sit_down,,nothing,,pick_up
4577,act_47_23,meeting_room,2.4,3,,d,,a,,c,,lie_down,,sit_down,,wave
4586,act_47_32,meeting_room,2.4,3,,e,,b,,d,,lie_down,,sit_down,,wave
4593,act_47_39,meeting_room,2.4,3,,a,,c,,e,,jump,,lie_down,,rotation
4600,act_47_46,meeting_room,2.4,3,,b,,d,,a,,nothing,,walk,,nothing
4612,act_47_58,meeting_room,2.4,3,,c,,e,,b,,jump,,wave,,jump
4613,act_47_59,meeting_room,2.4,3,,c,,e,,b,,wave,,lie_down,,wave
4617,act_47_63,meeting_room,2.4,3,,c,,e,,b,,stand_up,,nothing,,stand_up
4622,act_47_68,meeting_room,2.4,3,,d,,a,,c,,wave,,lie_down,,wave
4633,act_47_79,meeting_room,2.4,3,,e,,b,,d,,pick_up,,sit_down,,pick_up
4637,act_47_83,meeting_room,2.4,3,,a,,c,,e,,walk,,walk,,walk
4638,act_47_84,meeting_room,2.4,3,,a,,c,,e,,rotation,,rotation,,rotation
4643,act_47_89,meeting_room,2.4,3,,a,,c,,e,,sit_down,,sit_down,,sit_down
4645,act_47_91,meeting_room,2.4,3,,b,,d,,a,,nothing,,nothing,,nothing
4649,act_47_95,meeting_room,2.4,3,,b,,d,,a,,wave,,wave,,wave
4659,act_48_6,meeting_room,2.4,3,a,,,,e,b,lie_down,,,,nothing,pick_up
4663,act_48_10,meeting_room,2.4,3,b,,,,a,c,nothing,,,,wave,walk
4671,act_48_18,meeting_room,2.4,3,b,,,,a,c,stand_up,,,,jump,nothing
4674,act_48_21,meeting_room,2.4,3,c,,,,b,d,rotation,,,,pick_up,jump
4676,act_48_23,meeting_room,2.4,3,c,,,,b,d,wave,,,,stand_up,lie_down
4704,act_48_51,meeting_room,2.4,3,a,,,,e,b,lie_down,,,,sit_down,lie_down
4720,act_48_67,meeting_room,2.4,3,c,,,,b,d,jump,,,,wave,jump
4730,act_48_77,meeting_room,2.4,3,d,,,,c,e,wave,,,,lie_down,wave
4733,act_48_80,meeting_room,2.4,3,d,,,,c,e,sit_down,,,,stand_up,sit_down
4736,act_48_83,meeting_room,2.4,3,e,,,,d,a,walk,,,,rotation,walk
4737,act_48_84,meeting_room,2.4,3,e,,,,d,a,rotation,,,,jump,rotation
4738,act_48_85,meeting_room,2.4,3,e,,,,d,a,jump,,,,wave,jump
4749,act_48_96,meeting_room,2.4,3,a,,,,e,b,lie_down,,,,lie_down,lie_down
4753,act_49_1,meeting_room,2.4,4,a,b,c,d,,,nothing,walk,rotation,jump,,
4758,act_49_6,meeting_room,2.4,4,a,b,c,d,,,lie_down,pick_up,sit_down,stand_up,,
4761,act_49_9,meeting_room,2.4,4,a,b,c,d,,,stand_up,nothing,walk,rotation,,
4778,act_49_26,meeting_room,2.4,4,c,d,e,a,,,sit_down,stand_up,nothing,walk,,
4781,act_49_29,meeting_room,2.4,4,d,e,a,b,,,walk,rotation,jump,wave,,
4785,act_49_33,meeting_room,2.4,4,d,e,a,b,,,lie_down,pick_up,sit_down,stand_up,,
4789,act_49_37,meeting_room,2.4,4,e,a,b,c,,,nothing,walk,rotation,jump,,
4791,act_49_39,meeting_room,2.4,4,e,a,b,c,,,rotation,jump,wave,lie_down,,
4796,act_49_44,meeting_room,2.4,4,e,a,b,c,,,sit_down,stand_up,nothing,walk,,
4799,act_49_47,meeting_room,2.4,4,a,b,c,d,,,walk,walk,rotation,rotation,,
4800,act_49_48,meeting_room,2.4,4,a,b,c,d,,,rotation,rotation,jump,jump,,
4805,act_49_53,meeting_room,2.4,4,a,b,c,d,,,sit_down,sit_down,stand_up,stand_up,,
4806,act_49_54,meeting_room,2.4,4,a,b,c,d,,,stand_up,stand_up,nothing,nothing,,
4807,act_49_55,meeting_room,2.4,4,b,c,d,e,,,nothing,nothing,walk,walk,,
4810,act_49_58,meeting_room,2.4,4,b,c,d,e,,,jump,jump,wave,wave,,
4812,act_49_60,meeting_room,2.4,4,b,c,d,e,,,lie_down,lie_down,pick_up,pick_up,,
4816,act_49_64,meeting_room,2.4,4,c,d,e,a,,,nothing,nothing,nothing,walk,,
4821,act_49_69,meeting_room,2.4,4,c,d,e,a,,,lie_down,lie_down,lie_down,pick_up,,
4832,act_49_80,meeting_room,2.4,4,d,e,a,b,,,sit_down,sit_down,sit_down,stand_up,,
4836,act_49_84,meeting_room,2.4,4,e,a,b,c,,,rotation,rotation,rotation,rotation,,
4838,act_49_86,meeting_room,2.4,4,e,a,b,c,,,wave,wave,wave,wave,,
4840,act_49_88,meeting_room,2.4,4,e,a,b,c,,,pick_up,pick_up,pick_up,pick_up,,
4842,act_49_90,meeting_room,2.4,4,e,a,b,c,,,stand_up,stand_up,stand_up,stand_up,,
4847,act_49_95,meeting_room,2.4,4,a,b,c,d,,,wave,wave,wave,wave,,
4850,act_49_98,meeting_room,2.4,4,a,b,c,d,,,sit_down,sit_down,sit_down,sit_down,,
4854,act_50_3,meeting_room,2.4,4,,b,,d,e,a,,jump,,lie_down,pick_up,rotation
4855,act_50_4,meeting_room,2.4,4,,b,,d,e,a,,wave,,pick_up,sit_down,jump
4859,act_50_8,meeting_room,2.4,4,,b,,d,e,a,,stand_up,,walk,rotation,sit_down
4860,act_50_9,meeting_room,2.4,4,,b,,d,e,a,,nothing,,rotation,jump,stand_up
4870,act_50_19,meeting_room,2.4,4,,d,,a,b,c,,walk,,jump,wave,nothing
4874,act_50_23,meeting_room,2.4,4,,d,,a,b,c,,lie_down,,sit_down,stand_up,wave
4877,act_50_26,meeting_room,2.4,4,,d,,a,b,c,,stand_up,,walk,rotation,sit_down
4883,act_50_32,meeting_room,2.4,4,,e,,b,c,d,,lie_down,,sit_down,stand_up,wave
4888,act_50_37,meeting_room,2.4,4,,a,,c,d,e,,walk,,jump,wave,nothing
4893,act_50_42,meeting_room,2.4,4,,a,,c,d,e,,pick_up,,stand_up,nothing,lie_down
4894,act_50_43,meeting_room,2.4,4,,a,,c,d,e,,sit_down,,nothing,walk,pick_up
4896,act_50_45,meeting_room,2.4,4,,a,,c,d,e,,nothing,,rotation,jump,stand_up
4905,act_50_54,meeting_room,2.4,4,,b,,d,e,a,,stand_up,,nothing,walk,stand_up
4910,act_50_59,meeting_room,2.4,4,,c,,e,a,b,,wave,,lie_down,pick_up,wave
4911,act_50_60,meeting_room,2.4,4,,c,,e,a,b,,lie_down,,pick_up,sit_down,lie_down
4912,act_50_61,meeting_room,2.4,4,,c,,e,a,b,,pick_up,,sit_down,stand_up,pick_up
4918,act_50_67,meeting_room,2.4,4,,d,,a,b,c,,jump,,wave,wave,jump
4927,act_50_76,meeting_room,2.4,4,,e,,b,c,d,,jump,,wave,wave,jump
4932,act_50_81,meeting_room,2.4,4,,e,,b,c,d,,stand_up,,nothing,nothing,stand_up
4941,act_50_90,meeting_room,2.4,4,,a,,c,d,e,,stand_up,,stand_up,nothing,stand_up
4945,act_50_94,meeting_room,2.4,4,,b,,d,e,a,,jump,,jump,jump,jump
4947,act_50_96,meeting_room,2.4,4,,b,,d,e,a,,lie_down,,lie_down,lie_down,lie_down
4965,act_51_15,meeting_room,2.4,4,b,,d,,a,c,lie_down,,sit_down,,nothing,pick_up
4969,act_51_19,meeting_room,2.4,4,c,,e,,b,d,nothing,,rotation,,wave,walk
4972,act_51_22,meeting_room,2.4,4,c,,e,,b,d,jump,,lie_down,,sit_down,wave
4974,act_51_24,meeting_room,2.4,4,c,,e,,b,d,lie_down,,sit_down,,nothing,pick_up
4977,act_51_27,meeting_room,2.4,4,c,,e,,b,d,stand_up,,walk,,jump,nothing
4981,act_51_31,meeting_room,2.4,4,d,,a,,c,e,jump,,lie_down,,sit_down,wave
5006,act_51_56,meeting_room,2.4,4,b,,d,,a,c,walk,,rotation,,jump,walk
5011,act_51_61,meeting_room,2.4,4,b,,d,,a,c,pick_up,,sit_down,,stand_up,pick_up
5017,act_51_67,meeting_room,2.4,4,c,,e,,b,d,jump,,jump,,wave,jump
5030,act_51_80,meeting_room,2.4,4,d,,a,,c,e,sit_down,,sit_down,,stand_up,sit_down
5032,act_51_82,meeting_room,2.4,4,e,,b,,d,a,nothing,,nothing,,walk,nothing
5044,act_51_94,meeting_room,2.4,4,a,,c,,e,b,jump,,jump,,jump,jump
5048,act_51_98,meeting_room,2.4,4,a,,c,,e,b,sit_down,,sit_down,,sit_down,sit_down
5052,act_52_3,meeting_room,2.4,5,a,b,c,d,e,,rotation,jump,wave,lie_down,pick_up,
5053,act_52_4,meeting_room,2.4,5,a,b,c,d,e,,jump,wave,lie_down,pick_up,sit_down,
5057,act_52_8,meeting_room,2.4,5,a,b,c,d,e,,sit_down,stand_up,nothing,walk,rotation,
5064,act_52_15,meeting_room,2.4,5,b,c,d,e,a,,lie_down,pick_up,sit_down,stand_up,nothing,
5069,act_52_20,meeting_room,2.4,5,c,d,e,a,b,,walk,rotation,jump,wave,lie_down,
5074,act_52_25,meeting_room,2.4,5,c,d,e,a,b,,pick_up,sit_down,stand_up,nothing,walk,
5079,act_52_30,meeting_room,2.4,5,d,e,a,b,c,,rotation,jump,wave,lie_down,pick_up,
5084,act_52_35,meeting_room,2.4,5,d,e,a,b,c,,sit_down,stand_up,nothing,walk,rotation,
5085,act_52_36,meeting_room,2.4,5,d,e,a,b,c,,stand_up,nothing,walk,rotation,jump,
5086,act_52_37,meeting_room,2.4,5,e,a,b,c,d,,nothing,walk,rotation,jump,wave,
5089,act_52_40,meeting_room,2.4,5,e,a,b,c,d,,jump,wave,lie_down,pick_up,sit_down,
5102,act_52_53,meeting_room,2.4,5,a,b,c,d,e,,sit_down,sit_down,stand_up,stand_up,nothing,
5105,act_52_56,meeting_room,2.4,5,b,c,d,e,a,,walk,walk,rotation,rotation,jump,
5106,act_52_57,meeting_room,2.4,5,b,c,d,e,a,,rotation,rotation,jump,jump,wave,
5110,act_52_61,meeting_room,2.4,5,b,c,d,e,a,,pick_up,pick_up,sit_down,sit_down,stand_up,
5116,act_52_67,meeting_room,2.4,5,c,d,e,a,b,,jump,jump,jump,wave,wave,
5117,act_52_68,meeting_room,2.4,5,c,d,e,a,b,,wave,wave,wave,lie_down,lie_down,
5123,act_52_74,meeting_room,2.4,5,d,e,a,b,c,,walk,walk,walk,rotation,rotation,
5125,act_52_76,meeting_room,2.4,5,d,e,a,b,c,,jump,jump,jump,wave,wave,
5127,act_52_78,meeting_room,2.4,5,d,e,a,b,c,,lie_down,lie_down,lie_down,pick_up,pick_up,
5135,act_52_86,meeting_room,2.4,5,e,a,b,c,d,,wave,wave,wave,wave,lie_down,
5137,act_52_88,meeting_room,2.4,5,e,a,b,c,d,,pick_up,pick_up,pick_up,pick_up,sit_down,
5143,act_52_94,meeting_room,2.4,5,a,b,c,d,e,,jump,jump,jump,jump,jump,
5151,act_53_3,meeting_room,2.4,5,,b,c,d,e,a,,jump,wave,lie_down,pick_up,rotation
5162,act_53_14,meeting_room,2.4,5,,c,d,e,a,b,,lie_down,pick_up,sit_down,stand_up,wave
5173,act_53_25,meeting_room,2.4,5,,d,e,a,b,c,,sit_down,stand_up,nothing,walk,pick_up
5176,act_53_28,meeting_room,2.4,5,,e,a,b,c,d,,walk,rotation,jump,wave,nothing
5178,act_53_30,meeting_room,2.4,5,,e,a,b,c,d,,jump,wave,lie_down,pick_up,rotation
5179,act_53_31,meeting_room,2.4,5,,e,a,b,c,d,,wave,lie_down,pick_up,sit_down,jump
5180,act_53_32,meeting_room,2.4,5,,e,a,b,c,d,,lie_down,pick_up,sit_down,stand_up,wave
5183,act_53_35,meeting_room,2.4,5,,e,a,b,c,d,,stand_up,nothing,walk,rotation,sit_down
5189,act_53_41,meeting_room,2.4,5,,a,b,c,d,e,,lie_down,pick_up,sit_down,stand_up,wave
5190,act_53_42,meeting_room,2.4,5,,a,b,c,d,e,,pick_up,sit_down,stand_up,nothing,lie_down
5192,act_53_44,meeting_room,2.4,5,,a,b,c,d,e,,stand_up,nothing,walk,rotation,sit_down
5204,act_53_56,meeting_room,2.4,5,,c,d,e,a,b,,walk,rotation,rotation,jump,walk
5208,act_53_60,meeting_room,2.4,5,,c,d,e,a,b,,lie_down,pick_up,pick_up,sit_down,lie_down
5209,act_53_61,meeting_room,2.4,5,,c,d,e,a,b,,pick_up,sit_down,sit_down,stand_up,pick_up
5223,act_53_75,meeting_room,2.4,5,,e,a,b,c,d,,rotation,rotation,jump,jump,rotation
5233,act_53_85,meeting_room,2.4,5,,a,b,c,d,e,,jump,jump,jump,wave,jump
5234,act_53_86,meeting_room,2.4,5,,a,b,c,d,e,,wave,wave,wave,lie_down,wave
5238,act_53_90,meeting_room,2.4,5,,a,b,c,d,e,,stand_up,stand_up,stand_up,nothing,stand_up
5239,act_53_91,meeting_room,2.4,5,,b,c,d,e,a,,nothing,nothing,nothing,nothing,nothing
5241,act_53_93,meeting_room,2.4,5,,b,c,d,e,a,,rotation,rotation,rotation,rotation,rotation
5244,act_53_96,meeting_room,2.4,5,,b,c,d,e,a,,lie_down,lie_down,lie_down,lie_down,lie_down
5250,act_54_3,meeting_room,2.4,5,a,,c,d,e,b,rotation,,wave,lie_down,pick_up,jump
5253,act_54_6,meeting_room,2.4,5,a,,c,d,e,b,lie_down,,sit_down,stand_up,nothing,pick_up
5257,act_54_10,meeting_room,2.4,5,b,,d,e,a,c,nothing,,rotation,jump,wave,walk
5259,act_54_12,meeting_room,2.4,5,b,,d,e,a,c,rotation,,wave,lie_down,pick_up,jump
5277,act_54_30,meeting_room,2.4,5,d,,a,b,c,e,rotation,,wave,lie_down,pick_up,jump
5281,act_54_34,meeting_room,2.4,5,d,,a,b,c,e,pick_up,,stand_up,nothing,walk,sit_down
5288,act_54_41,meeting_room,2.4,5,e,,b,c,d,a,wave,,pick_up,sit_down,stand_up,lie_down
5292,act_54_45,meeting_room,2.4,5,e,,b,c,d,a,stand_up,,walk,rotation,jump,nothing
5294,act_54_47,meeting_room,2.4,5,a,,c,d,e,b,walk,,rotation,rotation,jump,walk
5296,act_54_49,meeting_room,2.4,5,a,,c,d,e,b,jump,,wave,wave,lie_down,jump
5300,act_54_53,meeting_room,2.4,5,a,,c,d,e,b,sit_down,,stand_up,stand_up,nothing,sit_down
5302,act_54_55,meeting_room,2.4,5,b,,d,e,a,c,nothing,,walk,walk,rotation,nothing
5306,act_54_59,meeting_room,2.4,5,b,,d,e,a,c,wave,,lie_down,lie_down,pick_up,wave
5312,act_54_65,meeting_room,2.4,5,c,,e,a,b,d,walk,,walk,rotation,rotation,walk
5316,act_54_69,meeting_room,2.4,5,c,,e,a,b,d,lie_down,,lie_down,pick_up,pick_up,lie_down
5320,act_54_73,meeting_room,2.4,5,d,,a,b,c,e,nothing,,nothing,walk,walk,nothing
5321,act_54_74,meeting_room,2.4,5,d,,a,b,c,e,walk,,walk,rotation,rotation,walk
5331,act_54_84,meeting_room,2.4,5,e,,b,c,d,a,rotation,,rotation,rotation,jump,rotation
5335,act_54_88,meeting_room,2.4,5,e,,b,c,d,a,pick_up,,pick_up,pick_up,sit_down,pick_up
5343,act_54_96,meeting_room,2.4,5,a,,c,d,e,b,lie_down,,lie_down,lie_down,lie_down,lie_down
5344,act_54_97,meeting_room,2.4,5,a,,c,d,e,b,pick_up,,pick_up,pick_up,pick_up,pick_up
5347,act_55_1,meeting_room,5.0,1,a,,,,,,nothing,,,,,
5349,act_55_3,meeting_room,5.0,1,a,,,,,,rotation,,,,,
5353,act_55_7,meeting_room,5.0,1,a,,,,,,pick_up,,,,,
5371,act_55_25,meeting_room,5.0,1,c,,,,,,pick_up,,,,,
5374,act_55_28,meeting_room,5.0,1,d,,,,,,nothing,,,,,
5384,act_55_38,meeting_room,5.0,1,e,,,,,,walk,,,,,
5388,act_55_42,meeting_room,5.0,1,e,,,,,,lie_down,,,,,
5391,act_55_45,meeting_room,5.0,1,e,,,,,,stand_up,,,,,
5393,act_55_47,meeting_room,5.0,1,a,,,,,,walk,,,,,
5394,act_55_48,meeting_room,5.0,1,a,,,,,,rotation,,,,,
5402,act_55_56,meeting_room,5.0,1,b,,,,,,walk,,,,,
5409,act_55_63,meeting_room,5.0,1,b,,,,,,stand_up,,,,,
5416,act_55_70,meeting_room,5.0,1,c,,,,,,pick_up,,,,,
5421,act_55_75,meeting_room,5.0,1,d,,,,,,rotation,,,,,
5424,act_55_78,meeting_room,5.0,1,d,,,,,,lie_down,,,,,
5430,act_55_84,meeting_room,5.0,1,e,,,,,,rotation,,,,,
5436,act_55_90,meeting_room,5.0,1,e,,,,,,stand_up,,,,,
5440,act_55_94,meeting_room,5.0,1,a,,,,,,jump,,,,,
5443,act_55_97,meeting_room,5.0,1,a,,,,,,pick_up,,,,,
5446,act_56_1,meeting_room,5.0,1,,b,,,,,,walk,,,,
5449,act_56_4,meeting_room,5.0,1,,b,,,,,,wave,,,,
5450,act_56_5,meeting_room,5.0,1,,b,,,,,,lie_down,,,,
5451,act_56_6,meeting_room,5.0,1,,b,,,,,,pick_up,,,,
5464,act_56_19,meeting_room,5.0,1,,d,,,,,,walk,,,,
5469,act_56_24,meeting_room,5.0,1,,d,,,,,,pick_up,,,,
5473,act_56_28,meeting_room,5.0,1,,e,,,,,,walk,,,,
5476,act_56_31,meeting_room,5.0,1,,e,,,,,,wave,,,,
5487,act_56_42,meeting_room,5.0,1,,a,,,,,,pick_up,,,,
5491,act_56_46,meeting_room,5.0,1,,b,,,,,,nothing,,,,
5496,act_56_51,meeting_room,5.0,1,,b,,,,,,lie_down,,,,
5511,act_56_66,meeting_room,5.0,1,,d,,,,,,rotation,,,,
5531,act_56_86,meeting_room,5.0,1,,a,,,,,,wave,,,,
5535,act_56_90,meeting_room,5.0,1,,a,,,,,,stand_up,,,,
5536,act_56_91,meeting_room,5.0,1,,b,,,,,,nothing,,,,
5537,act_56_92,meeting_room,5.0,1,,b,,,,,,walk,,,,
5540,act_56_95,meeting_room,5.0,1,,b,,,,,,wave,,,,
5542,act_56_97,meeting_room,5.0,1,,b,,,,,,pick_up,,,,
5543,act_56_98,meeting_room,5.0,1,,b,,,,,,sit_down,,,,
5544,act_56_99,meeting_room,5.0,1,,b,,,,,,stand_up,,,,
5549,act_57_5,meeting_room,5.0,1,,,c,,,,,,pick_up,,,
5561,act_57_17,meeting_room,5.0,1,,,d,,,,,,nothing,,,
5566,act_57_22,meeting_room,5.0,1,,,e,,,,,,lie_down,,,
5568,act_57_24,meeting_room,5.0,1,,,e,,,,,,sit_down,,,
5570,act_57_26,meeting_room,5.0,1,,,e,,,,,,nothing,,,
5576,act_57_32,meeting_room,5.0,1,,,a,,,,,,pick_up,,,
5579,act_57_35,meeting_room,5.0,1,,,a,,,,,,nothing,,,
5586,act_57_42,meeting_room,5.0,1,,,b,,,,,,sit_down,,,
5589,act_57_45,meeting_room,5.0,1,,,b,,,,,,walk,,,
5593,act_57_49,meeting_room,5.0,1,,,c,,,,,,wave,,,
5597,act_57_53,meeting_room,5.0,1,,,c,,,,,,stand_up,,,
5601,act_57_57,meeting_room,5.0,1,,,d,,,,,,jump,,,
5605,act_57_61,meeting_room,5.0,1,,,d,,,,,,sit_down,,,
5619,act_57_75,meeting_room,5.0,1,,,a,,,,,,rotation,,,
5620,act_57_76,meeting_room,5.0,1,,,a,,,,,,jump,,,
5623,act_57_79,meeting_room,5.0,1,,,a,,,,,,pick_up,,,
5626,act_57_82,meeting_room,5.0,1,,,b,,,,,,nothing,,,
5627,act_57_83,meeting_room,5.0,1,,,b,,,,,,walk,,,
5632,act_57_88,meeting_room,5.0,1,,,b,,,,,,pick_up,,,
5645,act_58_2,meeting_room,5.0,1,,,,d,,,,,,wave,,
5646,act_58_3,meeting_room,5.0,1,,,,d,,,,,,lie_down,,
5656,act_58_13,meeting_room,5.0,1,,,,e,,,,,,pick_up,,
5657,act_58_14,meeting_room,5.0,1,,,,e,,,,,,sit_down,,
5659,act_58_16,meeting_room,5.0,1,,,,e,,,,,,nothing,,
5672,act_58_29,meeting_room,5.0,1,,,,b,,,,,,wave,,
5676,act_58_33,meeting_room,5.0,1,,,,b,,,,,,stand_up,,
5691,act_58_48,meeting_room,5.0,1,,,,d,,,,,,jump,,
5692,act_58_49,meeting_room,5.0,1,,,,d,,,,,,wave,,
5694,act_58_51,meeting_room,5.0,1,,,,d,,,,,,pick_up,,
5700,act_58_57,meeting_room,5.0,1,,,,e,,,,,,jump,,
5705,act_58_62,meeting_room,5.0,1,,,,e,,,,,,stand_up,,
5714,act_58_71,meeting_room,5.0,1,,,,a,,,,,,stand_up,,
5725,act_58_82,meeting_room,5.0,1,,,,c,,,,,,nothing,,
5727,act_58_84,meeting_room,5.0,1,,,,c,,,,,,rotation,,
5733,act_58_90,meeting_room,5.0,1,,,,c,,,,,,stand_up,,
5735,act_58_92,meeting_room,5.0,1,,,,d,,,,,,walk,,
5743,act_59_1,meeting_room,5.0,1,,,,,e,,,,,,wave,
5746,act_59_4,meeting_room,5.0,1,,,,,e,,,,,,sit_down,
5751,act_59_9,meeting_room,5.0,1,,,,,e,,,,,,jump,
5753,act_59_11,meeting_room,5.0,1,,,,,a,,,,,,lie_down,
5758,act_59_16,meeting_room,5.0,1,,,,,a,,,,,,walk,
5760,act_59_18,meeting_room,5.0,1,,,,,a,,,,,,jump,
5761,act_59_19,meeting_room,5.0,1,,,,,b,,,,,,wave,
5766,act_59_24,meeting_room,5.0,1,,,,,b,,,,,,nothing,
5773,act_59_31,meeting_room,5.0,1,,,,,c,,,,,,sit_down,
5777,act_59_35,meeting_room,5.0,1,,,,,c,,,,,,rotation,
5778,act_59_36,meeting_room,5.0,1,,,,,c,,,,,,jump,
5780,act_59_38,meeting_room,5.0,1,,,,,d,,,,,,lie_down,
5783,act_59_41,meeting_room,5.0,1,,,,,d,,,,,,stand_up,
5789,act_59_47,meeting_room,5.0,1,,,,,e,,,,,,jump,
5792,act_59_50,meeting_room,5.0,1,,,,,e,,,,,,pick_up,
5797,act_59_55,meeting_room,5.0,1,,,,,a,,,,,,rotation,
5798,act_59_56,meeting_room,5.0,1,,,,,a,,,,,,jump,
5802,act_59_60,meeting_room,5.0,1,,,,,a,,,,,,sit_down,
5812,act_59_70,meeting_room,5.0,1,,,,,b,,,,,,sit_down,
5828,act_59_86,meeting_room,5.0,1,,,,,d,,,,,,lie_down,
5855,act_60_14,meeting_room,5.0,1,,,,,,b,,,,,,wave
5856,act_60_15,meeting_room,5.0,1,,,,,,b,,,,,,lie_down
5865,act_60_24,meeting_room,5.0,1,,,,,,c,,,,,,lie_down
5871,act_60_30,meeting_room,5.0,1,,,,,,d,,,,,,rotation
5878,act_60_37,meeting_room,5.0,1,,,,,,e,,,,,,nothing
5879,act_60_38,meeting_room,5.0,1,,,,,,e,,,,,,walk
5882,act_60_41,meeting_room,5.0,1,,,,,,e,,,,,,wave
5888,act_60_47,meeting_room,5.0,1,,,,,,a,,,,,,walk
5893,act_60_52,meeting_room,5.0,1,,,,,,a,,,,,,pick_up
5896,act_60_55,meeting_room,5.0,1,,,,,,b,,,,,,nothing
5898,act_60_57,meeting_room,5.0,1,,,,,,b,,,,,,rotation
5902,act_60_61,meeting_room,5.0,1,,,,,,b,,,,,,pick_up
5908,act_60_67,meeting_room,5.0,1,,,,,,c,,,,,,jump
5914,act_60_73,meeting_room,5.0,1,,,,,,d,,,,,,nothing
5916,act_60_75,meeting_room,5.0,1,,,,,,d,,,,,,rotation
5918,act_60_77,meeting_room,5.0,1,,,,,,d,,,,,,wave
5920,act_60_79,meeting_room,5.0,1,,,,,,d,,,,,,pick_up
5942,act_61_2,meeting_room,5.0,2,a,b,,,,,walk,rotation,,,,
5948,act_61_8,meeting_room,5.0,2,a,b,,,,,sit_down,stand_up,,,,
5950,act_61_10,meeting_room,5.0,2,b,c,,,,,nothing,walk,,,,
5952,act_61_12,meeting_room,5.0,2,b,c,,,,,rotation,jump,,,,
5955,act_61_15,meeting_room,5.0,2,b,c,,,,,lie_down,pick_up,,,,
5960,act_61_20,meeting_room,5.0,2,c,d,,,,,walk,rotation,,,,
5963,act_61_23,meeting_room,5.0,2,c,d,,,,,wave,lie_down,,,,
5967,act_61_27,meeting_room,5.0,2,c,d,,,,,stand_up,nothing,,,,
5972,act_61_32,meeting_room,5.0,2,d,e,,,,,wave,lie_down,,,,
5976,act_61_36,meeting_room,5.0,2,d,e,,,,,stand_up,nothing,,,,
5978,act_61_38,meeting_room,5.0,2,e,a,,,,,walk,rotation,,,,
5985,act_61_45,meeting_room,5.0,2,e,a,,,,,stand_up,nothing,,,,
5987,act_61_47,meeting_room,5.0,2,a,b,,,,,walk,walk,,,,
5989,act_61_49,meeting_room,5.0,2,a,b,,,,,jump,jump,,,,
5990,act_61_50,meeting_room,5.0,2,a,b,,,,,wave,wave,,,,
5998,act_61_58,meeting_room,5.0,2,b,c,,,,,jump,jump,,,,
6003,act_61_63,meeting_room,5.0,2,b,c,,,,,stand_up,stand_up,,,,
6008,act_61_68,meeting_room,5.0,2,c,d,,,,,wave,wave,,,,
6013,act_61_73,meeting_room,5.0,2,d,e,,,,,nothing,nothing,,,,
6016,act_61_76,meeting_room,5.0,2,d,e,,,,,jump,jump,,,,
6017,act_61_77,meeting_room,5.0,2,d,e,,,,,wave,wave,,,,
6020,act_61_80,meeting_room,5.0,2,d,e,,,,,sit_down,sit_down,,,,
6025,act_61_85,meeting_room,5.0,2,e,a,,,,,jump,jump,,,,
6029,act_61_89,meeting_room,5.0,2,e,a,,,,,sit_down,sit_down,,,,
6032,act_61_92,meeting_room,5.0,2,a,b,,,,,walk,walk,,,,
6036,act_61_96,meeting_room,5.0,2,a,b,,,,,lie_down,lie_down,,,,
6037,act_61_97,meeting_room,5.0,2,a,b,,,,,pick_up,pick_up,,,,
6039,act_61_99,meeting_room,5.0,2,a,b,,,,,stand_up,stand_up,,,,
6043,act_62_4,meeting_room,5.0,2,,,c,d,,,,,lie_down,pick_up,,
6048,act_62_9,meeting_room,5.0,2,,,c,d,,,,,walk,rotation,,
6053,act_62_14,meeting_room,5.0,2,,,d,e,,,,,pick_up,sit_down,,
6060,act_62_21,meeting_room,5.0,2,,,e,a,,,,,wave,lie_down,,
6079,act_62_40,meeting_room,5.0,2,,,b,c,,,,,lie_down,pick_up,,
6083,act_62_44,meeting_room,5.0,2,,,b,c,,,,,nothing,walk,,
6090,act_62_51,meeting_room,5.0,2,,,c,d,,,,,pick_up,pick_up,,
6091,act_62_52,meeting_room,5.0,2,,,c,d,,,,,sit_down,sit_down,,
6098,act_62_59,meeting_room,5.0,2,,,d,e,,,,,lie_down,lie_down,,
6100,act_62_61,meeting_room,5.0,2,,,d,e,,,,,sit_down,sit_down,,
6103,act_62_64,meeting_room,5.0,2,,,e,a,,,,,nothing,walk,,
6117,act_62_78,meeting_room,5.0,2,,,a,b,,,,,lie_down,pick_up,,
6123,act_62_84,meeting_room,5.0,2,,,b,c,,,,,rotation,rotation,,
6133,act_62_94,meeting_room,5.0,2,,,c,d,,,,,jump,jump,,
6137,act_62_98,meeting_room,5.0,2,,,c,d,,,,,sit_down,sit_down,,
6141,act_63_3,meeting_room,5.0,2,,,,,e,a,,,,,pick_up,rotation
6151,act_63_13,meeting_room,5.0,2,,,,,a,b,,,,,sit_down,jump
6155,act_63_17,meeting_room,5.0,2,,,,,a,b,,,,,rotation,sit_down
6165,act_63_27,meeting_room,5.0,2,,,,,b,c,,,,,jump,stand_up
6167,act_63_29,meeting_room,5.0,2,,,,,c,d,,,,,lie_down,walk
6169,act_63_31,meeting_room,5.0,2,,,,,c,d,,,,,sit_down,jump
6173,act_63_35,meeting_room,5.0,2,,,,,c,d,,,,,rotation,sit_down
6184,act_63_46,meeting_room,5.0,2,,,,,e,a,,,,,rotation,nothing
6185,act_63_47,meeting_room,5.0,2,,,,,e,a,,,,,jump,walk
6186,act_63_48,meeting_room,5.0,2,,,,,e,a,,,,,wave,rotation
6191,act_63_53,meeting_room,5.0,2,,,,,e,a,,,,,nothing,sit_down
6198,act_63_60,meeting_room,5.0,2,,,,,a,b,,,,,sit_down,lie_down
6213,act_63_75,meeting_room,5.0,2,,,,,c,d,,,,,jump,rotation
6229,act_63_91,meeting_room,5.0,2,,,,,e,a,,,,,nothing,nothing
6230,act_63_92,meeting_room,5.0,2,,,,,e,a,,,,,walk,walk
6231,act_63_93,meeting_room,5.0,2,,,,,e,a,,,,,rotation,rotation
6234,act_63_96,meeting_room,5.0,2,,,,,e,a,,,,,lie_down,lie_down
6236,act_63_98,meeting_room,5.0,2,,,,,e,a,,,,,sit_down,sit_down
6237,act_63_99,meeting_room,5.0,2,,,,,e,a,,,,,stand_up,stand_up
6239,act_64_2,meeting_room,5.0,3,a,b,c,,,,walk,rotation,jump,,,
6242,act_64_5,meeting_room,5.0,3,a,b,c,,,,wave,lie_down,pick_up,,,
6255,act_64_18,meeting_room,5.0,3,b,c,d,,,,stand_up,nothing,walk,,,
6258,act_64_21,meeting_room,5.0,3,c,d,e,,,,rotation,jump,wave,,,
6263,act_64_26,meeting_room,5.0,3,c,d,e,,,,sit_down,stand_up,nothing,,,
6266,act_64_29,meeting_room,5.0,3,d,e,a,,,,walk,rotation,jump,,,
6270,act_64_33,meeting_room,5.0,3,d,e,a,,,,lie_down,pick_up,sit_down,,,
6273,act_64_36,meeting_room,5.0,3,d,e,a,,,,stand_up,nothing,walk,,,
6277,act_64_40,meeting_room,5.0,3,e,a,b,,,,jump,wave,lie_down,,,
6279,act_64_42,meeting_room,5.0,3,e,a,b,,,,lie_down,pick_up,sit_down,,,
6284,act_64_47,meeting_room,5.0,3,a,b,c,,,,walk,walk,rotation,,,
6285,act_64_48,meeting_room,5.0,3,a,b,c,,,,rotation,rotation,jump,,,
6288,act_64_51,meeting_room,5.0,3,a,b,c,,,,lie_down,lie_down,pick_up,,,
6289,act_64_52,meeting_room,5.0,3,a,b,c,,,,pick_up,pick_up,sit_down,,,
6294,act_64_57,meeting_room,5.0,3,b,c,d,,,,rotation,rotation,jump,,,
6295,act_64_58,meeting_room,5.0,3,b,c,d,,,,jump,jump,wave,,,
6296,act_64_59,meeting_room,5.0,3,b,c,d,,,,wave,wave,lie_down,,,
6304,act_64_67,meeting_room,5.0,3,c,d,e,,,,jump,jump,jump,,,
6306,act_64_69,meeting_room,5.0,3,c,d,e,,,,lie_down,lie_down,lie_down,,,
6314,act_64_77,meeting_room,5.0,3,d,e,a,,,,wave,wave,wave,,,
6317,act_64_80,meeting_room,5.0,3,d,e,a,,,,sit_down,sit_down,sit_down,,,
6321,act_64_84,meeting_room,5.0,3,e,a,b,,,,rotation,rotation,rotation,,,
6328,act_64_91,meeting_room,5.0,3,a,b,c,,,,nothing,nothing,nothing,,,
6332,act_64_95,meeting_room,5.0,3,a,b,c,,,,wave,wave,wave,,,
6343,act_65_7,meeting_room,5.0,3,,b,,d,,a,,sit_down,,nothing,,pick_up
6354,act_65_18,meeting_room,5.0,3,,c,,e,,b,,nothing,,rotation,,stand_up
6357,act_65_21,meeting_room,5.0,3,,d,,a,,c,,jump,,lie_down,,rotation
6360,act_65_24,meeting_room,5.0,3,,d,,a,,c,,pick_up,,stand_up,,lie_down
6369,act_65_33,meeting_room,5.0,3,,e,,b,,d,,pick_up,,stand_up,,lie_down
6372,act_65_36,meeting_room,5.0,3,,e,,b,,d,,nothing,,rotation,,stand_up
6375,act_65_39,meeting_room,5.0,3,,a,,c,,e,,jump,,lie_down,,rotation
6377,act_65_41,meeting_room,5.0,3,,a,,c,,e,,lie_down,,sit_down,,wave
6397,act_65_61,meeting_room,5.0,3,,c,,e,,b,,pick_up,,sit_down,,pick_up
6403,act_65_67,meeting_room,5.0,3,,d,,a,,c,,jump,,wave,,jump
6407,act_65_71,meeting_room,5.0,3,,d,,a,,c,,sit_down,,stand_up,,sit_down
6414,act_65_78,meeting_room,5.0,3,,e,,b,,d,,lie_down,,pick_up,,lie_down
6421,act_65_85,meeting_room,5.0,3,,a,,c,,e,,jump,,jump,,jump
6431,act_65_95,meeting_room,5.0,3,,b,,d,,a,,wave,,wave,,wave
6440,act_66_5,meeting_room,5.0,3,a,,,,e,b,wave,,,,stand_up,lie_down
6442,act_66_7,meeting_room,5.0,3,a,,,,e,b,pick_up,,,,walk,sit_down
6447,act_66_12,meeting_room,5.0,3,b,,,,a,c,rotation,,,,pick_up,jump
6457,act_66_22,meeting_room,5.0,3,c,,,,b,d,jump,,,,sit_down,wave
6458,act_66_23,meeting_room,5.0,3,c,,,,b,d,wave,,,,stand_up,lie_down
6468,act_66_33,meeting_room,5.0,3,d,,,,c,e,lie_down,,,,nothing,pick_up
6470,act_66_35,meeting_room,5.0,3,d,,,,c,e,sit_down,,,,rotation,stand_up
6472,act_66_37,meeting_room,5.0,3,e,,,,d,a,nothing,,,,wave,walk
6478,act_66_43,meeting_room,5.0,3,e,,,,d,a,pick_up,,,,walk,sit_down
6485,act_66_50,meeting_room,5.0,3,a,,,,e,b,wave,,,,pick_up,wave
6489,act_66_54,meeting_room,5.0,3,a,,,,e,b,stand_up,,,,walk,stand_up
6491,act_66_56,meeting_room,5.0,3,b,,,,a,c,walk,,,,jump,walk
6494,act_66_59,meeting_room,5.0,3,b,,,,a,c,wave,,,,pick_up,wave
6507,act_66_72,meeting_room,5.0,3,c,,,,b,d,stand_up,,,,nothing,stand_up
6512,act_66_77,meeting_room,5.0,3,d,,,,c,e,wave,,,,lie_down,wave
6515,act_66_80,meeting_room,5.0,3,d,,,,c,e,sit_down,,,,stand_up,sit_down
6526,act_66_91,meeting_room,5.0,3,a,,,,e,b,nothing,,,,nothing,nothing
6528,act_66_93,meeting_room,5.0,3,a,,,,e,b,rotation,,,,rotation,rotation
6529,act_66_94,meeting_room,5.0,3,a,,,,e,b,jump,,,,jump,jump
6531,act_66_96,meeting_room,5.0,3,a,,,,e,b,lie_down,,,,lie_down,lie_down
6541,act_67_7,meeting_room,5.0,4,a,b,c,d,,,pick_up,sit_down,stand_up,nothing,,
6542,act_67_8,meeting_room,5.0,4,a,b,c,d,,,sit_down,stand_up,nothing,walk,,
6543,act_67_9,meeting_room,5.0,4,a,b,c,d,,,stand_up,nothing,walk,rotation,,
6545,act_67_11,meeting_room,5.0,4,b,c,d,e,,,walk,rotation,jump,wave,,
6547,act_67_13,meeting_room,5.0,4,b,c,d,e,,,jump,wave,lie_down,pick_up,,
6549,act_67_15,meeting_room,5.0,4,b,c,d,e,,,lie_down,pick_up,sit_down,stand_up,,
6550,act_67_16,meeting_room,5.0,4,b,c,d,e,,,pick_up,sit_down,stand_up,nothing,,
6564,act_67_30,meeting_room,5.0,4,d,e,a,b,,,rotation,jump,wave,lie_down,,
6566,act_67_32,meeting_room,5.0,4,d,e,a,b,,,wave,lie_down,pick_up,sit_down,,
6571,act_67_37,meeting_room,5.0,4,e,a,b,c,,,nothing,walk,rotation,jump,,
6574,act_67_40,meeting_room,5.0,4,e,a,b,c,,,jump,wave,lie_down,pick_up,,
6586,act_67_52,meeting_room,5.0,4,a,b,c,d,,,pick_up,pick_up,sit_down,sit_down,,
6589,act_67_55,meeting_room,5.0,4,b,c,d,e,,,nothing,nothing,walk,walk,,
6601,act_67_67,meeting_room,5.0,4,c,d,e,a,,,jump,jump,jump,wave,,
6603,act_67_69,meeting_room,5.0,4,c,d,e,a,,,lie_down,lie_down,lie_down,pick_up,,
6610,act_67_76,meeting_room,5.0,4,d,e,a,b,,,jump,jump,jump,wave,,
6611,act_67_77,meeting_room,5.0,4,d,e,a,b,,,wave,wave,wave,lie_down,,
6613,act_67_79,meeting_room,5.0,4,d,e,a,b,,,pick_up,pick_up,pick_up,sit_down,,
6615,act_67_81,meeting_room,5.0,4,d,e,a,b,,,stand_up,stand_up,stand_up,nothing,,
6617,act_67_83,meeting_room,5.0,4,e,a,b,c,,,walk,walk,walk,walk,,
6618,act_67_84,meeting_room,5.0,4,e,a,b,c,,,rotation,rotation,rotation,rotation,,
6620,act_67_86,meeting_room,5.0,4,e,a,b,c,,,wave,wave,wave,wave,,
6636,act_68_3,meeting_room,5.0,4,,b,,d,e,a,,jump,,lie_down,pick_up,rotation
6639,act_68_6,meeting_room,5.0,4,,b,,d,e,a,,pick_up,,stand_up,nothing,lie_down
6641,act_68_8,meeting_room,5.0,4,,b,,d,e,a,,stand_up,,walk,rotation,sit_down
6645,act_68_12,meeting_room,5.0,4,,c,,e,a,b,,jump,,lie_down,pick_up,rotation
6646,act_68_13,meeting_room,5.0,4,,c,,e,a,b,,wave,,pick_up,sit_down,jump
6653,act_68_20,meeting_room,5.0,4,,d,,a,b,c,,rotation,,wave,lie_down,walk
6656,act_68_23,meeting_room,5.0,4,,d,,a,b,c,,lie_down,,sit_down,stand_up,wave
6657,act_68_24,meeting_room,5.0,4,,d,,a,b,c,,pick_up,,stand_up,nothing,lie_down
6666,act_68_33,meeting_room,5.0,4,,e,,b,c,d,,pick_up,,stand_up,nothing,lie_down
6668,act_68_35,meeting_room,5.0,4,,e,,b,c,d,,stand_up,,walk,rotation,sit_down
6669,act_68_36,meeting_room,5.0,4,,e,,b,c,d,,nothing,,rotation,jump,stand_up
6675,act_68_42,meeting_room,5.0,4,,a,,c,d,e,,pick_up,,stand_up,nothing,lie_down
6676,act_68_43,meeting_room,5.0,4,,a,,c,d,e,,sit_down,,nothing,walk,pick_up
6678,act_68_45,meeting_room,5.0,4,,a,,c,d,e,,nothing,,rotation,jump,stand_up
6695,act_68_62,meeting_room,5.0,4,,c,,e,a,b,,sit_down,,stand_up,nothing,sit_down
6705,act_68_72,meeting_room,5.0,4,,d,,a,b,c,,stand_up,,nothing,nothing,stand_up
6710,act_68_77,meeting_room,5.0,4,,e,,b,c,d,,wave,,lie_down,lie_down,wave
6722,act_68_89,meeting_room,5.0,4,,a,,c,d,e,,sit_down,,sit_down,stand_up,sit_down
6723,act_68_90,meeting_room,5.0,4,,a,,c,d,e,,stand_up,,stand_up,nothing,stand_up
6732,act_68_99,meeting_room,5.0,4,,b,,d,e,a,,stand_up,,stand_up,stand_up,stand_up
6733,act_69_1,meeting_room,5.0,4,a,,c,,e,b,nothing,,rotation,,wave,walk
6737,act_69_5,meeting_room,5.0,4,a,,c,,e,b,wave,,pick_up,,stand_up,lie_down
6738,act_69_6,meeting_room,5.0,4,a,,c,,e,b,lie_down,,sit_down,,nothing,pick_up
6739,act_69_7,meeting_room,5.0,4,a,,c,,e,b,pick_up,,stand_up,,walk,sit_down
6749,act_69_17,meeting_room,5.0,4,b,,d,,a,c,sit_down,,nothing,,rotation,stand_up
6765,act_69_33,meeting_room,5.0,4,d,,a,,c,e,lie_down,,sit_down,,nothing,pick_up
6767,act_69_35,meeting_room,5.0,4,d,,a,,c,e,sit_down,,nothing,,rotation,stand_up
6768,act_69_36,meeting_room,5.0,4,d,,a,,c,e,stand_up,,walk,,jump,nothing
6771,act_69_39,meeting_room,5.0,4,e,,b,,d,a,rotation,,wave,,pick_up,jump
6777,act_69_45,meeting_room,5.0,4,e,,b,,d,a,stand_up,,walk,,jump,nothing
6778,act_69_46,meeting_room,5.0,4,a,,c,,e,b,nothing,,walk,,rotation,nothing
6781,act_69_49,meeting_room,5.0,4,a,,c,,e,b,jump,,wave,,lie_down,jump
6784,act_69_52,meeting_room,5.0,4,a,,c,,e,b,pick_up,,sit_down,,stand_up,pick_up
6788,act_69_56,meeting_room,5.0,4,b,,d,,a,c,walk,,rotation,,jump,walk
6794,act_69_62,meeting_room,5.0,4,b,,d,,a,c,sit_down,,stand_up,,nothing,sit_down
6800,act_69_68,meeting_room,5.0,4,c,,e,,b,d,wave,,wave,,lie_down,wave
6802,act_69_70,meeting_room,5.0,4,c,,e,,b,d,pick_up,,pick_up,,sit_down,pick_up
6807,act_69_75,meeting_room,5.0,4,d,,a,,c,e,rotation,,rotation,,jump,rotation
6808,act_69_76,meeting_room,5.0,4,d,,a,,c,e,jump,,jump,,wave,jump
6810,act_69_78,meeting_room,5.0,4,d,,a,,c,e,lie_down,,lie_down,,pick_up,lie_down
6813,act_69_81,meeting_room,5.0,4,d,,a,,c,e,stand_up,,stand_up,,nothing,stand_up
6814,act_69_82,meeting_room,5.0,4,e,,b,,d,a,nothing,,nothing,,walk,nothing
6820,act_69_88,meeting_room,5.0,4,e,,b,,d,a,pick_up,,pick_up,,sit_down,pick_up
6834,act_70_3,meeting_room,5.0,5,a,b,c,d,e,,rotation,jump,wave,lie_down,pick_up,
6853,act_70_22,meeting_room,5.0,5,c,d,e,a,b,,jump,wave,lie_down,pick_up,sit_down,
6864,act_70_33,meeting_room,5.0,5,d,e,a,b,c,,lie_down,pick_up,sit_down,stand_up,nothing,
6870,act_70_39,meeting_room,5.0,5,e,a,b,c,d,,rotation,jump,wave,lie_down,pick_up,
6874,act_70_43,meeting_room,5.0,5,e,a,b,c,d,,pick_up,sit_down,stand_up,nothing,walk,
6882,act_70_51,meeting_room,5.0,5,a,b,c,d,e,,lie_down,lie_down,pick_up,pick_up,sit_down,
6883,act_70_52,meeting_room,5.0,5,a,b,c,d,e,,pick_up,pick_up,sit_down,sit_down,stand_up,
6892,act_70_61,meeting_room,5.0,5,b,c,d,e,a,,pick_up,pick_up,sit_down,sit_down,stand_up,
6893,act_70_62,meeting_room,5.0,5,b,c,d,e,a,,sit_down,sit_down,stand_up,stand_up,nothing,
6894,act_70_63,meeting_room,5.0,5,b,c,d,e,a,,stand_up,stand_up,nothing,nothing,walk,
6895,act_70_64,meeting_room,5.0,5,c,d,e,a,b,,nothing,nothing,nothing,walk,walk,
6896,act_70_65,meeting_room,5.0,5,c,d,e,a,b,,walk,walk,walk,rotation,rotation,
6899,act_70_68,meeting_room,5.0,5,c,d,e,a,b,,wave,wave,wave,lie_down,lie_down,
6906,act_70_75,meeting_room,5.0,5,d,e,a,b,c,,rotation,rotation,rotation,jump,jump,
6908,act_70_77,meeting_room,5.0,5,d,e,a,b,c,,wave,wave,wave,lie_down,lie_down,
6911,act_70_80,meeting_room,5.0,5,d,e,a,b,c,,sit_down,sit_down,sit_down,stand_up,stand_up,
6918,act_70_87,meeting_room,5.0,5,e,a,b,c,d,,lie_down,lie_down,lie_down,lie_down,pick_up,
6925,act_70_94,meeting_room,5.0,5,a,b,c,d,e,,jump,jump,jump,jump,jump,
6929,act_70_98,meeting_room,5.0,5,a,b,c,d,e,,sit_down,sit_down,sit_down,sit_down,sit_down,
6937,act_71_7,meeting_room,5.0,5,,b,c,d,e,a,,sit_down,stand_up,nothing,walk,pick_up
6938,act_71_8,meeting_room,5.0,5,,b,c,d,e,a,,stand_up,nothing,walk,rotation,sit_down
6939,act_71_9,meeting_room,5.0,5,,b,c,d,e,a,,nothing,walk,rotation,jump,stand_up
6942,act_71_12,meeting_room,5.0,5,,c,d,e,a,b,,jump,wave,lie_down,pick_up,rotation
6944,act_71_14,meeting_room,5.0,5,,c,d,e,a,b,,lie_down,pick_up,sit_down,stand_up,wave
6945,act_71_15,meeting_room,5.0,5,,c,d,e,a,b,,pick_up,sit_down,stand_up,nothing,lie_down
6950,act_71_20,meeting_room,5.0,5,,d,e,a,b,c,,rotation,jump,wave,lie_down,walk
6961,act_71_31,meeting_room,5.0,5,,e,a,b,c,d,,wave,lie_down,pick_up,sit_down,jump
6967,act_71_37,meeting_room,5.0,5,,a,b,c,d,e,,walk,rotation,jump,wave,nothing
6971,act_71_41,meeting_room,5.0,5,,a,b,c,d,e,,lie_down,pick_up,sit_down,stand_up,wave
6972,act_71_42,meeting_room,5.0,5,,a,b,c,d,e,,pick_up,sit_down,stand_up,nothing,lie_down
6981,act_71_51,meeting_room,5.0,5,,b,c,d,e,a,,lie_down,pick_up,pick_up,sit_down,lie_down
6982,act_71_52,meeting_room,5.0,5,,b,c,d,e,a,,pick_up,sit_down,sit_down,stand_up,pick_up
6987,act_71_57,meeting_room,5.0,5,,c,d,e,a,b,,rotation,jump,jump,wave,rotation
6989,act_71_59,meeting_room,5.0,5,,c,d,e,a,b,,wave,lie_down,lie_down,pick_up,wave
6997,act_71_67,meeting_room,5.0,5,,d,e,a,b,c,,jump,jump,wave,wave,jump
7001,act_71_71,meeting_room,5.0,5,,d,e,a,b,c,,sit_down,sit_down,stand_up,stand_up,sit_down
7003,act_71_73,meeting_room,5.0,5,,e,a,b,c,d,,nothing,nothing,walk,walk,nothing
7005,act_71_75,meeting_room,5.0,5,,e,a,b,c,d,,rotation,rotation,jump,jump,rotation
7006,act_71_76,meeting_room,5.0,5,,e,a,b,c,d,,jump,jump,wave,wave,jump
7010,act_71_80,meeting_room,5.0,5,,e,a,b,c,d,,sit_down,sit_down,stand_up,stand_up,sit_down
7011,act_71_81,meeting_room,5.0,5,,e,a,b,c,d,,stand_up,stand_up,nothing,nothing,stand_up
7015,act_71_85,meeting_room,5.0,5,,a,b,c,d,e,,jump,jump,jump,wave,jump
7023,act_71_93,meeting_room,5.0,5,,b,c,d,e,a,,rotation,rotation,rotation,rotation,rotation
7027,act_71_97,meeting_room,5.0,5,,b,c,d,e,a,,pick_up,pick_up,pick_up,pick_up,pick_up
7028,act_71_98,meeting_room,5.0,5,,b,c,d,e,a,,sit_down,sit_down,sit_down,sit_down,sit_down
7030,act_72_1,meeting_room,5.0,5,a,,c,d,e,b,nothing,,rotation,jump,wave,walk
7036,act_72_7,meeting_room,5.0,5,a,,c,d,e,b,pick_up,,stand_up,nothing,walk,sit_down
7042,act_72_13,meeting_room,5.0,5,b,,d,e,a,c,jump,,lie_down,pick_up,sit_down,wave
7044,act_72_15,meeting_room,5.0,5,b,,d,e,a,c,lie_down,,sit_down,stand_up,nothing,pick_up
7046,act_72_17,meeting_room,5.0,5,b,,d,e,a,c,sit_down,,nothing,walk,rotation,stand_up
7053,act_72_24,meeting_room,5.0,5,c,,e,a,b,d,lie_down,,sit_down,stand_up,nothing,pick_up
7057,act_72_28,meeting_room,5.0,5,d,,a,b,c,e,nothing,,rotation,jump,wave,walk
7058,act_72_29,meeting_room,5.0,5,d,,a,b,c,e,walk,,jump,wave,lie_down,rotation
7060,act_72_31,meeting_room,5.0,5,d,,a,b,c,e,jump,,lie_down,pick_up,sit_down,wave
7063,act_72_34,meeting_room,5.0,5,d,,a,b,c,e,pick_up,,stand_up,nothing,walk,sit_down
7070,act_72_41,meeting_room,5.0,5,e,,b,c,d,a,wave,,pick_up,sit_down,stand_up,lie_down
7080,act_72_51,meeting_room,5.0,5,a,,c,d,e,b,lie_down,,pick_up,pick_up,sit_down,lie_down
7084,act_72_55,meeting_room,5.0,5,b,,d,e,a,c,nothing,,walk,walk,rotation,nothing
7089,act_72_60,meeting_room,5.0,5,b,,d,e,a,c,lie_down,,pick_up,pick_up,sit_down,lie_down
7099,act_72_70,meeting_room,5.0,5,c,,e,a,b,d,pick_up,,pick_up,sit_down,sit_down,pick_up
7100,act_72_71,meeting_room,5.0,5,c,,e,a,b,d,sit_down,,sit_down,stand_up,stand_up,sit_down
7102,act_72_73,meeting_room,5.0,5,d,,a,b,c,e,nothing,,nothing,walk,walk,nothing
7103,act_72_74,meeting_room,5.0,5,d,,a,b,c,e,walk,,walk,rotation,rotation,walk
7113,act_72_84,meeting_room,5.0,5,e,,b,c,d,a,rotation,,rotation,rotation,jump,rotation
7115,act_72_86,meeting_room,5.0,5,e,,b,c,d,a,wave,,wave,wave,lie_down,wave
7116,act_72_87,meeting_room,5.0,5,e,,b,c,d,a,lie_down,,lie_down,lie_down,pick_up,lie_down
7118,act_72_89,meeting_room,5.0,5,e,,b,c,d,a,sit_down,,sit_down,sit_down,stand_up,sit_down
7120,act_72_91,meeting_room,5.0,5,a,,c,d,e,b,nothing,,nothing,nothing,nothing,nothing
7122,act_72_93,meeting_room,5.0,5,a,,c,d,e,b,rotation,,rotation,rotation,rotation,rotation
7124,act_72_95,meeting_room,5.0,5,a,,c,d,e,b,wave,,wave,wave,wave,wave
7125,act_72_96,meeting_room,5.0,5,a,,c,d,e,b,lie_down,,lie_down,lie_down,lie_down,lie_down
7126,act_72_97,meeting_room,5.0,5,a,,c,d,e,b,pick_up,,pick_up,pick_up,pick_up,pick_up
7127,act_72_98,meeting_room,5.0,5,a,,c,d,e,b,sit_down,,sit_down,sit_down,sit_down,sit_down
7138,act_73_10,empty_room,2.4,1,b,,,,,,nothing,,,,,
7139,act_73_11,empty_room,2.4,1,b,,,,,,walk,,,,,
7141,act_73_13,empty_room,2.4,1,b,,,,,,jump,,,,,
7142,act_73_14,empty_room,2.4,1,b,,,,,,wave,,,,,
7148,act_73_20,empty_room,2.4,1,c,,,,,,walk,,,,,
7152,act_73_24,empty_room,2.4,1,c,,,,,,lie_down,,,,,
7155,act_73_27,empty_room,2.4,1,c,,,,,,stand_up,,,,,
7159,act_73_31,empty_room,2.4,1,d,,,,,,jump,,,,,
7165,act_73_37,empty_room,2.4,1,e,,,,,,nothing,,,,,
7176,act_73_48,empty_room,2.4,1,a,,,,,,rotation,,,,,
7178,act_73_50,empty_room,2.4,1,a,,,,,,wave,,,,,
7180,act_73_52,empty_room,2.4,1,a,,,,,,pick_up,,,,,
7185,act_73_57,empty_room,2.4,1,b,,,,,,rotation,,,,,
7187,act_73_59,empty_room,2.4,1,b,,,,,,wave,,,,,
7191,act_73_63,empty_room,2.4,1,b,,,,,,stand_up,,,,,
7193,act_73_65,empty_room,2.4,1,c,,,,,,walk,,,,,
7197,act_73_69,empty_room,2.4,1,c,,,,,,lie_down,,,,,
7207,act_73_79,empty_room,2.4,1,d,,,,,,pick_up,,,,,
7209,act_73_81,empty_room,2.4,1,d,,,,,,stand_up,,,,,
7215,act_73_87,empty_room,2.4,1,e,,,,,,lie_down,,,,,
7216,act_73_88,empty_room,2.4,1,e,,,,,,pick_up,,,,,
7219,act_73_91,empty_room,2.4,1,a,,,,,,nothing,,,,,
7222,act_73_94,empty_room,2.4,1,a,,,,,,jump,,,,,
7228,act_74_1,empty_room,2.4,1,,b,,,,,,walk,,,,
7233,act_74_6,empty_room,2.4,1,,b,,,,,,pick_up,,,,
7240,act_74_13,empty_room,2.4,1,,c,,,,,,wave,,,,
7241,act_74_14,empty_room,2.4,1,,c,,,,,,lie_down,,,,
7242,act_74_15,empty_room,2.4,1,,c,,,,,,pick_up,,,,
7246,act_74_19,empty_room,2.4,1,,d,,,,,,walk,,,,
7254,act_74_27,empty_room,2.4,1,,d,,,,,,nothing,,,,
7267,act_74_40,empty_room,2.4,1,,a,,,,,,wave,,,,
7271,act_74_44,empty_room,2.4,1,,a,,,,,,stand_up,,,,
7275,act_74_48,empty_room,2.4,1,,b,,,,,,rotation,,,,
7281,act_74_54,empty_room,2.4,1,,b,,,,,,stand_up,,,,
7286,act_74_59,empty_room,2.4,1,,c,,,,,,wave,,,,
7288,act_74_61,empty_room,2.4,1,,c,,,,,,pick_up,,,,
7292,act_74_65,empty_room,2.4,1,,d,,,,,,walk,,,,
7295,act_74_68,empty_room,2.4,1,,d,,,,,,wave,,,,
7312,act_74_85,empty_room,2.4,1,,a,,,,,,jump,,,,
7313,act_74_86,empty_room,2.4,1,,a,,,,,,wave,,,,
7315,act_74_88,empty_room,2.4,1,,a,,,,,,pick_up,,,,
7327,act_75_1,empty_room,2.4,1,,,c,,,,,,rotation,,,
7328,act_75_2,empty_room,2.4,1,,,c,,,,,,jump,,,
7331,act_75_5,empty_room,2.4,1,,,c,,,,,,pick_up,,,
7340,act_75_14,empty_room,2.4,1,,,d,,,,,,pick_up,,,
7341,act_75_15,empty_room,2.4,1,,,d,,,,,,sit_down,,,
7344,act_75_18,empty_room,2.4,1,,,d,,,,,,walk,,,
7351,act_75_25,empty_room,2.4,1,,,e,,,,,,stand_up,,,
7352,act_75_26,empty_room,2.4,1,,,e,,,,,,nothing,,,
7358,act_75_32,empty_room,2.4,1,,,a,,,,,,pick_up,,,
7369,act_75_43,empty_room,2.4,1,,,b,,,,,,stand_up,,,
7374,act_75_48,empty_room,2.4,1,,,c,,,,,,jump,,,
7381,act_75_55,empty_room,2.4,1,,,d,,,,,,walk,,,
7386,act_75_60,empty_room,2.4,1,,,d,,,,,,pick_up,,,
7391,act_75_65,empty_room,2.4,1,,,e,,,,,,walk,,,
7393,act_75_67,empty_room,2.4,1,,,e,,,,,,jump,,,
7395,act_75_69,empty_room,2.4,1,,,e,,,,,,lie_down,,,
7398,act_75_72,empty_room,2.4,1,,,e,,,,,,stand_up,,,
7401,act_75_75,empty_room,2.4,1,,,a,,,,,,rotation,,,
7405,act_75_79,empty_room,2.4,1,,,a,,,,,,pick_up,,,
7409,act_75_83,empty_room,2.4,1,,,b,,,,,,walk,,,
7410,act_75_84,empty_room,2.4,1,,,b,,,,,,rotation,,,
7419,act_75_93,empty_room,2.4,1,,,c,,,,,,rotation,,,
7420,act_75_94,empty_room,2.4,1,,,c,,,,,,jump,,,
7422,act_75_96,empty_room,2.4,1,,,c,,,,,,lie_down,,,
7425,act_75_99,empty_room,2.4,1,,,c,,,,,,stand_up,,,
7427,act_76_2,empty_room,2.4,1,,,,d,,,,,,wave,,
7438,act_76_13,empty_room,2.4,1,,,,e,,,,,,pick_up,,
7447,act_76_22,empty_room,2.4,1,,,,a,,,,,,pick_up,,
7450,act_76_25,empty_room,2.4,1,,,,a,,,,,,nothing,,
7452,act_76_27,empty_room,2.4,1,,,,a,,,,,,rotation,,
7456,act_76_31,empty_room,2.4,1,,,,b,,,,,,pick_up,,
7474,act_76_49,empty_room,2.4,1,,,,d,,,,,,wave,,
7480,act_76_55,empty_room,2.4,1,,,,e,,,,,,walk,,
7484,act_76_59,empty_room,2.4,1,,,,e,,,,,,lie_down,,
7487,act_76_62,empty_room,2.4,1,,,,e,,,,,,stand_up,,
7490,act_76_65,empty_room,2.4,1,,,,a,,,,,,rotation,,
7491,act_76_66,empty_room,2.4,1,,,,a,,,,,,jump,,
7492,act_76_67,empty_room,2.4,1,,,,a,,,,,,wave,,
7495,act_76_70,empty_room,2.4,1,,,,a,,,,,,sit_down,,
7505,act_76_80,empty_room,2.4,1,,,,b,,,,,,stand_up,,
7510,act_76_85,empty_room,2.4,1,,,,c,,,,,,jump,,
7512,act_76_87,empty_room,2.4,1,,,,c,,,,,,lie_down,,
7514,act_76_89,empty_room,2.4,1,,,,c,,,,,,sit_down,,
7520,act_76_95,empty_room,2.4,1,,,,d,,,,,,wave,,
7527,act_77_3,empty_room,2.4,1,,,,,e,,,,,,pick_up,
7544,act_77_20,empty_room,2.4,1,,,,,b,,,,,,lie_down,
7547,act_77_23,empty_room,2.4,1,,,,,b,,,,,,stand_up,
7555,act_77_31,empty_room,2.4,1,,,,,c,,,,,,sit_down,
7556,act_77_32,empty_room,2.4,1,,,,,c,,,,,,stand_up,
7561,act_77_37,empty_room,2.4,1,,,,,d,,,,,,wave,
7562,act_77_38,empty_room,2.4,1,,,,,d,,,,,,lie_down,
7565,act_77_41,empty_room,2.4,1,,,,,d,,,,,,stand_up,
7571,act_77_47,empty_room,2.4,1,,,,,e,,,,,,jump,
7575,act_77_51,empty_room,2.4,1,,,,,e,,,,,,sit_down,
7576,act_77_52,empty_room,2.4,1,,,,,e,,,,,,stand_up,
7577,act_77_53,empty_room,2.4,1,,,,,e,,,,,,nothing,
7578,act_77_54,empty_room,2.4,1,,,,,e,,,,,,walk,
7588,act_77_64,empty_room,2.4,1,,,,,b,,,,,,walk,
7596,act_77_72,empty_room,2.4,1,,,,,b,,,,,,nothing,
7618,act_77_94,empty_room,2.4,1,,,,,e,,,,,,jump,
7623,act_77_99,empty_room,2.4,1,,,,,e,,,,,,stand_up,
7630,act_78_7,empty_room,2.4,1,,,,,,a,,,,,,pick_up
7639,act_78_16,empty_room,2.4,1,,,,,,b,,,,,,pick_up
7642,act_78_19,empty_room,2.4,1,,,,,,c,,,,,,nothing
7644,act_78_21,empty_room,2.4,1,,,,,,c,,,,,,rotation
7649,act_78_26,empty_room,2.4,1,,,,,,c,,,,,,sit_down
7651,act_78_28,empty_room,2.4,1,,,,,,d,,,,,,nothing
7652,act_78_29,empty_room,2.4,1,,,,,,d,,,,,,walk
7658,act_78_35,empty_room,2.4,1,,,,,,d,,,,,,sit_down
7668,act_78_45,empty_room,2.4,1,,,,,,e,,,,,,stand_up
7669,act_78_46,empty_room,2.4,1,,,,,,a,,,,,,nothing
7674,act_78_51,empty_room,2.4,1,,,,,,a,,,,,,lie_down
7675,act_78_52,empty_room,2.4,1,,,,,,a,,,,,,pick_up
7680,act_78_57,empty_room,2.4,1,,,,,,b,,,,,,rotation
7684,act_78_61,empty_room,2.4,1,,,,,,b,,,,,,pick_up
7687,act_78_64,empty_room,2.4,1,,,,,,c,,,,,,nothing
7688,act_78_65,empty_room,2.4,1,,,,,,c,,,,,,walk
7694,act_78_71,empty_room,2.4,1,,,,,,c,,,,,,sit_down
7695,act_78_72,empty_room,2.4,1,,,,,,c,,,,,,stand_up
7706,act_78_83,empty_room,2.4,1,,,,,,e,,,,,,walk
7715,act_78_92,empty_room,2.4,1,,,,,,a,,,,,,walk
7716,act_78_93,empty_room,2.4,1,,,,,,a,,,,,,rotation
7722,act_78_99,empty_room,2.4,1,,,,,,a,,,,,,stand_up
7724,act_79_2,empty_room,2.4,2,a,b,,,,,walk,rotation,,,,
7726,act_79_4,empty_room,2.4,2,a,b,,,,,jump,wave,,,,
7731,act_79_9,empty_room,2.4,2,a,b,,,,,stand_up,nothing,,,,
7735,act_79_13,empty_room,2.4,2,b,c,,,,,jump,wave,,,,
7759,act_79_37,empty_room,2.4,2,e,a,,,,,nothing,walk,,,,
7762,act_79_40,empty_room,2.4,2,e,a,,,,,jump,wave,,,,
7777,act_79_55,empty_room,2.4,2,b,c,,,,,nothing,nothing,,,,
7778,act_79_56,empty_room,2.4,2,b,c,,,,,walk,walk,,,,
7784,act_79_62,empty_room,2.4,2,b,c,,,,,sit_down,sit_down,,,,
7789,act_79_67,empty_room,2.4,2,c,d,,,,,jump,jump,,,,
7791,act_79_69,empty_room,2.4,2,c,d,,,,,lie_down,lie_down,,,,
7805,act_79_83,empty_room,2.4,2,e,a,,,,,walk,walk,,,,
7806,act_79_84,empty_room,2.4,2,e,a,,,,,rotation,rotation,,,,
7807,act_79_85,empty_room,2.4,2,e,a,,,,,jump,jump,,,,
7814,act_79_92,empty_room,2.4,2,a,b,,,,,walk,walk,,,,
7828,act_80_7,empty_room,2.4,2,,,c,d,,,,,stand_up,nothing,,
7831,act_80_10,empty_room,2.4,2,,,d,e,,,,,rotation,jump,,
7833,act_80_12,empty_room,2.4,2,,,d,e,,,,,wave,lie_down,,
7834,act_80_13,empty_room,2.4,2,,,d,e,,,,,lie_down,pick_up,,
7843,act_80_22,empty_room,2.4,2,,,e,a,,,,,lie_down,pick_up,,
7844,act_80_23,empty_room,2.4,2,,,e,a,,,,,pick_up,sit_down,,
7849,act_80_28,empty_room,2.4,2,,,a,b,,,,,rotation,jump,,
7850,act_80_29,empty_room,2.4,2,,,a,b,,,,,jump,wave,,
7858,act_80_37,empty_room,2.4,2,,,b,c,,,,,rotation,jump,,
7859,act_80_38,empty_room,2.4,2,,,b,c,,,,,jump,wave,,
7861,act_80_40,empty_room,2.4,2,,,b,c,,,,,lie_down,pick_up,,
7864,act_80_43,empty_room,2.4,2,,,b,c,,,,,stand_up,nothing,,
7868,act_80_47,empty_room,2.4,2,,,c,d,,,,,rotation,rotation,,
7870,act_80_49,empty_room,2.4,2,,,c,d,,,,,wave,wave,,
7871,act_80_50,empty_room,2.4,2,,,c,d,,,,,lie_down,lie_down,,
7879,act_80_58,empty_room,2.4,2,,,d,e,,,,,wave,wave,,
7892,act_80_71,empty_room,2.4,2,,,e,a,,,,,sit_down,stand_up,,
7893,act_80_72,empty_room,2.4,2,,,e,a,,,,,stand_up,nothing,,
7899,act_80_78,empty_room,2.4,2,,,a,b,,,,,lie_down,pick_up,,
7902,act_80_81,empty_room,2.4,2,,,a,b,,,,,stand_up,nothing,,
7905,act_80_84,empty_room,2.4,2,,,b,c,,,,,rotation,rotation,,
7907,act_80_86,empty_room,2.4,2,,,b,c,,,,,wave,wave,,
7917,act_80_96,empty_room,2.4,2,,,c,d,,,,,lie_down,lie_down,,
7940,act_81_20,empty_room,2.4,2,,,,,b,c,,,,,lie_down,walk
7942,act_81_22,empty_room,2.4,2,,,,,b,c,,,,,sit_down,jump
7944,act_81_24,empty_room,2.4,2,,,,,b,c,,,,,nothing,lie_down
7957,act_81_37,empty_room,2.4,2,,,,,d,e,,,,,wave,nothing
7962,act_81_42,empty_room,2.4,2,,,,,d,e,,,,,nothing,lie_down
7968,act_81_48,empty_room,2.4,2,,,,,e,a,,,,,wave,rotation
7971,act_81_51,empty_room,2.4,2,,,,,e,a,,,,,sit_down,lie_down
7974,act_81_54,empty_room,2.4,2,,,,,e,a,,,,,walk,stand_up
7980,act_81_60,empty_room,2.4,2,,,,,a,b,,,,,sit_down,lie_down
7981,act_81_61,empty_room,2.4,2,,,,,a,b,,,,,stand_up,pick_up
7983,act_81_63,empty_room,2.4,2,,,,,a,b,,,,,walk,stand_up
7985,act_81_65,empty_room,2.4,2,,,,,b,c,,,,,rotation,walk
7988,act_81_68,empty_room,2.4,2,,,,,b,c,,,,,lie_down,wave
7990,act_81_70,empty_room,2.4,2,,,,,b,c,,,,,sit_down,pick_up
7993,act_81_73,empty_room,2.4,2,,,,,c,d,,,,,walk,nothing
7994,act_81_74,empty_room,2.4,2,,,,,c,d,,,,,rotation,walk
7995,act_81_75,empty_room,2.4,2,,,,,c,d,,,,,jump,rotation
7997,act_81_77,empty_room,2.4,2,,,,,c,d,,,,,lie_down,wave
8003,act_81_83,empty_room,2.4,2,,,,,d,e,,,,,rotation,walk
8005,act_81_85,empty_room,2.4,2,,,,,d,e,,,,,wave,jump
8007,act_81_87,empty_room,2.4,2,,,,,d,e,,,,,pick_up,lie_down
8008,act_81_88,empty_room,2.4,2,,,,,d,e,,,,,sit_down,pick_up
8011,act_81_91,empty_room,2.4,2,,,,,e,a,,,,,nothing,nothing
8018,act_81_98,empty_room,2.4,2,,,,,e,a,,,,,sit_down,sit_down
8033,act_82_14,empty_room,2.4,3,b,c,d,,,,wave,lie_down,pick_up,,,
8039,act_82_20,empty_room,2.4,3,c,d,e,,,,walk,rotation,jump,,,
8042,act_82_23,empty_room,2.4,3,c,d,e,,,,wave,lie_down,pick_up,,,
8045,act_82_26,empty_room,2.4,3,c,d,e,,,,sit_down,stand_up,nothing,,,
8051,act_82_32,empty_room,2.4,3,d,e,a,,,,wave,lie_down,pick_up,,,
8054,act_82_35,empty_room,2.4,3,d,e,a,,,,sit_down,stand_up,nothing,,,
8057,act_82_38,empty_room,2.4,3,e,a,b,,,,walk,rotation,jump,,,
8059,act_82_40,empty_room,2.4,3,e,a,b,,,,jump,wave,lie_down,,,
8071,act_82_52,empty_room,2.4,3,a,b,c,,,,pick_up,pick_up,sit_down,,,
8074,act_82_55,empty_room,2.4,3,b,c,d,,,,nothing,nothing,walk,,,
8081,act_82_62,empty_room,2.4,3,b,c,d,,,,sit_down,sit_down,stand_up,,,
8083,act_82_64,empty_room,2.4,3,c,d,e,,,,nothing,nothing,nothing,,,
8097,act_82_78,empty_room,2.4,3,d,e,a,,,,lie_down,lie_down,lie_down,,,
8106,act_82_87,empty_room,2.4,3,e,a,b,,,,lie_down,lie_down,lie_down,,,
8111,act_82_92,empty_room,2.4,3,a,b,c,,,,walk,walk,walk,,,
8121,act_83_3,empty_room,2.4,3,,b,,d,,a,,jump,,lie_down,,rotation
8124,act_83_6,empty_room,2.4,3,,b,,d,,a,,pick_up,,stand_up,,lie_down
8126,act_83_8,empty_room,2.4,3,,b,,d,,a,,stand_up,,walk,,sit_down
8131,act_83_13,empty_room,2.4,3,,c,,e,,b,,wave,,pick_up,,jump
8134,act_83_16,empty_room,2.4,3,,c,,e,,b,,sit_down,,nothing,,pick_up
8136,act_83_18,empty_room,2.4,3,,c,,e,,b,,nothing,,rotation,,stand_up
8151,act_83_33,empty_room,2.4,3,,e,,b,,d,,pick_up,,stand_up,,lie_down
8153,act_83_35,empty_room,2.4,3,,e,,b,,d,,stand_up,,walk,,sit_down
8155,act_83_37,empty_room,2.4,3,,a,,c,,e,,walk,,jump,,nothing
8156,act_83_38,empty_room,2.4,3,,a,,c,,e,,rotation,,wave,,walk
8163,act_83_45,empty_room,2.4,3,,a,,c,,e,,nothing,,rotation,,stand_up
8165,act_83_47,empty_room,2.4,3,,b,,d,,a,,walk,,rotation,,walk
8173,act_83_55,empty_room,2.4,3,,c,,e,,b,,nothing,,walk,,nothing
8174,act_83_56,empty_room,2.4,3,,c,,e,,b,,walk,,rotation,,walk
8176,act_83_58,empty_room,2.4,3,,c,,e,,b,,jump,,wave,,jump
8190,act_83_72,empty_room,2.4,3,,d,,a,,c,,stand_up,,nothing,,stand_up
8191,act_83_73,empty_room,2.4,3,,e,,b,,d,,nothing,,walk,,nothing
8195,act_83_77,empty_room,2.4,3,,e,,b,,d,,wave,,lie_down,,wave
8196,act_83_78,empty_room,2.4,3,,e,,b,,d,,lie_down,,pick_up,,lie_down
8203,act_83_85,empty_room,2.4,3,,a,,c,,e,,jump,,jump,,jump
8209,act_83_91,empty_room,2.4,3,,b,,d,,a,,nothing,,nothing,,nothing
8213,act_83_95,empty_room,2.4,3,,b,,d,,a,,wave,,wave,,wave
8214,act_83_96,empty_room,2.4,3,,b,,d,,a,,lie_down,,lie_down,,lie_down
8220,act_84_3,empty_room,2.4,3,a,,,,e,b,rotation,,,,pick_up,jump
8221,act_84_4,empty_room,2.4,3,a,,,,e,b,jump,,,,sit_down,wave
8227,act_84_10,empty_room,2.4,3,b,,,,a,c,nothing,,,,wave,walk
8228,act_84_11,empty_room,2.4,3,b,,,,a,c,walk,,,,lie_down,rotation
8229,act_84_12,empty_room,2.4,3,b,,,,a,c,rotation,,,,pick_up,jump
8231,act_84_14,empty_room,2.4,3,b,,,,a,c,wave,,,,stand_up,lie_down
8233,act_84_16,empty_room,2.4,3,b,,,,a,c,pick_up,,,,walk,sit_down
8235,act_84_18,empty_room,2.4,3,b,,,,a,c,stand_up,,,,jump,nothing
8239,act_84_22,empty_room,2.4,3,c,,,,b,d,jump,,,,sit_down,wave
8246,act_84_29,empty_room,2.4,3,d,,,,c,e,walk,,,,lie_down,rotation
8259,act_84_42,empty_room,2.4,3,e,,,,d,a,lie_down,,,,nothing,pick_up
8265,act_84_48,empty_room,2.4,3,a,,,,e,b,rotation,,,,wave,rotation
8287,act_84_70,empty_room,2.4,3,c,,,,b,d,pick_up,,,,sit_down,pick_up
8307,act_84_90,empty_room,2.4,3,e,,,,d,a,stand_up,,,,nothing,stand_up
8309,act_84_92,empty_room,2.4,3,a,,,,e,b,walk,,,,walk,walk
8312,act_84_95,empty_room,2.4,3,a,,,,e,b,wave,,,,wave,wave
8320,act_85_4,empty_room,2.4,4,a,b,c,d,,,jump,wave,lie_down,pick_up,,
8321,act_85_5,empty_room,2.4,4,a,b,c,d,,,wave,lie_down,pick_up,sit_down,,
8322,act_85_6,empty_room,2.4,4,a,b,c,d,,,lie_down,pick_up,sit_down,stand_up,,
8323,act_85_7,empty_room,2.4,4,a,b,c,d,,,pick_up,sit_down,stand_up,nothing,,
8326,act_85_10,empty_room,2.4,4,b,c,d,e,,,nothing,walk,rotation,jump,,
8336,act_85_20,empty_room,2.4,4,c,d,e,a,,,walk,rotation,jump,wave,,
8339,act_85_23,empty_room,2.4,4,c,d,e,a,,,wave,lie_down,pick_up,sit_down,,
8341,act_85_25,empty_room,2.4,4,c,d,e,a,,,pick_up,sit_down,stand_up,nothing,,
8353,act_85_37,empty_room,2.4,4,e,a,b,c,,,nothing,walk,rotation,jump,,
8357,act_85_41,empty_room,2.4,4,e,a,b,c,,,wave,lie_down,pick_up,sit_down,,
8358,act_85_42,empty_room,2.4,4,e,a,b,c,,,lie_down,pick_up,sit_down,stand_up,,
8364,act_85_48,empty_room,2.4,4,a,b,c,d,,,rotation,rotation,jump,jump,,
8379,act_85_63,empty_room,2.4,4,b,c,d,e,,,stand_up,stand_up,nothing,nothing,,
8390,act_85_74,empty_room,2.4,4,d,e,a,b,,,walk,walk,walk,rotation,,
8393,act_85_77,empty_room,2.4,4,d,e,a,b,,,wave,wave,wave,lie_down,,
8394,act_85_78,empty_room,2.4,4,d,e,a,b,,,lie_down,lie_down,lie_down,pick_up,,
8408,act_85_92,empty_room,2.4,4,a,b,c,d,,,walk,walk,walk,walk,,
8416,act_86_1,empty_room,2.4,4,,b,,d,e,a,,walk,,jump,wave,nothing
8428,act_86_13,empty_room,2.4,4,,c,,e,a,b,,wave,,pick_up,sit_down,jump
8429,act_86_14,empty_room,2.4,4,,c,,e,a,b,,lie_down,,sit_down,stand_up,wave
8430,act_86_15,empty_room,2.4,4,,c,,e,a,b,,pick_up,,stand_up,nothing,lie_down
8434,act_86_19,empty_room,2.4,4,,d,,a,b,c,,walk,,jump,wave,nothing
8435,act_86_20,empty_room,2.4,4,,d,,a,b,c,,rotation,,wave,lie_down,walk
8436,act_86_21,empty_room,2.4,4,,d,,a,b,c,,jump,,lie_down,pick_up,rotation
8437,act_86_22,empty_room,2.4,4,,d,,a,b,c,,wave,,pick_up,sit_down,jump
8443,act_86_28,empty_room,2.4,4,,e,,b,c,d,,walk,,jump,wave,nothing
8446,act_86_31,empty_room,2.4,4,,e,,b,c,d,,wave,,pick_up,sit_down,jump
8454,act_86_39,empty_room,2.4,4,,a,,c,d,e,,jump,,lie_down,pick_up,rotation
8466,act_86_51,empty_room,2.4,4,,b,,d,e,a,,lie_down,,pick_up,sit_down,lie_down
8468,act_86_53,empty_room,2.4,4,,b,,d,e,a,,sit_down,,stand_up,nothing,sit_down
8473,act_86_58,empty_room,2.4,4,,c,,e,a,b,,jump,,wave,lie_down,jump
8477,act_86_62,empty_room,2.4,4,,c,,e,a,b,,sit_down,,stand_up,nothing,sit_down
8478,act_86_63,empty_room,2.4,4,,c,,e,a,b,,stand_up,,nothing,walk,stand_up
8503,act_86_88,empty_room,2.4,4,,a,,c,d,e,,pick_up,,pick_up,sit_down,pick_up
8504,act_86_89,empty_room,2.4,4,,a,,c,d,e,,sit_down,,sit_down,stand_up,sit_down
8509,act_86_94,empty_room,2.4,4,,b,,d,e,a,,jump,,jump,jump,jump
8513,act_86_98,empty_room,2.4,4,,b,,d,e,a,,sit_down,,sit_down,sit_down,sit_down
8520,act_87_6,empty_room,2.4,4,a,,c,,e,b,lie_down,,sit_down,,nothing,pick_up
8528,act_87_14,empty_room,2.4,4,b,,d,,a,c,wave,,pick_up,,stand_up,lie_down
8530,act_87_16,empty_room,2.4,4,b,,d,,a,c,pick_up,,stand_up,,walk,sit_down
8534,act_87_20,empty_room,2.4,4,c,,e,,b,d,walk,,jump,,lie_down,rotation
8550,act_87_36,empty_room,2.4,4,d,,a,,c,e,stand_up,,walk,,jump,nothing
8555,act_87_41,empty_room,2.4,4,e,,b,,d,a,wave,,pick_up,,stand_up,lie_down
8556,act_87_42,empty_room,2.4,4,e,,b,,d,a,lie_down,,sit_down,,nothing,pick_up
8565,act_87_51,empty_room,2.4,4,a,,c,,e,b,lie_down,,pick_up,,sit_down,lie_down
8568,act_87_54,empty_room,2.4,4,a,,c,,e,b,stand_up,,nothing,,walk,stand_up
8572,act_87_58,empty_room,2.4,4,b,,d,,a,c,jump,,wave,,lie_down,jump
8578,act_87_64,empty_room,2.4,4,c,,e,,b,d,nothing,,nothing,,walk,nothing
8581,act_87_67,empty_room,2.4,4,c,,e,,b,d,jump,,jump,,wave,jump
8587,act_87_73,empty_room,2.4,4,d,,a,,c,e,nothing,,nothing,,walk,nothing
8592,act_87_78,empty_room,2.4,4,d,,a,,c,e,lie_down,,lie_down,,pick_up,lie_down
8593,act_87_79,empty_room,2.4,4,d,,a,,c,e,pick_up,,pick_up,,sit_down,pick_up
8596,act_87_82,empty_room,2.4,4,e,,b,,d,a,nothing,,nothing,,walk,nothing
8598,act_87_84,empty_room,2.4,4,e,,b,,d,a,rotation,,rotation,,jump,rotation
8600,act_87_86,empty_room,2.4,4,e,,b,,d,a,wave,,wave,,lie_down,wave
8602,act_87_88,empty_room,2.4,4,e,,b,,d,a,pick_up,,pick_up,,sit_down,pick_up
8610,act_87_96,empty_room,2.4,4,a,,c,,e,b,lie_down,,lie_down,,lie_down,lie_down
8617,act_88_4,empty_room,2.4,5,a,b,c,d,e,,jump,wave,lie_down,pick_up,sit_down,
8620,act_88_7,empty_room,2.4,5,a,b,c,d,e,,pick_up,sit_down,stand_up,nothing,walk,
8624,act_88_11,empty_room,2.4,5,b,c,d,e,a,,walk,rotation,jump,wave,lie_down,
8633,act_88_20,empty_room,2.4,5,c,d,e,a,b,,walk,rotation,jump,wave,lie_down,
8634,act_88_21,empty_room,2.4,5,c,d,e,a,b,,rotation,jump,wave,lie_down,pick_up,
8637,act_88_24,empty_room,2.4,5,c,d,e,a,b,,lie_down,pick_up,sit_down,stand_up,nothing,
8647,act_88_34,empty_room,2.4,5,d,e,a,b,c,,pick_up,sit_down,stand_up,nothing,walk,
8648,act_88_35,empty_room,2.4,5,d,e,a,b,c,,sit_down,stand_up,nothing,walk,rotation,
8649,act_88_36,empty_room,2.4,5,d,e,a,b,c,,stand_up,nothing,walk,rotation,jump,
8657,act_88_44,empty_room,2.4,5,e,a,b,c,d,,sit_down,stand_up,nothing,walk,rotation,
8660,act_88_47,empty_room,2.4,5,a,b,c,d,e,,walk,walk,rotation,rotation,jump,
8663,act_88_50,empty_room,2.4,5,a,b,c,d,e,,wave,wave,lie_down,lie_down,pick_up,
8667,act_88_54,empty_room,2.4,5,a,b,c,d,e,,stand_up,stand_up,nothing,nothing,walk,
8670,act_88_57,empty_room,2.4,5,b,c,d,e,a,,rotation,rotation,jump,jump,wave,
8681,act_88_68,empty_room,2.4,5,c,d,e,a,b,,wave,wave,wave,lie_down,lie_down,
8685,act_88_72,empty_room,2.4,5,c,d,e,a,b,,stand_up,stand_up,stand_up,nothing,nothing,
8692,act_88_79,empty_room,2.4,5,d,e,a,b,c,,pick_up,pick_up,pick_up,sit_down,sit_down,
8703,act_88_90,empty_room,2.4,5,e,a,b,c,d,,stand_up,stand_up,stand_up,stand_up,nothing,
8706,act_88_93,empty_room,2.4,5,a,b,c,d,e,,rotation,rotation,rotation,rotation,rotation,
8708,act_88_95,empty_room,2.4,5,a,b,c,d,e,,wave,wave,wave,wave,wave,
8712,act_88_99,empty_room,2.4,5,a,b,c,d,e,,stand_up,stand_up,stand_up,stand_up,stand_up,
8713,act_89_1,empty_room,2.4,5,,b,c,d,e,a,,walk,rotation,jump,wave,nothing
8717,act_89_5,empty_room,2.4,5,,b,c,d,e,a,,lie_down,pick_up,sit_down,stand_up,wave
8718,act_89_6,empty_room,2.4,5,,b,c,d,e,a,,pick_up,sit_down,stand_up,nothing,lie_down
8735,act_89_23,empty_room,2.4,5,,d,e,a,b,c,,lie_down,pick_up,sit_down,stand_up,wave
8738,act_89_26,empty_room,2.4,5,,d,e,a,b,c,,stand_up,nothing,walk,rotation,sit_down
8755,act_89_43,empty_room,2.4,5,,a,b,c,d,e,,sit_down,stand_up,nothing,walk,pick_up
8756,act_89_44,empty_room,2.4,5,,a,b,c,d,e,,stand_up,nothing,walk,rotation,sit_down
8767,act_89_55,empty_room,2.4,5,,c,d,e,a,b,,nothing,walk,walk,rotation,nothing
8781,act_89_69,empty_room,2.4,5,,d,e,a,b,c,,lie_down,lie_down,pick_up,pick_up,lie_down
8783,act_89_71,empty_room,2.4,5,,d,e,a,b,c,,sit_down,sit_down,stand_up,stand_up,sit_down
8784,act_89_72,empty_room,2.4,5,,d,e,a,b,c,,stand_up,stand_up,nothing,nothing,stand_up
8786,act_89_74,empty_room,2.4,5,,e,a,b,c,d,,walk,walk,rotation,rotation,walk
8788,act_89_76,empty_room,2.4,5,,e,a,b,c,d,,jump,jump,wave,wave,jump
8793,act_89_81,empty_room,2.4,5,,e,a,b,c,d,,stand_up,stand_up,nothing,nothing,stand_up
8796,act_89_84,empty_room,2.4,5,,a,b,c,d,e,,rotation,rotation,rotation,jump,rotation
8801,act_89_89,empty_room,2.4,5,,a,b,c,d,e,,sit_down,sit_down,sit_down,stand_up,sit_down
8802,act_89_90,empty_room,2.4,5,,a,b,c,d,e,,stand_up,stand_up,stand_up,nothing,stand_up
8809,act_89_97,empty_room,2.4,5,,b,c,d,e,a,,pick_up,pick_up,pick_up,pick_up,pick_up
8816,act_90_5,empty_room,2.4,5,a,,c,d,e,b,wave,,pick_up,sit_down,stand_up,lie_down
8821,act_90_10,empty_room,2.4,5,b,,d,e,a,c,nothing,,rotation,jump,wave,walk
8838,act_90_27,empty_room,2.4,5,c,,e,a,b,d,stand_up,,walk,rotation,jump,nothing
8839,act_90_28,empty_room,2.4,5,d,,a,b,c,e,nothing,,rotation,jump,wave,walk
8842,act_90_31,empty_room,2.4,5,d,,a,b,c,e,jump,,lie_down,pick_up,sit_down,wave
8854,act_90_43,empty_room,2.4,5,e,,b,c,d,a,pick_up,,stand_up,nothing,walk,sit_down
8866,act_90_55,empty_room,2.4,5,b,,d,e,a,c,nothing,,walk,walk,rotation,nothing
8868,act_90_57,empty_room,2.4,5,b,,d,e,a,c,rotation,,jump,jump,wave,rotation
8885,act_90_74,empty_room,2.4,5,d,,a,b,c,e,walk,,walk,rotation,rotation,walk
8897,act_90_86,empty_room,2.4,5,e,,b,c,d,a,wave,,wave,wave,lie_down,wave
8902,act_90_91,empty_room,2.4,5,a,,c,d,e,b,nothing,,nothing,nothing,nothing,nothing
8906,act_90_95,empty_room,2.4,5,a,,c,d,e,b,wave,,wave,wave,wave,wave
8907,act_90_96,empty_room,2.4,5,a,,c,d,e,b,lie_down,,lie_down,lie_down,lie_down,lie_down
8908,act_90_97,empty_room,2.4,5,a,,c,d,e,b,pick_up,,pick_up,pick_up,pick_up,pick_up
8915,act_91_5,empty_room,5.0,1,a,,,,,,wave,,,,,
8916,act_91_6,empty_room,5.0,1,a,,,,,,lie_down,,,,,
8921,act_91_11,empty_room,5.0,1,b,,,,,,walk,,,,,
8925,act_91_15,empty_room,5.0,1,b,,,,,,lie_down,,,,,
8928,act_91_18,empty_room,5.0,1,b,,,,,,stand_up,,,,,
8931,act_91_21,empty_room,5.0,1,c,,,,,,rotation,,,,,
8933,act_91_23,empty_room,5.0,1,c,,,,,,wave,,,,,
8942,act_91_32,empty_room,5.0,1,d,,,,,,wave,,,,,
8943,act_91_33,empty_room,5.0,1,d,,,,,,lie_down,,,,,
8946,act_91_36,empty_room,5.0,1,d,,,,,,stand_up,,,,,
8947,act_91_37,empty_room,5.0,1,e,,,,,,nothing,,,,,
8955,act_91_45,empty_room,5.0,1,e,,,,,,stand_up,,,,,
8959,act_91_49,empty_room,5.0,1,a,,,,,,jump,,,,,
8965,act_91_55,empty_room,5.0,1,b,,,,,,nothing,,,,,
8967,act_91_57,empty_room,5.0,1,b,,,,,,rotation,,,,,
8968,act_91_58,empty_room,5.0,1,b,,,,,,jump,,,,,
8981,act_91_71,empty_room,5.0,1,c,,,,,,sit_down,,,,,
8985,act_91_75,empty_room,5.0,1,d,,,,,,rotation,,,,,
8988,act_91_78,empty_room,5.0,1,d,,,,,,lie_down,,,,,
8990,act_91_80,empty_room,5.0,1,d,,,,,,sit_down,,,,,
8997,act_91_87,empty_room,5.0,1,e,,,,,,lie_down,,,,,
9006,act_91_96,empty_room,5.0,1,a,,,,,,lie_down,,,,,
9008,act_91_98,empty_room,5.0,1,a,,,,,,sit_down,,,,,
9012,act_92_3,empty_room,5.0,1,,b,,,,,,jump,,,,
9014,act_92_5,empty_room,5.0,1,,b,,,,,,lie_down,,,,
9018,act_92_9,empty_room,5.0,1,,b,,,,,,nothing,,,,
9019,act_92_10,empty_room,5.0,1,,c,,,,,,walk,,,,
9042,act_92_33,empty_room,5.0,1,,e,,,,,,pick_up,,,,
9043,act_92_34,empty_room,5.0,1,,e,,,,,,sit_down,,,,
9048,act_92_39,empty_room,5.0,1,,a,,,,,,jump,,,,
9063,act_92_54,empty_room,5.0,1,,b,,,,,,stand_up,,,,
9065,act_92_56,empty_room,5.0,1,,c,,,,,,walk,,,,
9075,act_92_66,empty_room,5.0,1,,d,,,,,,rotation,,,,
9077,act_92_68,empty_room,5.0,1,,d,,,,,,wave,,,,
9078,act_92_69,empty_room,5.0,1,,d,,,,,,lie_down,,,,
9079,act_92_70,empty_room,5.0,1,,d,,,,,,pick_up,,,,
9087,act_92_78,empty_room,5.0,1,,e,,,,,,lie_down,,,,
9088,act_92_79,empty_room,5.0,1,,e,,,,,,pick_up,,,,
9092,act_92_83,empty_room,5.0,1,,a,,,,,,walk,,,,
9093,act_92_84,empty_room,5.0,1,,a,,,,,,rotation,,,,
9094,act_92_85,empty_room,5.0,1,,a,,,,,,jump,,,,
9095,act_92_86,empty_room,5.0,1,,a,,,,,,wave,,,,
9099,act_92_90,empty_room,5.0,1,,a,,,,,,stand_up,,,,
9103,act_92_94,empty_room,5.0,1,,b,,,,,,jump,,,,
9106,act_92_97,empty_room,5.0,1,,b,,,,,,pick_up,,,,
9107,act_92_98,empty_room,5.0,1,,b,,,,,,sit_down,,,,
9109,act_93_1,empty_room,5.0,1,,,c,,,,,,rotation,,,
9110,act_93_2,empty_room,5.0,1,,,c,,,,,,jump,,,
9111,act_93_3,empty_room,5.0,1,,,c,,,,,,wave,,,
9112,act_93_4,empty_room,5.0,1,,,c,,,,,,lie_down,,,
9127,act_93_19,empty_room,5.0,1,,,e,,,,,,rotation,,,
9128,act_93_20,empty_room,5.0,1,,,e,,,,,,jump,,,
9130,act_93_22,empty_room,5.0,1,,,e,,,,,,lie_down,,,
9131,act_93_23,empty_room,5.0,1,,,e,,,,,,pick_up,,,
9132,act_93_24,empty_room,5.0,1,,,e,,,,,,sit_down,,,
9136,act_93_28,empty_room,5.0,1,,,a,,,,,,rotation,,,
9139,act_93_31,empty_room,5.0,1,,,a,,,,,,lie_down,,,
9147,act_93_39,empty_room,5.0,1,,,b,,,,,,wave,,,
9152,act_93_44,empty_room,5.0,1,,,b,,,,,,nothing,,,
9154,act_93_46,empty_room,5.0,1,,,c,,,,,,walk,,,
9156,act_93_48,empty_room,5.0,1,,,c,,,,,,jump,,,
9161,act_93_53,empty_room,5.0,1,,,c,,,,,,stand_up,,,
9164,act_93_56,empty_room,5.0,1,,,d,,,,,,rotation,,,
9166,act_93_58,empty_room,5.0,1,,,d,,,,,,wave,,,
9168,act_93_60,empty_room,5.0,1,,,d,,,,,,pick_up,,,
9176,act_93_68,empty_room,5.0,1,,,e,,,,,,wave,,,
9180,act_93_72,empty_room,5.0,1,,,e,,,,,,stand_up,,,
9182,act_93_74,empty_room,5.0,1,,,a,,,,,,walk,,,
9184,act_93_76,empty_room,5.0,1,,,a,,,,,,jump,,,
9185,act_93_77,empty_room,5.0,1,,,a,,,,,,wave,,,
9197,act_93_89,empty_room,5.0,1,,,b,,,,,,sit_down,,,
9201,act_93_93,empty_room,5.0,1,,,c,,,,,,rotation,,,
9205,act_93_97,empty_room,5.0,1,,,c,,,,,,pick_up,,,
9207,act_93_99,empty_room,5.0,1,,,c,,,,,,stand_up,,,
9208,act_94_1,empty_room,5.0,1,,,,d,,,,,,jump,,
9209,act_94_2,empty_room,5.0,1,,,,d,,,,,,wave,,
9219,act_94_12,empty_room,5.0,1,,,,e,,,,,,lie_down,,
9228,act_94_21,empty_room,5.0,1,,,,a,,,,,,lie_down,,
9236,act_94_29,empty_room,5.0,1,,,,b,,,,,,wave,,
9252,act_94_45,empty_room,5.0,1,,,,c,,,,,,rotation,,
9269,act_94_62,empty_room,5.0,1,,,,e,,,,,,stand_up,,
9274,act_94_67,empty_room,5.0,1,,,,a,,,,,,wave,,
9275,act_94_68,empty_room,5.0,1,,,,a,,,,,,lie_down,,
9300,act_94_93,empty_room,5.0,1,,,,d,,,,,,rotation,,
9311,act_95_5,empty_room,5.0,1,,,,,e,,,,,,stand_up,
9321,act_95_15,empty_room,5.0,1,,,,,a,,,,,,nothing,
9324,act_95_18,empty_room,5.0,1,,,,,a,,,,,,jump,
9326,act_95_20,empty_room,5.0,1,,,,,b,,,,,,lie_down,
9329,act_95_23,empty_room,5.0,1,,,,,b,,,,,,stand_up,
9332,act_95_26,empty_room,5.0,1,,,,,b,,,,,,rotation,
9334,act_95_28,empty_room,5.0,1,,,,,c,,,,,,wave,
9338,act_95_32,empty_room,5.0,1,,,,,c,,,,,,stand_up,
9340,act_95_34,empty_room,5.0,1,,,,,c,,,,,,walk,
9347,act_95_41,empty_room,5.0,1,,,,,d,,,,,,stand_up,
9348,act_95_42,empty_room,5.0,1,,,,,d,,,,,,nothing,
9349,act_95_43,empty_room,5.0,1,,,,,d,,,,,,walk,
9350,act_95_44,empty_room,5.0,1,,,,,d,,,,,,rotation,
9353,act_95_47,empty_room,5.0,1,,,,,e,,,,,,jump,
9355,act_95_49,empty_room,5.0,1,,,,,e,,,,,,lie_down,
9359,act_95_53,empty_room,5.0,1,,,,,e,,,,,,nothing,
9362,act_95_56,empty_room,5.0,1,,,,,a,,,,,,jump,
9375,act_95_69,empty_room,5.0,1,,,,,b,,,,,,pick_up,
9398,act_95_92,empty_room,5.0,1,,,,,e,,,,,,walk,
9401,act_95_95,empty_room,5.0,1,,,,,e,,,,,,wave,
9410,act_96_5,empty_room,5.0,1,,,,,,a,,,,,,wave
9427,act_96_22,empty_room,5.0,1,,,,,,c,,,,,,jump
9429,act_96_24,empty_room,5.0,1,,,,,,c,,,,,,lie_down
9436,act_96_31,empty_room,5.0,1,,,,,,d,,,,,,jump
9438,act_96_33,empty_room,5.0,1,,,,,,d,,,,,,lie_down
9440,act_96_35,empty_room,5.0,1,,,,,,d,,,,,,sit_down
9443,act_96_38,empty_room,5.0,1,,,,,,e,,,,,,walk
9445,act_96_40,empty_room,5.0,1,,,,,,e,,,,,,jump
9447,act_96_42,empty_room,5.0,1,,,,,,e,,,,,,lie_down
9448,act_96_43,empty_room,5.0,1,,,,,,e,,,,,,pick_up
9455,act_96_50,empty_room,5.0,1,,,,,,a,,,,,,wave
9462,act_96_57,empty_room,5.0,1,,,,,,b,,,,,,rotation
9466,act_96_61,empty_room,5.0,1,,,,,,b,,,,,,pick_up
9468,act_96_63,empty_room,5.0,1,,,,,,b,,,,,,stand_up
9473,act_96_68,empty_room,5.0,1,,,,,,c,,,,,,wave
9475,act_96_70,empty_room,5.0,1,,,,,,c,,,,,,pick_up
9478,act_96_73,empty_room,5.0,1,,,,,,d,,,,,,nothing
9487,act_96_82,empty_room,5.0,1,,,,,,e,,,,,,nothing
9493,act_96_88,empty_room,5.0,1,,,,,,e,,,,,,pick_up
9502,act_96_97,empty_room,5.0,1,,,,,,a,,,,,,pick_up
9503,act_96_98,empty_room,5.0,1,,,,,,a,,,,,,sit_down
9504,act_96_99,empty_room,5.0,1,,,,,,a,,,,,,stand_up
9505,act_97_1,empty_room,5.0,2,a,b,,,,,nothing,walk,,,,
9507,act_97_3,empty_room,5.0,2,a,b,,,,,rotation,jump,,,,
9511,act_97_7,empty_room,5.0,2,a,b,,,,,pick_up,sit_down,,,,
9517,act_97_13,empty_room,5.0,2,b,c,,,,,jump,wave,,,,
9522,act_97_18,empty_room,5.0,2,b,c,,,,,stand_up,nothing,,,,
9525,act_97_21,empty_room,5.0,2,c,d,,,,,rotation,jump,,,,
9541,act_97_37,empty_room,5.0,2,e,a,,,,,nothing,walk,,,,
9547,act_97_43,empty_room,5.0,2,e,a,,,,,pick_up,sit_down,,,,
9548,act_97_44,empty_room,5.0,2,e,a,,,,,sit_down,stand_up,,,,
9551,act_97_47,empty_room,5.0,2,a,b,,,,,walk,walk,,,,
9556,act_97_52,empty_room,5.0,2,a,b,,,,,pick_up,pick_up,,,,
9559,act_97_55,empty_room,5.0,2,b,c,,,,,nothing,nothing,,,,
9562,act_97_58,empty_room,5.0,2,b,c,,,,,jump,jump,,,,
9573,act_97_69,empty_room,5.0,2,c,d,,,,,lie_down,lie_down,,,,
9577,act_97_73,empty_room,5.0,2,d,e,,,,,nothing,nothing,,,,
9581,act_97_77,empty_room,5.0,2,d,e,,,,,wave,wave,,,,
9583,act_97_79,empty_room,5.0,2,d,e,,,,,pick_up,pick_up,,,,
9589,act_97_85,empty_room,5.0,2,e,a,,,,,jump,jump,,,,
9596,act_97_92,empty_room,5.0,2,a,b,,,,,walk,walk,,,,
9604,act_98_1,empty_room,5.0,2,,,c,d,,,,,rotation,jump,,
9611,act_98_8,empty_room,5.0,2,,,c,d,,,,,nothing,walk,,
9615,act_98_12,empty_room,5.0,2,,,d,e,,,,,wave,lie_down,,
9638,act_98_35,empty_room,5.0,2,,,a,b,,,,,nothing,walk,,
9646,act_98_43,empty_room,5.0,2,,,b,c,,,,,stand_up,nothing,,
9647,act_98_44,empty_room,5.0,2,,,b,c,,,,,nothing,walk,,
9651,act_98_48,empty_room,5.0,2,,,c,d,,,,,jump,jump,,
9656,act_98_53,empty_room,5.0,2,,,c,d,,,,,stand_up,stand_up,,
9659,act_98_56,empty_room,5.0,2,,,d,e,,,,,rotation,rotation,,
9663,act_98_60,empty_room,5.0,2,,,d,e,,,,,pick_up,pick_up,,
9671,act_98_68,empty_room,5.0,2,,,e,a,,,,,wave,lie_down,,
9673,act_98_70,empty_room,5.0,2,,,e,a,,,,,pick_up,sit_down,,
9678,act_98_75,empty_room,5.0,2,,,a,b,,,,,rotation,jump,,
9686,act_98_83,empty_room,5.0,2,,,b,c,,,,,walk,walk,,
9688,act_98_85,empty_room,5.0,2,,,b,c,,,,,jump,jump,,
9693,act_98_90,empty_room,5.0,2,,,b,c,,,,,stand_up,stand_up,,
9694,act_98_91,empty_room,5.0,2,,,c,d,,,,,nothing,nothing,,
9699,act_98_96,empty_room,5.0,2,,,c,d,,,,,lie_down,lie_down,,
9706,act_99_4,empty_room,5.0,2,,,,,e,a,,,,,sit_down,jump
9709,act_99_7,empty_room,5.0,2,,,,,e,a,,,,,walk,pick_up
9711,act_99_9,empty_room,5.0,2,,,,,e,a,,,,,jump,stand_up
9720,act_99_18,empty_room,5.0,2,,,,,a,b,,,,,jump,stand_up
9722,act_99_20,empty_room,5.0,2,,,,,b,c,,,,,lie_down,walk
9737,act_99_35,empty_room,5.0,2,,,,,c,d,,,,,rotation,sit_down
9740,act_99_38,empty_room,5.0,2,,,,,d,e,,,,,lie_down,walk
9741,act_99_39,empty_room,5.0,2,,,,,d,e,,,,,pick_up,rotation
9753,act_99_51,empty_room,5.0,2,,,,,e,a,,,,,sit_down,lie_down
9755,act_99_53,empty_room,5.0,2,,,,,e,a,,,,,nothing,sit_down
9761,act_99_59,empty_room,5.0,2,,,,,a,b,,,,,pick_up,wave
9762,act_99_60,empty_room,5.0,2,,,,,a,b,,,,,sit_down,lie_down
9763,act_99_61,empty_room,5.0,2,,,,,a,b,,,,,stand_up,pick_up
9766,act_99_64,empty_room,5.0,2,,,,,b,c,,,,,walk,nothing
9767,act_99_65,empty_room,5.0,2,,,,,b,c,,,,,rotation,walk
9768,act_99_66,empty_room,5.0,2,,,,,b,c,,,,,jump,rotation
9789,act_99_87,empty_room,5.0,2,,,,,d,e,,,,,pick_up,lie_down
9790,act_99_88,empty_room,5.0,2,,,,,d,e,,,,,sit_down,pick_up
9794,act_99_92,empty_room,5.0,2,,,,,e,a,,,,,walk,walk
9796,act_99_94,empty_room,5.0,2,,,,,e,a,,,,,jump,jump
9804,act_100_3,empty_room,5.0,3,a,b,c,,,,rotation,jump,wave,,,
9818,act_100_17,empty_room,5.0,3,b,c,d,,,,sit_down,stand_up,nothing,,,
9824,act_100_23,empty_room,5.0,3,c,d,e,,,,wave,lie_down,pick_up,,,
9828,act_100_27,empty_room,5.0,3,c,d,e,,,,stand_up,nothing,walk,,,
9829,act_100_28,empty_room,5.0,3,d,e,a,,,,nothing,walk,rotation,,,
9832,act_100_31,empty_room,5.0,3,d,e,a,,,,jump,wave,lie_down,,,
9835,act_100_34,empty_room,5.0,3,d,e,a,,,,pick_up,sit_down,stand_up,,,
9860,act_100_59,empty_room,5.0,3,b,c,d,,,,wave,wave,lie_down,,,
9861,act_100_60,empty_room,5.0,3,b,c,d,,,,lie_down,lie_down,pick_up,,,
9866,act_100_65,empty_room,5.0,3,c,d,e,,,,walk,walk,walk,,,
9873,act_100_72,empty_room,5.0,3,c,d,e,,,,stand_up,stand_up,stand_up,,,
9875,act_100_74,empty_room,5.0,3,d,e,a,,,,walk,walk,walk,,,
9880,act_100_79,empty_room,5.0,3,d,e,a,,,,pick_up,pick_up,pick_up,,,
9889,act_100_88,empty_room,5.0,3,e,a,b,,,,pick_up,pick_up,pick_up,,,
9890,act_100_89,empty_room,5.0,3,e,a,b,,,,sit_down,sit_down,sit_down,,,
9901,act_101_1,empty_room,5.0,3,,b,,d,,a,,walk,,jump,,nothing
9904,act_101_4,empty_room,5.0,3,,b,,d,,a,,wave,,pick_up,,jump
9908,act_101_8,empty_room,5.0,3,,b,,d,,a,,stand_up,,walk,,sit_down
9912,act_101_12,empty_room,5.0,3,,c,,e,,b,,jump,,lie_down,,rotation
9915,act_101_15,empty_room,5.0,3,,c,,e,,b,,pick_up,,stand_up,,lie_down
9917,act_101_17,empty_room,5.0,3,,c,,e,,b,,stand_up,,walk,,sit_down
9926,act_101_26,empty_room,5.0,3,,d,,a,,c,,stand_up,,walk,,sit_down
9929,act_101_29,empty_room,5.0,3,,e,,b,,d,,rotation,,wave,,walk
9944,act_101_44,empty_room,5.0,3,,a,,c,,e,,stand_up,,walk,,sit_down
9946,act_101_46,empty_room,5.0,3,,b,,d,,a,,nothing,,walk,,nothing
9948,act_101_48,empty_room,5.0,3,,b,,d,,a,,rotation,,jump,,rotation
9950,act_101_50,empty_room,5.0,3,,b,,d,,a,,wave,,lie_down,,wave
9959,act_101_59,empty_room,5.0,3,,c,,e,,b,,wave,,lie_down,,wave
9960,act_101_60,empty_room,5.0,3,,c,,e,,b,,lie_down,,pick_up,,lie_down
9969,act_101_69,empty_room,5.0,3,,d,,a,,c,,lie_down,,pick_up,,lie_down
9973,act_101_73,empty_room,5.0,3,,e,,b,,d,,nothing,,walk,,nothing
9978,act_101_78,empty_room,5.0,3,,e,,b,,d,,lie_down,,pick_up,,lie_down
9985,act_101_85,empty_room,5.0,3,,a,,c,,e,,jump,,jump,,jump
9987,act_101_87,empty_room,5.0,3,,a,,c,,e,,lie_down,,lie_down,,lie_down
9991,act_101_91,empty_room,5.0,3,,b,,d,,a,,nothing,,nothing,,nothing
9999,act_101_99,empty_room,5.0,3,,b,,d,,a,,stand_up,,stand_up,,stand_up
10001,act_102_2,empty_room,5.0,3,a,,,,e,b,walk,,,,lie_down,rotation
10003,act_102_4,empty_room,5.0,3,a,,,,e,b,jump,,,,sit_down,wave
10010,act_102_11,empty_room,5.0,3,b,,,,a,c,walk,,,,lie_down,rotation
10012,act_102_13,empty_room,5.0,3,b,,,,a,c,jump,,,,sit_down,wave
10016,act_102_17,empty_room,5.0,3,b,,,,a,c,sit_down,,,,rotation,stand_up
10017,act_102_18,empty_room,5.0,3,b,,,,a,c,stand_up,,,,jump,nothing
10020,act_102_21,empty_room,5.0,3,c,,,,b,d,rotation,,,,pick_up,jump
10027,act_102_28,empty_room,5.0,3,d,,,,c,e,nothing,,,,wave,walk
10041,act_102_42,empty_room,5.0,3,e,,,,d,a,lie_down,,,,nothing,pick_up
10044,act_102_45,empty_room,5.0,3,e,,,,d,a,stand_up,,,,jump,nothing
10049,act_102_50,empty_room,5.0,3,a,,,,e,b,wave,,,,pick_up,wave
10050,act_102_51,empty_room,5.0,3,a,,,,e,b,lie_down,,,,sit_down,lie_down
10051,act_102_52,empty_room,5.0,3,a,,,,e,b,pick_up,,,,stand_up,pick_up
10056,act_102_57,empty_room,5.0,3,b,,,,a,c,rotation,,,,wave,rotation
10057,act_102_58,empty_room,5.0,3,b,,,,a,c,jump,,,,lie_down,jump
10078,act_102_79,empty_room,5.0,3,d,,,,c,e,pick_up,,,,sit_down,pick_up
10084,act_102_85,empty_room,5.0,3,e,,,,d,a,jump,,,,wave,jump
10090,act_102_91,empty_room,5.0,3,a,,,,e,b,nothing,,,,nothing,nothing
10094,act_102_95,empty_room,5.0,3,a,,,,e,b,wave,,,,wave,wave
10104,act_103_6,empty_room,5.0,4,a,b,c,d,,,lie_down,pick_up,sit_down,stand_up,,
10110,act_103_12,empty_room,5.0,4,b,c,d,e,,,rotation,jump,wave,lie_down,,
10116,act_103_18,empty_room,5.0,4,b,c,d,e,,,stand_up,nothing,walk,rotation,,
10120,act_103_22,empty_room,5.0,4,c,d,e,a,,,jump,wave,lie_down,pick_up,,
10124,act_103_26,empty_room,5.0,4,c,d,e,a,,,sit_down,stand_up,nothing,walk,,
10137,act_103_39,empty_room,5.0,4,e,a,b,c,,,rotation,jump,wave,lie_down,,
10138,act_103_40,empty_room,5.0,4,e,a,b,c,,,jump,wave,lie_down,pick_up,,
10141,act_103_43,empty_room,5.0,4,e,a,b,c,,,pick_up,sit_down,stand_up,nothing,,
10145,act_103_47,empty_room,5.0,4,a,b,c,d,,,walk,walk,rotation,rotation,,
10148,act_103_50,empty_room,5.0,4,a,b,c,d,,,wave,wave,lie_down,lie_down,,
10151,act_103_53,empty_room,5.0,4,a,b,c,d,,,sit_down,sit_down,stand_up,stand_up,,
10155,act_103_57,empty_room,5.0,4,b,c,d,e,,,rotation,rotation,jump,jump,,
10161,act_103_63,empty_room,5.0,4,b,c,d,e,,,stand_up,stand_up,nothing,nothing,,
10162,act_103_64,empty_room,5.0,4,c,d,e,a,,,nothing,nothing,nothing,walk,,
10168,act_103_70,empty_room,5.0,4,c,d,e,a,,,pick_up,pick_up,pick_up,sit_down,,
10169,act_103_71,empty_room,5.0,4,c,d,e,a,,,sit_down,sit_down,sit_down,stand_up,,
10171,act_103_73,empty_room,5.0,4,d,e,a,b,,,nothing,nothing,nothing,walk,,
10174,act_103_76,empty_room,5.0,4,d,e,a,b,,,jump,jump,jump,wave,,
10175,act_103_77,empty_room,5.0,4,d,e,a,b,,,wave,wave,wave,lie_down,,
10177,act_103_79,empty_room,5.0,4,d,e,a,b,,,pick_up,pick_up,pick_up,sit_down,,
10178,act_103_80,empty_room,5.0,4,d,e,a,b,,,sit_down,sit_down,sit_down,stand_up,,
10184,act_103_86,empty_room,5.0,4,e,a,b,c,,,wave,wave,wave,wave,,
10189,act_103_91,empty_room,5.0,4,a,b,c,d,,,nothing,nothing,nothing,nothing,,
10196,act_103_98,empty_room,5.0,4,a,b,c,d,,,sit_down,sit_down,sit_down,sit_down,,
10197,act_103_99,empty_room,5.0,4,a,b,c,d,,,stand_up,stand_up,stand_up,stand_up,,
10210,act_104_13,empty_room,5.0,4,,c,,e,a,b,,wave,,pick_up,sit_down,jump
10225,act_104_28,empty_room,5.0,4,,e,,b,c,d,,walk,,jump,wave,nothing
10228,act_104_31,empty_room,5.0,4,,e,,b,c,d,,wave,,pick_up,sit_down,jump
10229,act_104_32,empty_room,5.0,4,,e,,b,c,d,,lie_down,,sit_down,stand_up,wave
10231,act_104_34,empty_room,5.0,4,,e,,b,c,d,,sit_down,,nothing,walk,pick_up
10232,act_104_35,empty_room,5.0,4,,e,,b,c,d,,stand_up,,walk,rotation,sit_down
10234,act_104_37,empty_room,5.0,4,,a,,c,d,e,,walk,,jump,wave,nothing
10237,act_104_40,empty_room,5.0,4,,a,,c,d,e,,wave,,pick_up,sit_down,jump
10246,act_104_49,empty_room,5.0,4,,b,,d,e,a,,jump,,wave,lie_down,jump
10248,act_104_51,empty_room,5.0,4,,b,,d,e,a,,lie_down,,pick_up,sit_down,lie_down
10249,act_104_52,empty_room,5.0,4,,b,,d,e,a,,pick_up,,sit_down,stand_up,pick_up
10251,act_104_54,empty_room,5.0,4,,b,,d,e,a,,stand_up,,nothing,walk,stand_up
10254,act_104_57,empty_room,5.0,4,,c,,e,a,b,,rotation,,jump,wave,rotation
10258,act_104_61,empty_room,5.0,4,,c,,e,a,b,,pick_up,,sit_down,stand_up,pick_up
10263,act_104_66,empty_room,5.0,4,,d,,a,b,c,,rotation,,jump,jump,rotation
10264,act_104_67,empty_room,5.0,4,,d,,a,b,c,,jump,,wave,wave,jump
10268,act_104_71,empty_room,5.0,4,,d,,a,b,c,,sit_down,,stand_up,stand_up,sit_down
10269,act_104_72,empty_room,5.0,4,,d,,a,b,c,,stand_up,,nothing,nothing,stand_up
10274,act_104_77,empty_room,5.0,4,,e,,b,c,d,,wave,,lie_down,lie_down,wave
10290,act_104_93,empty_room,5.0,4,,b,,d,e,a,,rotation,,rotation,rotation,rotation
10292,act_104_95,empty_room,5.0,4,,b,,d,e,a,,wave,,wave,wave,wave
10293,act_104_96,empty_room,5.0,4,,b,,d,e,a,,lie_down,,lie_down,lie_down,lie_down
10296,act_104_99,empty_room,5.0,4,,b,,d,e,a,,stand_up,,stand_up,stand_up,stand_up
10302,act_105_6,empty_room,5.0,4,a,,c,,e,b,lie_down,,sit_down,,nothing,pick_up
10303,act_105_7,empty_room,5.0,4,a,,c,,e,b,pick_up,,stand_up,,walk,sit_down
10309,act_105_13,empty_room,5.0,4,b,,d,,a,c,jump,,lie_down,,sit_down,wave
10315,act_105_19,empty_room,5.0,4,c,,e,,b,d,nothing,,rotation,,wave,walk
10321,act_105_25,empty_room,5.0,4,c,,e,,b,d,pick_up,,stand_up,,walk,sit_down
10325,act_105_29,empty_room,5.0,4,d,,a,,c,e,walk,,jump,,lie_down,rotation
10333,act_105_37,empty_room,5.0,4,e,,b,,d,a,nothing,,rotation,,wave,walk
10343,act_105_47,empty_room,5.0,4,a,,c,,e,b,walk,,rotation,,jump,walk
10345,act_105_49,empty_room,5.0,4,a,,c,,e,b,jump,,wave,,lie_down,jump
10349,act_105_53,empty_room,5.0,4,a,,c,,e,b,sit_down,,stand_up,,nothing,sit_down
10351,act_105_55,empty_room,5.0,4,b,,d,,a,c,nothing,,walk,,rotation,nothing
10353,act_105_57,empty_room,5.0,4,b,,d,,a,c,rotation,,jump,,wave,rotation
10356,act_105_60,empty_room,5.0,4,b,,d,,a,c,lie_down,,pick_up,,sit_down,lie_down
10358,act_105_62,empty_room,5.0,4,b,,d,,a,c,sit_down,,stand_up,,nothing,sit_down
10378,act_105_82,empty_room,5.0,4,e,,b,,d,a,nothing,,nothing,,walk,nothing
10384,act_105_88,empty_room,5.0,4,e,,b,,d,a,pick_up,,pick_up,,sit_down,pick_up
10389,act_105_93,empty_room,5.0,4,a,,c,,e,b,rotation,,rotation,,rotation,rotation
10390,act_105_94,empty_room,5.0,4,a,,c,,e,b,jump,,jump,,jump,jump
10396,act_106_1,empty_room,5.0,5,a,b,c,d,e,,nothing,walk,rotation,jump,wave,
10402,act_106_7,empty_room,5.0,5,a,b,c,d,e,,pick_up,sit_down,stand_up,nothing,walk,
10407,act_106_12,empty_room,5.0,5,b,c,d,e,a,,rotation,jump,wave,lie_down,pick_up,
10415,act_106_20,empty_room,5.0,5,c,d,e,a,b,,walk,rotation,jump,wave,lie_down,
10418,act_106_23,empty_room,5.0,5,c,d,e,a,b,,wave,lie_down,pick_up,sit_down,stand_up,
10420,act_106_25,empty_room,5.0,5,c,d,e,a,b,,pick_up,sit_down,stand_up,nothing,walk,
10422,act_106_27,empty_room,5.0,5,c,d,e,a,b,,stand_up,nothing,walk,rotation,jump,
10429,act_106_34,empty_room,5.0,5,d,e,a,b,c,,pick_up,sit_down,stand_up,nothing,walk,
10430,act_106_35,empty_room,5.0,5,d,e,a,b,c,,sit_down,stand_up,nothing,walk,rotation,
10437,act_106_42,empty_room,5.0,5,e,a,b,c,d,,lie_down,pick_up,sit_down,stand_up,nothing,
10448,act_106_53,empty_room,5.0,5,a,b,c,d,e,,sit_down,sit_down,stand_up,stand_up,nothing,
10457,act_106_62,empty_room,5.0,5,b,c,d,e,a,,sit_down,sit_down,stand_up,stand_up,nothing,
10458,act_106_63,empty_room,5.0,5,b,c,d,e,a,,stand_up,stand_up,nothing,nothing,walk,
10462,act_106_67,empty_room,5.0,5,c,d,e,a,b,,jump,jump,jump,wave,wave,
10468,act_106_73,empty_room,5.0,5,d,e,a,b,c,,nothing,nothing,nothing,walk,walk,
10471,act_106_76,empty_room,5.0,5,d,e,a,b,c,,jump,jump,jump,wave,wave,
10474,act_106_79,empty_room,5.0,5,d,e,a,b,c,,pick_up,pick_up,pick_up,sit_down,sit_down,
10483,act_106_88,empty_room,5.0,5,e,a,b,c,d,,pick_up,pick_up,pick_up,pick_up,sit_down,
10487,act_106_92,empty_room,5.0,5,a,b,c,d,e,,walk,walk,walk,walk,walk,
10493,act_106_98,empty_room,5.0,5,a,b,c,d,e,,sit_down,sit_down,sit_down,sit_down,sit_down,
10501,act_107_7,empty_room,5.0,5,,b,c,d,e,a,,sit_down,stand_up,nothing,walk,pick_up
10502,act_107_8,empty_room,5.0,5,,b,c,d,e,a,,stand_up,nothing,walk,rotation,sit_down
10503,act_107_9,empty_room,5.0,5,,b,c,d,e,a,,nothing,walk,rotation,jump,stand_up
10504,act_107_10,empty_room,5.0,5,,c,d,e,a,b,,walk,rotation,jump,wave,nothing
10508,act_107_14,empty_room,5.0,5,,c,d,e,a,b,,lie_down,pick_up,sit_down,stand_up,wave
10509,act_107_15,empty_room,5.0,5,,c,d,e,a,b,,pick_up,sit_down,stand_up,nothing,lie_down
10515,act_107_21,empty_room,5.0,5,,d,e,a,b,c,,jump,wave,lie_down,pick_up,rotation
10516,act_107_22,empty_room,5.0,5,,d,e,a,b,c,,wave,lie_down,pick_up,sit_down,jump
10518,act_107_24,empty_room,5.0,5,,d,e,a,b,c,,pick_up,sit_down,stand_up,nothing,lie_down
10519,act_107_25,empty_room,5.0,5,,d,e,a,b,c,,sit_down,stand_up,nothing,walk,pick_up
10536,act_107_42,empty_room,5.0,5,,a,b,c,d,e,,pick_up,sit_down,stand_up,nothing,lie_down
10542,act_107_48,empty_room,5.0,5,,b,c,d,e,a,,rotation,jump,jump,wave,rotation
10543,act_107_49,empty_room,5.0,5,,b,c,d,e,a,,jump,wave,wave,lie_down,jump
10552,act_107_58,empty_room,5.0,5,,c,d,e,a,b,,jump,wave,wave,lie_down,jump
10556,act_107_62,empty_room,5.0,5,,c,d,e,a,b,,sit_down,stand_up,stand_up,nothing,sit_down
10560,act_107_66,empty_room,5.0,5,,d,e,a,b,c,,rotation,rotation,jump,jump,rotation
10574,act_107_80,empty_room,5.0,5,,e,a,b,c,d,,sit_down,sit_down,stand_up,stand_up,sit_down
10579,act_107_85,empty_room,5.0,5,,a,b,c,d,e,,jump,jump,jump,wave,jump
10584,act_107_90,empty_room,5.0,5,,a,b,c,d,e,,stand_up,stand_up,stand_up,nothing,stand_up
10594,act_108_1,empty_room,5.0,5,a,,c,d,e,b,nothing,,rotation,jump,wave,walk
10595,act_108_2,empty_room,5.0,5,a,,c,d,e,b,walk,,jump,wave,lie_down,rotation
10602,act_108_9,empty_room,5.0,5,a,,c,d,e,b,stand_up,,walk,rotation,jump,nothing
10603,act_108_10,empty_room,5.0,5,b,,d,e,a,c,nothing,,rotation,jump,wave,walk
10604,act_108_11,empty_room,5.0,5,b,,d,e,a,c,walk,,jump,wave,lie_down,rotation
10612,act_108_19,empty_room,5.0,5,c,,e,a,b,d,nothing,,rotation,jump,wave,walk
10624,act_108_31,empty_room,5.0,5,d,,a,b,c,e,jump,,lie_down,pick_up,sit_down,wave
10625,act_108_32,empty_room,5.0,5,d,,a,b,c,e,wave,,pick_up,sit_down,stand_up,lie_down
10628,act_108_35,empty_room,5.0,5,d,,a,b,c,e,sit_down,,nothing,walk,rotation,stand_up
10630,act_108_37,empty_room,5.0,5,e,,b,c,d,a,nothing,,rotation,jump,wave,walk
10637,act_108_44,empty_room,5.0,5,e,,b,c,d,a,sit_down,,nothing,walk,rotation,stand_up
10638,act_108_45,empty_room,5.0,5,e,,b,c,d,a,stand_up,,walk,rotation,jump,nothing
10643,act_108_50,empty_room,5.0,5,a,,c,d,e,b,wave,,lie_down,lie_down,pick_up,wave
10648,act_108_55,empty_room,5.0,5,b,,d,e,a,c,nothing,,walk,walk,rotation,nothing
10651,act_108_58,empty_room,5.0,5,b,,d,e,a,c,jump,,wave,wave,lie_down,jump
10654,act_108_61,empty_room,5.0,5,b,,d,e,a,c,pick_up,,sit_down,sit_down,stand_up,pick_up
10656,act_108_63,empty_room,5.0,5,b,,d,e,a,c,stand_up,,nothing,nothing,walk,stand_up
10663,act_108_70,empty_room,5.0,5,c,,e,a,b,d,pick_up,,pick_up,sit_down,sit_down,pick_up
10671,act_108_78,empty_room,5.0,5,d,,a,b,c,e,lie_down,,lie_down,pick_up,pick_up,lie_down
10677,act_108_84,empty_room,5.0,5,e,,b,c,d,a,rotation,,rotation,rotation,jump,rotation
10678,act_108_85,empty_room,5.0,5,e,,b,c,d,a,jump,,jump,jump,wave,jump
10679,act_108_86,empty_room,5.0,5,e,,b,c,d,a,wave,,wave,wave,lie_down,wave
10682,act_108_89,empty_room,5.0,5,e,,b,c,d,a,sit_down,,sit_down,sit_down,stand_up,sit_down
10683,act_108_90,empty_room,5.0,5,e,,b,c,d,a,stand_up,,stand_up,stand_up,nothing,stand_up
10692,act_108_99,empty_room,5.0,5,a,,c,d,e,b,stand_up,,stand_up,stand_up,stand_up,stand_up
10707,act_201_15,classroom,2.4,0,,,,,,,,,,,,
10709,act_201_17,classroom,2.4,0,,,,,,,,,,,,
10711,act_201_19,classroom,2.4,0,,,,,,,,,,,,
10713,act_201_21,classroom,2.4,0,,,,,,,,,,,,
10714,act_201_22,classroom,2.4,0,,,,,,,,,,,,
10717,act_201_25,classroom,2.4,0,,,,,,,,,,,,
10728,act_201_36,classroom,2.4,0,,,,,,,,,,,,
10730,act_201_38,classroom,2.4,0,,,,,,,,,,,,
10731,act_201_39,classroom,2.4,0,,,,,,,,,,,,
10739,act_201_47,classroom,2.4,0,,,,,,,,,,,,
10744,act_201_52,classroom,2.4,0,,,,,,,,,,,,
10749,act_201_57,classroom,2.4,0,,,,,,,,,,,,
10756,act_201_64,classroom,2.4,0,,,,,,,,,,,,
10758,act_201_66,classroom,2.4,0,,,,,,,,,,,,
10764,act_201_72,classroom,2.4,0,,,,,,,,,,,,
10777,act_201_85,classroom,2.4,0,,,,,,,,,,,,
10779,act_201_87,classroom,2.4,0,,,,,,,,,,,,
10785,act_201_93,classroom,2.4,0,,,,,,,,,,,,
10786,act_201_94,classroom,2.4,0,,,,,,,,,,,,
10789,act_201_97,classroom,2.4,0,,,,,,,,,,,,
10793,act_202_2,classroom,5.0,0,,,,,,,,,,,,
10802,act_202_11,classroom,5.0,0,,,,,,,,,,,,
10806,act_202_15,classroom,5.0,0,,,,,,,,,,,,
10814,act_202_23,classroom,5.0,0,,,,,,,,,,,,
10818,act_202_27,classroom,5.0,0,,,,,,,,,,,,
10819,act_202_28,classroom,5.0,0,,,,,,,,,,,,
10822,act_202_31,classroom,5.0,0,,,,,,,,,,,,
10826,act_202_35,classroom,5.0,0,,,,,,,,,,,,
10852,act_202_61,classroom,5.0,0,,,,,,,,,,,,
10853,act_202_62,classroom,5.0,0,,,,,,,,,,,,
10866,act_202_75,classroom,5.0,0,,,,,,,,,,,,
10868,act_202_77,classroom,5.0,0,,,,,,,,,,,,
10875,act_202_84,classroom,5.0,0,,,,,,,,,,,,
10879,act_202_88,classroom,5.0,0,,,,,,,,,,,,
10883,act_202_92,classroom,5.0,0,,,,,,,,,,,,
10885,act_202_94,classroom,5.0,0,,,,,,,,,,,,
10887,act_202_96,classroom,5.0,0,,,,,,,,,,,,
10894,act_203_4,meeting_room,2.4,0,,,,,,,,,,,,
10897,act_203_7,meeting_room,2.4,0,,,,,,,,,,,,
10899,act_203_9,meeting_room,2.4,0,,,,,,,,,,,,
10900,act_203_10,meeting_room,2.4,0,,,,,,,,,,,,
10901,act_203_11,meeting_room,2.4,0,,,,,,,,,,,,
10908,act_203_18,meeting_room,2.4,0,,,,,,,,,,,,
10913,act_203_23,meeting_room,2.4,0,,,,,,,,,,,,
10915,act_203_25,meeting_room,2.4,0,,,,,,,,,,,,
10918,act_203_28,meeting_room,2.4,0,,,,,,,,,,,,
10922,act_203_32,meeting_room,2.4,0,,,,,,,,,,,,
10928,act_203_38,meeting_room,2.4,0,,,,,,,,,,,,
10942,act_203_52,meeting_room,2.4,0,,,,,,,,,,,,
10958,act_203_68,meeting_room,2.4,0,,,,,,,,,,,,
10961,act_203_71,meeting_room,2.4,0,,,,,,,,,,,,
10966,act_203_76,meeting_room,2.4,0,,,,,,,,,,,,
10970,act_203_80,meeting_room,2.4,0,,,,,,,,,,,,
10972,act_203_82,meeting_room,2.4,0,,,,,,,,,,,,
10974,act_203_84,meeting_room,2.4,0,,,,,,,,,,,,
10976,act_203_86,meeting_room,2.4,0,,,,,,,,,,,,
10981,act_203_91,meeting_room,2.4,0,,,,,,,,,,,,
10982,act_203_92,meeting_room,2.4,0,,,,,,,,,,,,
10983,act_203_93,meeting_room,2.4,0,,,,,,,,,,,,
10986,act_203_96,meeting_room,2.4,0,,,,,,,,,,,,
10994,act_204_5,meeting_room,5.0,0,,,,,,,,,,,,
10996,act_204_7,meeting_room,5.0,0,,,,,,,,,,,,
11003,act_204_14,meeting_room,5.0,0,,,,,,,,,,,,
11008,act_204_19,meeting_room,5.0,0,,,,,,,,,,,,
11012,act_204_23,meeting_room,5.0,0,,,,,,,,,,,,
11015,act_204_26,meeting_room,5.0,0,,,,,,,,,,,,
11016,act_204_27,meeting_room,5.0,0,,,,,,,,,,,,
11017,act_204_28,meeting_room,5.0,0,,,,,,,,,,,,
11018,act_204_29,meeting_room,5.0,0,,,,,,,,,,,,
11025,act_204_36,meeting_room,5.0,0,,,,,,,,,,,,
11032,act_204_43,meeting_room,5.0,0,,,,,,,,,,,,
11036,act_204_47,meeting_room,5.0,0,,,,,,,,,,,,
11041,act_204_52,meeting_room,5.0,0,,,,,,,,,,,,
11047,act_204_58,meeting_room,5.0,0,,,,,,,,,,,,
11056,act_204_67,meeting_room,5.0,0,,,,,,,,,,,,
11057,act_204_68,meeting_room,5.0,0,,,,,,,,,,,,
11064,act_204_75,meeting_room,5.0,0,,,,,,,,,,,,
11073,act_204_84,meeting_room,5.0,0,,,,,,,,,,,,
11077,act_204_88,meeting_room,5.0,0,,,,,,,,,,,,
11081,act_204_92,meeting_room,5.0,0,,,,,,,,,,,,
11083,act_204_94,meeting_room,5.0,0,,,,,,,,,,,,
11085,act_204_96,meeting_room,5.0,0,,,,,,,,,,,,
11094,act_205_6,empty_room,2.4,0,,,,,,,,,,,,
11097,act_205_9,empty_room,2.4,0,,,,,,,,,,,,
11105,act_205_17,empty_room,2.4,0,,,,,,,,,,,,
11109,act_205_21,empty_room,2.4,0,,,,,,,,,,,,
11112,act_205_24,empty_room,2.4,0,,,,,,,,,,,,
11114,act_205_26,empty_room,2.4,0,,,,,,,,,,,,
11115,act_205_27,empty_room,2.4,0,,,,,,,,,,,,
11118,act_205_30,empty_room,2.4,0,,,,,,,,,,,,
11121,act_205_33,empty_room,2.4,0,,,,,,,,,,,,
11127,act_205_39,empty_room,2.4,0,,,,,,,,,,,,
11136,act_205_48,empty_room,2.4,0,,,,,,,,,,,,
11148,act_205_60,empty_room,2.4,0,,,,,,,,,,,,
11152,act_205_64,empty_room,2.4,0,,,,,,,,,,,,
11162,act_205_74,empty_room,2.4,0,,,,,,,,,,,,
11166,act_205_78,empty_room,2.4,0,,,,,,,,,,,,
11175,act_205_87,empty_room,2.4,0,,,,,,,,,,,,
11184,act_205_96,empty_room,2.4,0,,,,,,,,,,,,
11191,act_206_4,empty_room,5.0,0,,,,,,,,,,,,
11206,act_206_19,empty_room,5.0,0,,,,,,,,,,,,
11208,act_206_21,empty_room,5.0,0,,,,,,,,,,,,
11213,act_206_26,empty_room,5.0,0,,,,,,,,,,,,
11222,act_206_35,empty_room,5.0,0,,,,,,,,,,,,
11225,act_206_38,empty_room,5.0,0,,,,,,,,,,,,
11227,act_206_40,empty_room,5.0,0,,,,,,,,,,,,
11228,act_206_41,empty_room,5.0,0,,,,,,,,,,,,
11229,act_206_42,empty_room,5.0,0,,,,,,,,,,,,
11231,act_206_44,empty_room,5.0,0,,,,,,,,,,,,
11232,act_206_45,empty_room,5.0,0,,,,,,,,,,,,
11235,act_206_48,empty_room,5.0,0,,,,,,,,,,,,
11237,act_206_50,empty_room,5.0,0,,,,,,,,,,,,
11253,act_206_66,empty_room,5.0,0,,,,,,,,,,,,
11261,act_206_74,empty_room,5.0,0,,,,,,,,,,,,
11262,act_206_75,empty_room,5.0,0,,,,,,,,,,,,
11266,act_206_79,empty_room,5.0,0,,,,,,,,,,,,
11267,act_206_80,empty_room,5.0,0,,,,,,,,,,,,
11268,act_206_81,empty_room,5.0,0,,,,,,,,,,,,
11269,act_206_82,empty_room,5.0,0,,,,,,,,,,,,
11271,act_206_84,empty_room,5.0,0,,,,,,,,,,,,
11272,act_206_85,empty_room,5.0,0,,,,,,,,,,,,
11274,act_206_87,empty_room,5.0,0,,,,,,,,,,,,
11277,act_206_90,empty_room,5.0,0,,,,,,,,,,,,
11284,act_206_97,empty_room,5.0,0,,,,,,,,,,,,
